record_id,city,cmhc_centre,neighbourhood,bedroom_type,unit_type,monthly_rent,cmhc_avg_rent_2br_2025,vacancy_rate_2025,turnover_rate_2025,rent_change_pct_2024_2025,latitude,longitude,record_type,source_category,source_reference,vacancy_quality_code,rent_quality_code
CMHC-0001,Barrie,Barrie,Barrie,2 Bedroom,Apartment,1755,1755,4.3,12.8,4.3,44.3894,-79.6903,CMHC aggregate baseline,Official CMHC value,"CMHC Rental Market Survey, Canada, 2025; Table 1.0",b,a
CMHC-0002,Belleville,Belleville - Quinte West,Belleville - Quinte West,2 Bedroom,Apartment,1484,1484,3.4,16.9,,44.1628,-77.3832,CMHC aggregate baseline,Official CMHC value,"CMHC Rental Market Survey, Canada, 2025; Table 1.0",c,a
CMHC-0003,Brantford,Brantford,Brantford,2 Bedroom,Apartment,1619,1619,3.5,14.5,,43.1394,-80.2644,CMHC aggregate baseline,Official CMHC value,"CMHC Rental Market Survey, Canada, 2025; Table 1.0",c,a
CMHC-0004,Guelph,Guelph,Guelph,2 Bedroom,Apartment,1802,1802,3.1,15.1,4.6,43.5448,-80.2482,CMHC aggregate baseline,Official CMHC value,"CMHC Rental Market Survey, Canada, 2025; Table 1.0",b,a
CMHC-0005,Hamilton,Hamilton,Hamilton,2 Bedroom,Apartment,1656,1656,3.6,13.1,1.6,43.2557,-79.8711,CMHC aggregate baseline,Official CMHC value,"CMHC Rental Market Survey, Canada, 2025; Table 1.0",a,a
CMHC-0006,Kingston,Kingston,Kingston,2 Bedroom,Apartment,1764,1764,2.4,17.3,2.4,44.2312,-76.486,CMHC aggregate baseline,Official CMHC value,"CMHC Rental Market Survey, Canada, 2025; Table 1.0",a,a
CMHC-0007,Kitchener-Waterloo,Kitchener-Cambridge-Waterloo,Kitchener-Cambridge-Waterloo,2 Bedroom,Apartment,1832,1832,4.1,16.1,3.3,43.4516,-80.4925,CMHC aggregate baseline,Official CMHC value,"CMHC Rental Market Survey, Canada, 2025; Table 1.0",b,a
CMHC-0008,London,London,London,2 Bedroom,Apartment,1651,1651,4,15.1,4.1,42.9849,-81.2453,CMHC aggregate baseline,Official CMHC value,"CMHC Rental Market Survey, Canada, 2025; Table 1.0",a,a
CMHC-0009,St. Catharines,St. Catharines-Niagara,St. Catharines-Niagara,2 Bedroom,Apartment,1527,1527,3.9,12.8,5.5,43.1594,-79.2469,CMHC aggregate baseline,Official CMHC value,"CMHC Rental Market Survey, Canada, 2025; Table 1.0",b,a
CMHC-0010,Oshawa,Oshawa,Oshawa,2 Bedroom,Apartment,1754,1754,3.7,4.8,,43.8971,-78.8658,CMHC aggregate baseline,Official CMHC value,"CMHC Rental Market Survey, Canada, 2025; Table 1.0",b,a
CMHC-0011,Ottawa,Ottawa-Gatineau,Ottawa-Gatineau,2 Bedroom,Apartment,1926,1926,3,15.4,3.4,45.4215,-75.6972,CMHC aggregate baseline,Official CMHC value,"CMHC Rental Market Survey, Canada, 2025; Table 1.0",b,a
CMHC-0012,Peterborough,Peterborough,Peterborough,2 Bedroom,Apartment,1518,1518,3.1,8.4,,44.3091,-78.3197,CMHC aggregate baseline,Official CMHC value,"CMHC Rental Market Survey, Canada, 2025; Table 1.0",b,a
CMHC-0013,Greater Sudbury,Greater Sudbury,Greater Sudbury,2 Bedroom,Apartment,1558,1558,1.2,6.6,,46.4917,-80.993,CMHC aggregate baseline,Official CMHC value,"CMHC Rental Market Survey, Canada, 2025; Table 1.0",a,a
CMHC-0014,Thunder Bay,Thunder Bay,Thunder Bay,2 Bedroom,Apartment,1495,1495,4,3.4,6.8,48.3809,-89.2477,CMHC aggregate baseline,Official CMHC value,"CMHC Rental Market Survey, Canada, 2025; Table 1.0",b,a
CMHC-0015,Toronto,Toronto,Toronto,2 Bedroom,Apartment,2046,2046,3,8.7,3.4,43.6532,-79.3832,CMHC aggregate baseline,Official CMHC value,"CMHC Rental Market Survey, Canada, 2025; Table 1.0",a,a
CMHC-0016,Windsor,Windsor,Windsor,2 Bedroom,Apartment,1454,1454,3.7,12.2,3.6,42.3149,-83.0364,CMHC aggregate baseline,Official CMHC value,"CMHC Rental Market Survey, Canada, 2025; Table 1.0",b,a
SYN-0017,Guelph,Guelph CMA,Guelph area 09,Studio,Apartment,1225,1802,3.1,15.1,4.6,43.465299,-80.181794,Synthetic candidate record,Derived from CMHC baseline,"CMHC Rental Market Survey, Canada, 2025; Table 1.0",b,a
SYN-0018,Brantford,Brantford CMA,Brantford area 09,2 Bedroom,Apartment,1685,1619,3.5,14.5,,43.045359,-80.341518,Synthetic candidate record,Derived from CMHC baseline,"CMHC Rental Market Survey, Canada, 2025; Table 1.0",c,a
SYN-0019,Barrie,Barrie CMA,Barrie area 03,2 Bedroom,Townhouse,1930,1755,4.3,12.8,4.3,44.451286,-79.828419,Synthetic candidate record,Derived from CMHC baseline,"CMHC Rental Market Survey, Canada, 2025; Table 1.0",b,a
SYN-0020,Thunder Bay,Thunder Bay CMA,Thunder Bay area 02,1 Bedroom,Apartment,1345,1495,4,3.4,6.8,48.323963,-89.168355,Synthetic candidate record,Derived from CMHC baseline,"CMHC Rental Market Survey, Canada, 2025; Table 1.0",b,a
SYN-0021,Brantford,Brantford CMA,Brantford area 09,1 Bedroom,Apartment,1405,1619,3.5,14.5,,43.200826,-80.201433,Synthetic candidate record,Derived from CMHC baseline,"CMHC Rental Market Survey, Canada, 2025; Table 1.0",c,a
SYN-0022,Guelph,Guelph CMA,Guelph area 11,3 Bedroom,Townhouse,2195,1802,3.1,15.1,4.6,43.46056,-80.305267,Synthetic candidate record,Derived from CMHC baseline,"CMHC Rental Market Survey, Canada, 2025; Table 1.0",b,a
SYN-0023,Peterborough,Peterborough CMA,Peterborough area 04,2 Bedroom,Apartment,1595,1518,3.1,8.4,,44.266978,-78.437145,Synthetic candidate record,Derived from CMHC baseline,"CMHC Rental Market Survey, Canada, 2025; Table 1.0",b,a
SYN-0024,Guelph,Guelph CMA,Guelph area 06,1 Bedroom,Townhouse,1620,1802,3.1,15.1,4.6,43.571937,-80.285496,Synthetic candidate record,Derived from CMHC baseline,"CMHC Rental Market Survey, Canada, 2025; Table 1.0",b,a
SYN-0025,Peterborough,Peterborough CMA,Peterborough area 09,1 Bedroom,Apartment,1205,1518,3.1,8.4,,44.223381,-78.281975,Synthetic candidate record,Derived from CMHC baseline,"CMHC Rental Market Survey, Canada, 2025; Table 1.0",b,a
SYN-0026,London,London CMA,London area 12,1 Bedroom,Townhouse,1305,1651,4,15.1,4.1,42.93889,-81.128999,Synthetic candidate record,Derived from CMHC baseline,"CMHC Rental Market Survey, Canada, 2025; Table 1.0",a,a
SYN-0027,London,London CMA,London area 04,2 Bedroom,Apartment,1655,1651,4,15.1,4.1,42.947991,-81.308799,Synthetic candidate record,Derived from CMHC baseline,"CMHC Rental Market Survey, Canada, 2025; Table 1.0",a,a
SYN-0028,Ottawa,Ottawa-Gatineau CMA (Ont. part),Ottawa area 08,1 Bedroom,Townhouse,1740,1926,3,15.4,3.4,45.400626,-75.579076,Synthetic candidate record,Derived from CMHC baseline,"CMHC Rental Market Survey, Canada, 2025; Table 1.0",b,a
SYN-0029,Hamilton,Hamilton CMA,Hamilton area 10,1 Bedroom,Apartment,1355,1656,3.6,13.1,1.6,43.305103,-79.890753,Synthetic candidate record,Derived from CMHC baseline,"CMHC Rental Market Survey, Canada, 2025; Table 1.0",a,a
SYN-0030,Greater Sudbury,Greater Sudbury/Grand Sudbury CMA,Greater Sudbury area 01,1 Bedroom,Apartment,1160,1558,1.2,6.6,,46.493605,-81.111842,Synthetic candidate record,Derived from CMHC baseline,"CMHC Rental Market Survey, Canada, 2025; Table 1.0",a,a
SYN-0031,Guelph,Guelph CMA,Guelph area 08,1 Bedroom,Apartment,1510,1802,3.1,15.1,4.6,43.457506,-80.280864,Synthetic candidate record,Derived from CMHC baseline,"CMHC Rental Market Survey, Canada, 2025; Table 1.0",b,a
SYN-0032,St. Catharines,St. Catharines-Niagara CMA,St. Catharines area 09,3 Bedroom,Apartment,1735,1527,3.9,12.8,5.5,43.195457,-79.352581,Synthetic candidate record,Derived from CMHC baseline,"CMHC Rental Market Survey, Canada, 2025; Table 1.0",b,a
SYN-0033,St. Catharines,St. Catharines-Niagara CMA,St. Catharines area 12,2 Bedroom,Apartment,1620,1527,3.9,12.8,5.5,43.150145,-79.122474,Synthetic candidate record,Derived from CMHC baseline,"CMHC Rental Market Survey, Canada, 2025; Table 1.0",b,a
SYN-0034,St. Catharines,St. Catharines-Niagara CMA,St. Catharines area 11,3 Bedroom,Apartment,1975,1527,3.9,12.8,5.5,43.160936,-79.354813,Synthetic candidate record,Derived from CMHC baseline,"CMHC Rental Market Survey, Canada, 2025; Table 1.0",b,a
SYN-0035,Oshawa,Oshawa CMA,Oshawa area 09,2 Bedroom,Apartment,1880,1754,3.7,4.8,,43.904976,-78.788467,Synthetic candidate record,Derived from CMHC baseline,"CMHC Rental Market Survey, Canada, 2025; Table 1.0",b,a
SYN-0036,Barrie,Barrie CMA,Barrie area 05,2 Bedroom,Townhouse,2095,1755,4.3,12.8,4.3,44.293295,-79.570206,Synthetic candidate record,Derived from CMHC baseline,"CMHC Rental Market Survey, Canada, 2025; Table 1.0",b,a
SYN-0037,London,London CMA,London area 03,Studio,Apartment,1205,1651,4,15.1,4.1,42.898743,-81.174052,Synthetic candidate record,Derived from CMHC baseline,"CMHC Rental Market Survey, Canada, 2025; Table 1.0",a,a
SYN-0038,Hamilton,Hamilton CMA,Hamilton area 07,2 Bedroom,Apartment,1730,1656,3.6,13.1,1.6,43.208711,-79.768826,Synthetic candidate record,Derived from CMHC baseline,"CMHC Rental Market Survey, Canada, 2025; Table 1.0",a,a
SYN-0039,Kitchener-Waterloo,Kitchener-Cambridge-Waterloo CMA,Kitchener-Waterloo area 09,3 Bedroom,Apartment,2215,1832,4.1,16.1,3.3,43.485937,-80.527373,Synthetic candidate record,Derived from CMHC baseline,"CMHC Rental Market Survey, Canada, 2025; Table 1.0",b,a
SYN-0040,Toronto,Toronto CMA,Toronto area 09,1 Bedroom,Apartment,1555,2046,3,8.7,3.4,43.566005,-79.515597,Synthetic candidate record,Derived from CMHC baseline,"CMHC Rental Market Survey, Canada, 2025; Table 1.0",a,a
SYN-0041,London,London CMA,London area 06,2 Bedroom,Apartment,1810,1651,4,15.1,4.1,42.930688,-81.134459,Synthetic candidate record,Derived from CMHC baseline,"CMHC Rental Market Survey, Canada, 2025; Table 1.0",a,a
SYN-0042,Brantford,Brantford CMA,Brantford area 03,2 Bedroom,Apartment,1695,1619,3.5,14.5,,43.173196,-80.342724,Synthetic candidate record,Derived from CMHC baseline,"CMHC Rental Market Survey, Canada, 2025; Table 1.0",c,a
SYN-0043,Windsor,Windsor CMA,Windsor area 07,1 Bedroom,Townhouse,1310,1454,3.7,12.2,3.6,42.234286,-83.055049,Synthetic candidate record,Derived from CMHC baseline,"CMHC Rental Market Survey, Canada, 2025; Table 1.0",b,a
SYN-0044,Thunder Bay,Thunder Bay CMA,Thunder Bay area 02,1 Bedroom,Apartment,1170,1495,4,3.4,6.8,48.415573,-89.101906,Synthetic candidate record,Derived from CMHC baseline,"CMHC Rental Market Survey, Canada, 2025; Table 1.0",b,a
SYN-0045,Belleville,Belleville - Quinte West CMA,Belleville area 03,1 Bedroom,Apartment,1230,1484,3.4,16.9,,44.101118,-77.373084,Synthetic candidate record,Derived from CMHC baseline,"CMHC Rental Market Survey, Canada, 2025; Table 1.0",c,a
SYN-0046,Thunder Bay,Thunder Bay CMA,Thunder Bay area 08,1 Bedroom,Townhouse,1280,1495,4,3.4,6.8,48.330861,-89.120244,Synthetic candidate record,Derived from CMHC baseline,"CMHC Rental Market Survey, Canada, 2025; Table 1.0",b,a
SYN-0047,Guelph,Guelph CMA,Guelph area 08,Studio,Apartment,1430,1802,3.1,15.1,4.6,43.614539,-80.340273,Synthetic candidate record,Derived from CMHC baseline,"CMHC Rental Market Survey, Canada, 2025; Table 1.0",b,a
SYN-0048,Windsor,Windsor CMA,Windsor area 01,1 Bedroom,Townhouse,1245,1454,3.7,12.2,3.6,42.395389,-83.127105,Synthetic candidate record,Derived from CMHC baseline,"CMHC Rental Market Survey, Canada, 2025; Table 1.0",b,a
SYN-0049,Greater Sudbury,Greater Sudbury/Grand Sudbury CMA,Greater Sudbury area 11,1 Bedroom,Townhouse,1345,1558,1.2,6.6,,46.537801,-80.910682,Synthetic candidate record,Derived from CMHC baseline,"CMHC Rental Market Survey, Canada, 2025; Table 1.0",a,a
SYN-0050,Windsor,Windsor CMA,Windsor area 12,1 Bedroom,Apartment,1325,1454,3.7,12.2,3.6,42.25844,-83.155817,Synthetic candidate record,Derived from CMHC baseline,"CMHC Rental Market Survey, Canada, 2025; Table 1.0",b,a
SYN-0051,Belleville,Belleville - Quinte West CMA,Belleville area 01,2 Bedroom,Apartment,1605,1484,3.4,16.9,,44.246677,-77.374522,Synthetic candidate record,Derived from CMHC baseline,"CMHC Rental Market Survey, Canada, 2025; Table 1.0",c,a
SYN-0052,Brantford,Brantford CMA,Brantford area 04,2 Bedroom,Apartment,1660,1619,3.5,14.5,,43.158407,-80.216376,Synthetic candidate record,Derived from CMHC baseline,"CMHC Rental Market Survey, Canada, 2025; Table 1.0",c,a
SYN-0053,Greater Sudbury,Greater Sudbury/Grand Sudbury CMA,Greater Sudbury area 10,Studio,Apartment,1040,1558,1.2,6.6,,46.408097,-80.947283,Synthetic candidate record,Derived from CMHC baseline,"CMHC Rental Market Survey, Canada, 2025; Table 1.0",a,a
SYN-0054,Ottawa,Ottawa-Gatineau CMA (Ont. part),Ottawa area 05,3 Bedroom,Apartment,2345,1926,3,15.4,3.4,45.455445,-75.750148,Synthetic candidate record,Derived from CMHC baseline,"CMHC Rental Market Survey, Canada, 2025; Table 1.0",b,a
SYN-0055,Greater Sudbury,Greater Sudbury/Grand Sudbury CMA,Greater Sudbury area 10,1 Bedroom,Apartment,1065,1558,1.2,6.6,,46.578847,-81.135546,Synthetic candidate record,Derived from CMHC baseline,"CMHC Rental Market Survey, Canada, 2025; Table 1.0",a,a
SYN-0056,Guelph,Guelph CMA,Guelph area 06,Studio,Apartment,1280,1802,3.1,15.1,4.6,43.545977,-80.349614,Synthetic candidate record,Derived from CMHC baseline,"CMHC Rental Market Survey, Canada, 2025; Table 1.0",b,a
SYN-0057,Brantford,Brantford CMA,Brantford area 11,3 Bedroom,Apartment,1955,1619,3.5,14.5,,43.148044,-80.318528,Synthetic candidate record,Derived from CMHC baseline,"CMHC Rental Market Survey, Canada, 2025; Table 1.0",c,a
SYN-0058,Barrie,Barrie CMA,Barrie area 03,2 Bedroom,Apartment,1895,1755,4.3,12.8,4.3,44.475751,-79.801247,Synthetic candidate record,Derived from CMHC baseline,"CMHC Rental Market Survey, Canada, 2025; Table 1.0",b,a
SYN-0059,St. Catharines,St. Catharines-Niagara CMA,St. Catharines area 06,Studio,Apartment,1035,1527,3.9,12.8,5.5,43.115751,-79.326239,Synthetic candidate record,Derived from CMHC baseline,"CMHC Rental Market Survey, Canada, 2025; Table 1.0",b,a
SYN-0060,Kitchener-Waterloo,Kitchener-Cambridge-Waterloo CMA,Kitchener-Waterloo area 01,2 Bedroom,Apartment,1750,1832,4.1,16.1,3.3,43.452682,-80.561066,Synthetic candidate record,Derived from CMHC baseline,"CMHC Rental Market Survey, Canada, 2025; Table 1.0",b,a
SYN-0061,Brantford,Brantford CMA,Brantford area 03,2 Bedroom,Apartment,1725,1619,3.5,14.5,,43.065564,-80.132893,Synthetic candidate record,Derived from CMHC baseline,"CMHC Rental Market Survey, Canada, 2025; Table 1.0",c,a
SYN-0062,Toronto,Toronto CMA,Toronto area 12,2 Bedroom,Townhouse,2250,2046,3,8.7,3.4,43.665381,-79.490487,Synthetic candidate record,Derived from CMHC baseline,"CMHC Rental Market Survey, Canada, 2025; Table 1.0",a,a
SYN-0063,Hamilton,Hamilton CMA,Hamilton area 01,2 Bedroom,Apartment,1595,1656,3.6,13.1,1.6,43.181189,-79.923754,Synthetic candidate record,Derived from CMHC baseline,"CMHC Rental Market Survey, Canada, 2025; Table 1.0",a,a
SYN-0064,Peterborough,Peterborough CMA,Peterborough area 09,1 Bedroom,Apartment,1220,1518,3.1,8.4,,44.342487,-78.360596,Synthetic candidate record,Derived from CMHC baseline,"CMHC Rental Market Survey, Canada, 2025; Table 1.0",b,a
SYN-0065,Thunder Bay,Thunder Bay CMA,Thunder Bay area 03,3 Bedroom,Apartment,1930,1495,4,3.4,6.8,48.3134,-89.157396,Synthetic candidate record,Derived from CMHC baseline,"CMHC Rental Market Survey, Canada, 2025; Table 1.0",b,a
SYN-0066,Thunder Bay,Thunder Bay CMA,Thunder Bay area 11,Studio,Apartment,990,1495,4,3.4,6.8,48.437377,-89.274285,Synthetic candidate record,Derived from CMHC baseline,"CMHC Rental Market Survey, Canada, 2025; Table 1.0",b,a
SYN-0067,London,London CMA,London area 08,1 Bedroom,Apartment,1335,1651,4,15.1,4.1,42.979038,-81.327436,Synthetic candidate record,Derived from CMHC baseline,"CMHC Rental Market Survey, Canada, 2025; Table 1.0",a,a
SYN-0068,Peterborough,Peterborough CMA,Peterborough area 07,1 Bedroom,Apartment,1260,1518,3.1,8.4,,44.253685,-78.274972,Synthetic candidate record,Derived from CMHC baseline,"CMHC Rental Market Survey, Canada, 2025; Table 1.0",b,a
SYN-0069,Ottawa,Ottawa-Gatineau CMA (Ont. part),Ottawa area 09,1 Bedroom,Apartment,1675,1926,3,15.4,3.4,45.449796,-75.725786,Synthetic candidate record,Derived from CMHC baseline,"CMHC Rental Market Survey, Canada, 2025; Table 1.0",b,a
SYN-0070,Ottawa,Ottawa-Gatineau CMA (Ont. part),Ottawa area 10,3 Bedroom,Apartment,2340,1926,3,15.4,3.4,45.496908,-75.765241,Synthetic candidate record,Derived from CMHC baseline,"CMHC Rental Market Survey, Canada, 2025; Table 1.0",b,a
SYN-0071,St. Catharines,St. Catharines-Niagara CMA,St. Catharines area 02,Studio,Townhouse,1040,1527,3.9,12.8,5.5,43.146679,-79.114133,Synthetic candidate record,Derived from CMHC baseline,"CMHC Rental Market Survey, Canada, 2025; Table 1.0",b,a
SYN-0072,Greater Sudbury,Greater Sudbury/Grand Sudbury CMA,Greater Sudbury area 01,3 Bedroom,Apartment,2125,1558,1.2,6.6,,46.442645,-80.932347,Synthetic candidate record,Derived from CMHC baseline,"CMHC Rental Market Survey, Canada, 2025; Table 1.0",a,a
SYN-0073,Kitchener-Waterloo,Kitchener-Cambridge-Waterloo CMA,Kitchener-Waterloo area 02,1 Bedroom,Apartment,1745,1832,4.1,16.1,3.3,43.476231,-80.447487,Synthetic candidate record,Derived from CMHC baseline,"CMHC Rental Market Survey, Canada, 2025; Table 1.0",b,a
SYN-0074,Oshawa,Oshawa CMA,Oshawa area 09,2 Bedroom,Townhouse,1795,1754,3.7,4.8,,43.862337,-78.811064,Synthetic candidate record,Derived from CMHC baseline,"CMHC Rental Market Survey, Canada, 2025; Table 1.0",b,a
SYN-0075,Hamilton,Hamilton CMA,Hamilton area 09,1 Bedroom,Townhouse,1360,1656,3.6,13.1,1.6,43.278803,-79.925761,Synthetic candidate record,Derived from CMHC baseline,"CMHC Rental Market Survey, Canada, 2025; Table 1.0",a,a
SYN-0076,Barrie,Barrie CMA,Barrie area 11,1 Bedroom,Apartment,1230,1755,4.3,12.8,4.3,44.375378,-79.667914,Synthetic candidate record,Derived from CMHC baseline,"CMHC Rental Market Survey, Canada, 2025; Table 1.0",b,a
SYN-0077,Ottawa,Ottawa-Gatineau CMA (Ont. part),Ottawa area 12,1 Bedroom,Townhouse,1635,1926,3,15.4,3.4,45.480247,-75.566172,Synthetic candidate record,Derived from CMHC baseline,"CMHC Rental Market Survey, Canada, 2025; Table 1.0",b,a
SYN-0078,Kingston,Kingston CMA,Kingston area 06,2 Bedroom,Apartment,1625,1764,2.4,17.3,2.4,44.23429,-76.448893,Synthetic candidate record,Derived from CMHC baseline,"CMHC Rental Market Survey, Canada, 2025; Table 1.0",a,a
SYN-0079,Brantford,Brantford CMA,Brantford area 04,2 Bedroom,Apartment,1580,1619,3.5,14.5,,43.079226,-80.394749,Synthetic candidate record,Derived from CMHC baseline,"CMHC Rental Market Survey, Canada, 2025; Table 1.0",c,a
SYN-0080,Windsor,Windsor CMA,Windsor area 10,2 Bedroom,Apartment,1385,1454,3.7,12.2,3.6,42.305983,-82.931962,Synthetic candidate record,Derived from CMHC baseline,"CMHC Rental Market Survey, Canada, 2025; Table 1.0",b,a
SYN-0081,Kitchener-Waterloo,Kitchener-Cambridge-Waterloo CMA,Kitchener-Waterloo area 02,2 Bedroom,Townhouse,1870,1832,4.1,16.1,3.3,43.482812,-80.628722,Synthetic candidate record,Derived from CMHC baseline,"CMHC Rental Market Survey, Canada, 2025; Table 1.0",b,a
SYN-0082,Thunder Bay,Thunder Bay CMA,Thunder Bay area 02,1 Bedroom,Townhouse,1325,1495,4,3.4,6.8,48.290944,-89.323223,Synthetic candidate record,Derived from CMHC baseline,"CMHC Rental Market Survey, Canada, 2025; Table 1.0",b,a
SYN-0083,Toronto,Toronto CMA,Toronto area 08,1 Bedroom,Townhouse,1610,2046,3,8.7,3.4,43.67229,-79.258799,Synthetic candidate record,Derived from CMHC baseline,"CMHC Rental Market Survey, Canada, 2025; Table 1.0",a,a
SYN-0084,Thunder Bay,Thunder Bay CMA,Thunder Bay area 08,2 Bedroom,Townhouse,1300,1495,4,3.4,6.8,48.460342,-89.174329,Synthetic candidate record,Derived from CMHC baseline,"CMHC Rental Market Survey, Canada, 2025; Table 1.0",b,a
SYN-0085,Toronto,Toronto CMA,Toronto area 04,1 Bedroom,Apartment,1730,2046,3,8.7,3.4,43.708735,-79.387458,Synthetic candidate record,Derived from CMHC baseline,"CMHC Rental Market Survey, Canada, 2025; Table 1.0",a,a
SYN-0086,St. Catharines,St. Catharines-Niagara CMA,St. Catharines area 09,1 Bedroom,Apartment,1190,1527,3.9,12.8,5.5,43.106299,-79.291907,Synthetic candidate record,Derived from CMHC baseline,"CMHC Rental Market Survey, Canada, 2025; Table 1.0",b,a
SYN-0087,Brantford,Brantford CMA,Brantford area 06,1 Bedroom,Apartment,1285,1619,3.5,14.5,,43.082191,-80.287734,Synthetic candidate record,Derived from CMHC baseline,"CMHC Rental Market Survey, Canada, 2025; Table 1.0",c,a
SYN-0088,Toronto,Toronto CMA,Toronto area 10,1 Bedroom,Apartment,1725,2046,3,8.7,3.4,43.719778,-79.413751,Synthetic candidate record,Derived from CMHC baseline,"CMHC Rental Market Survey, Canada, 2025; Table 1.0",a,a
SYN-0089,Barrie,Barrie CMA,Barrie area 07,2 Bedroom,Townhouse,1560,1755,4.3,12.8,4.3,44.349123,-79.72109,Synthetic candidate record,Derived from CMHC baseline,"CMHC Rental Market Survey, Canada, 2025; Table 1.0",b,a
SYN-0090,London,London CMA,London area 06,1 Bedroom,Apartment,1390,1651,4,15.1,4.1,42.972067,-81.374064,Synthetic candidate record,Derived from CMHC baseline,"CMHC Rental Market Survey, Canada, 2025; Table 1.0",a,a
SYN-0091,Greater Sudbury,Greater Sudbury/Grand Sudbury CMA,Greater Sudbury area 10,2 Bedroom,Townhouse,1995,1558,1.2,6.6,,46.498525,-80.874786,Synthetic candidate record,Derived from CMHC baseline,"CMHC Rental Market Survey, Canada, 2025; Table 1.0",a,a
SYN-0092,Barrie,Barrie CMA,Barrie area 01,Studio,Townhouse,1155,1755,4.3,12.8,4.3,44.31654,-79.70102,Synthetic candidate record,Derived from CMHC baseline,"CMHC Rental Market Survey, Canada, 2025; Table 1.0",b,a
SYN-0093,St. Catharines,St. Catharines-Niagara CMA,St. Catharines area 07,1 Bedroom,Apartment,1170,1527,3.9,12.8,5.5,43.235328,-79.307697,Synthetic candidate record,Derived from CMHC baseline,"CMHC Rental Market Survey, Canada, 2025; Table 1.0",b,a
SYN-0094,St. Catharines,St. Catharines-Niagara CMA,St. Catharines area 06,2 Bedroom,Townhouse,1680,1527,3.9,12.8,5.5,43.063277,-79.236092,Synthetic candidate record,Derived from CMHC baseline,"CMHC Rental Market Survey, Canada, 2025; Table 1.0",b,a
SYN-0095,London,London CMA,London area 03,2 Bedroom,Apartment,1660,1651,4,15.1,4.1,42.924772,-81.376427,Synthetic candidate record,Derived from CMHC baseline,"CMHC Rental Market Survey, Canada, 2025; Table 1.0",a,a
SYN-0096,London,London CMA,London area 12,1 Bedroom,Apartment,1105,1651,4,15.1,4.1,42.997694,-81.322408,Synthetic candidate record,Derived from CMHC baseline,"CMHC Rental Market Survey, Canada, 2025; Table 1.0",a,a
SYN-0097,St. Catharines,St. Catharines-Niagara CMA,St. Catharines area 03,2 Bedroom,Apartment,1295,1527,3.9,12.8,5.5,43.203071,-79.170736,Synthetic candidate record,Derived from CMHC baseline,"CMHC Rental Market Survey, Canada, 2025; Table 1.0",b,a
SYN-0098,Oshawa,Oshawa CMA,Oshawa area 07,Studio,Apartment,1050,1754,3.7,4.8,,43.982877,-78.844762,Synthetic candidate record,Derived from CMHC baseline,"CMHC Rental Market Survey, Canada, 2025; Table 1.0",b,a
SYN-0099,Greater Sudbury,Greater Sudbury/Grand Sudbury CMA,Greater Sudbury area 05,3 Bedroom,Apartment,2110,1558,1.2,6.6,,46.517148,-81.108649,Synthetic candidate record,Derived from CMHC baseline,"CMHC Rental Market Survey, Canada, 2025; Table 1.0",a,a
SYN-0100,Guelph,Guelph CMA,Guelph area 06,2 Bedroom,Apartment,1895,1802,3.1,15.1,4.6,43.514241,-80.267962,Synthetic candidate record,Derived from CMHC baseline,"CMHC Rental Market Survey, Canada, 2025; Table 1.0",b,a
SYN-0101,Brantford,Brantford CMA,Brantford area 06,2 Bedroom,Apartment,1745,1619,3.5,14.5,,43.13744,-80.28262,Synthetic candidate record,Derived from CMHC baseline,"CMHC Rental Market Survey, Canada, 2025; Table 1.0",c,a
SYN-0102,Toronto,Toronto CMA,Toronto area 11,2 Bedroom,Townhouse,2225,2046,3,8.7,3.4,43.588427,-79.377189,Synthetic candidate record,Derived from CMHC baseline,"CMHC Rental Market Survey, Canada, 2025; Table 1.0",a,a
SYN-0103,St. Catharines,St. Catharines-Niagara CMA,St. Catharines area 04,2 Bedroom,Townhouse,1425,1527,3.9,12.8,5.5,43.177895,-79.29562,Synthetic candidate record,Derived from CMHC baseline,"CMHC Rental Market Survey, Canada, 2025; Table 1.0",b,a
SYN-0104,Brantford,Brantford CMA,Brantford area 10,1 Bedroom,Townhouse,1480,1619,3.5,14.5,,43.088173,-80.274073,Synthetic candidate record,Derived from CMHC baseline,"CMHC Rental Market Survey, Canada, 2025; Table 1.0",c,a
SYN-0105,Greater Sudbury,Greater Sudbury/Grand Sudbury CMA,Greater Sudbury area 06,1 Bedroom,Townhouse,1420,1558,1.2,6.6,,46.434124,-80.906479,Synthetic candidate record,Derived from CMHC baseline,"CMHC Rental Market Survey, Canada, 2025; Table 1.0",a,a
SYN-0106,St. Catharines,St. Catharines-Niagara CMA,St. Catharines area 04,3 Bedroom,Apartment,1805,1527,3.9,12.8,5.5,43.170558,-79.242341,Synthetic candidate record,Derived from CMHC baseline,"CMHC Rental Market Survey, Canada, 2025; Table 1.0",b,a
SYN-0107,Brantford,Brantford CMA,Brantford area 08,1 Bedroom,Townhouse,1255,1619,3.5,14.5,,43.177522,-80.22441,Synthetic candidate record,Derived from CMHC baseline,"CMHC Rental Market Survey, Canada, 2025; Table 1.0",c,a
SYN-0108,Toronto,Toronto CMA,Toronto area 04,2 Bedroom,Apartment,2065,2046,3,8.7,3.4,43.612047,-79.409626,Synthetic candidate record,Derived from CMHC baseline,"CMHC Rental Market Survey, Canada, 2025; Table 1.0",a,a
SYN-0109,Oshawa,Oshawa CMA,Oshawa area 06,2 Bedroom,Apartment,1595,1754,3.7,4.8,,43.882201,-78.79754,Synthetic candidate record,Derived from CMHC baseline,"CMHC Rental Market Survey, Canada, 2025; Table 1.0",b,a
SYN-0110,Peterborough,Peterborough CMA,Peterborough area 12,2 Bedroom,Apartment,1540,1518,3.1,8.4,,44.270425,-78.395013,Synthetic candidate record,Derived from CMHC baseline,"CMHC Rental Market Survey, Canada, 2025; Table 1.0",b,a
SYN-0111,Kitchener-Waterloo,Kitchener-Cambridge-Waterloo CMA,Kitchener-Waterloo area 09,1 Bedroom,Apartment,1570,1832,4.1,16.1,3.3,43.4069,-80.467819,Synthetic candidate record,Derived from CMHC baseline,"CMHC Rental Market Survey, Canada, 2025; Table 1.0",b,a
SYN-0112,Oshawa,Oshawa CMA,Oshawa area 05,3 Bedroom,Apartment,2405,1754,3.7,4.8,,43.856349,-78.904413,Synthetic candidate record,Derived from CMHC baseline,"CMHC Rental Market Survey, Canada, 2025; Table 1.0",b,a
SYN-0113,Barrie,Barrie CMA,Barrie area 03,2 Bedroom,Apartment,1700,1755,4.3,12.8,4.3,44.400072,-79.635048,Synthetic candidate record,Derived from CMHC baseline,"CMHC Rental Market Survey, Canada, 2025; Table 1.0",b,a
SYN-0114,Windsor,Windsor CMA,Windsor area 08,Studio,Apartment,1185,1454,3.7,12.2,3.6,42.329713,-83.044677,Synthetic candidate record,Derived from CMHC baseline,"CMHC Rental Market Survey, Canada, 2025; Table 1.0",b,a
SYN-0115,Ottawa,Ottawa-Gatineau CMA (Ont. part),Ottawa area 08,1 Bedroom,Apartment,1575,1926,3,15.4,3.4,45.344317,-75.821054,Synthetic candidate record,Derived from CMHC baseline,"CMHC Rental Market Survey, Canada, 2025; Table 1.0",b,a
SYN-0116,Brantford,Brantford CMA,Brantford area 05,2 Bedroom,Apartment,1860,1619,3.5,14.5,,43.069745,-80.17912,Synthetic candidate record,Derived from CMHC baseline,"CMHC Rental Market Survey, Canada, 2025; Table 1.0",c,a
SYN-0117,Brantford,Brantford CMA,Brantford area 09,3 Bedroom,Apartment,1845,1619,3.5,14.5,,43.158625,-80.231943,Synthetic candidate record,Derived from CMHC baseline,"CMHC Rental Market Survey, Canada, 2025; Table 1.0",c,a
SYN-0118,Greater Sudbury,Greater Sudbury/Grand Sudbury CMA,Greater Sudbury area 07,1 Bedroom,Townhouse,1340,1558,1.2,6.6,,46.451171,-80.967283,Synthetic candidate record,Derived from CMHC baseline,"CMHC Rental Market Survey, Canada, 2025; Table 1.0",a,a
SYN-0119,Oshawa,Oshawa CMA,Oshawa area 04,2 Bedroom,Apartment,1585,1754,3.7,4.8,,43.986618,-78.946904,Synthetic candidate record,Derived from CMHC baseline,"CMHC Rental Market Survey, Canada, 2025; Table 1.0",b,a
SYN-0120,St. Catharines,St. Catharines-Niagara CMA,St. Catharines area 03,2 Bedroom,Apartment,1405,1527,3.9,12.8,5.5,43.107373,-79.232645,Synthetic candidate record,Derived from CMHC baseline,"CMHC Rental Market Survey, Canada, 2025; Table 1.0",b,a
SYN-0121,Barrie,Barrie CMA,Barrie area 08,1 Bedroom,Townhouse,1535,1755,4.3,12.8,4.3,44.430791,-79.633489,Synthetic candidate record,Derived from CMHC baseline,"CMHC Rental Market Survey, Canada, 2025; Table 1.0",b,a
SYN-0122,Brantford,Brantford CMA,Brantford area 11,2 Bedroom,Apartment,1705,1619,3.5,14.5,,43.196966,-80.230123,Synthetic candidate record,Derived from CMHC baseline,"CMHC Rental Market Survey, Canada, 2025; Table 1.0",c,a
SYN-0123,Kitchener-Waterloo,Kitchener-Cambridge-Waterloo CMA,Kitchener-Waterloo area 03,1 Bedroom,Apartment,1355,1832,4.1,16.1,3.3,43.516926,-80.610576,Synthetic candidate record,Derived from CMHC baseline,"CMHC Rental Market Survey, Canada, 2025; Table 1.0",b,a
SYN-0124,Oshawa,Oshawa CMA,Oshawa area 05,2 Bedroom,Apartment,1525,1754,3.7,4.8,,43.884931,-78.874488,Synthetic candidate record,Derived from CMHC baseline,"CMHC Rental Market Survey, Canada, 2025; Table 1.0",b,a
SYN-0125,Greater Sudbury,Greater Sudbury/Grand Sudbury CMA,Greater Sudbury area 10,3 Bedroom,Townhouse,1875,1558,1.2,6.6,,46.569585,-80.924867,Synthetic candidate record,Derived from CMHC baseline,"CMHC Rental Market Survey, Canada, 2025; Table 1.0",a,a
SYN-0126,St. Catharines,St. Catharines-Niagara CMA,St. Catharines area 10,Studio,Apartment,1080,1527,3.9,12.8,5.5,43.251782,-79.154788,Synthetic candidate record,Derived from CMHC baseline,"CMHC Rental Market Survey, Canada, 2025; Table 1.0",b,a
SYN-0127,Barrie,Barrie CMA,Barrie area 08,3 Bedroom,Apartment,1915,1755,4.3,12.8,4.3,44.324438,-79.684992,Synthetic candidate record,Derived from CMHC baseline,"CMHC Rental Market Survey, Canada, 2025; Table 1.0",b,a
SYN-0128,St. Catharines,St. Catharines-Niagara CMA,St. Catharines area 02,1 Bedroom,Townhouse,1275,1527,3.9,12.8,5.5,43.186357,-79.249169,Synthetic candidate record,Derived from CMHC baseline,"CMHC Rental Market Survey, Canada, 2025; Table 1.0",b,a
SYN-0129,Windsor,Windsor CMA,Windsor area 08,1 Bedroom,Apartment,1175,1454,3.7,12.2,3.6,42.247065,-83.060297,Synthetic candidate record,Derived from CMHC baseline,"CMHC Rental Market Survey, Canada, 2025; Table 1.0",b,a
SYN-0130,Oshawa,Oshawa CMA,Oshawa area 08,2 Bedroom,Townhouse,1955,1754,3.7,4.8,,43.959813,-78.851896,Synthetic candidate record,Derived from CMHC baseline,"CMHC Rental Market Survey, Canada, 2025; Table 1.0",b,a
SYN-0131,Brantford,Brantford CMA,Brantford area 01,1 Bedroom,Apartment,1455,1619,3.5,14.5,,43.212382,-80.175341,Synthetic candidate record,Derived from CMHC baseline,"CMHC Rental Market Survey, Canada, 2025; Table 1.0",c,a
SYN-0132,Toronto,Toronto CMA,Toronto area 08,1 Bedroom,Apartment,1820,2046,3,8.7,3.4,43.656888,-79.349301,Synthetic candidate record,Derived from CMHC baseline,"CMHC Rental Market Survey, Canada, 2025; Table 1.0",a,a
SYN-0133,Toronto,Toronto CMA,Toronto area 08,2 Bedroom,Apartment,2035,2046,3,8.7,3.4,43.610806,-79.277926,Synthetic candidate record,Derived from CMHC baseline,"CMHC Rental Market Survey, Canada, 2025; Table 1.0",a,a
SYN-0134,Guelph,Guelph CMA,Guelph area 01,Studio,Apartment,1275,1802,3.1,15.1,4.6,43.586757,-80.300419,Synthetic candidate record,Derived from CMHC baseline,"CMHC Rental Market Survey, Canada, 2025; Table 1.0",b,a
SYN-0135,Thunder Bay,Thunder Bay CMA,Thunder Bay area 12,Studio,Apartment,980,1495,4,3.4,6.8,48.447329,-89.248189,Synthetic candidate record,Derived from CMHC baseline,"CMHC Rental Market Survey, Canada, 2025; Table 1.0",b,a
SYN-0136,Oshawa,Oshawa CMA,Oshawa area 08,2 Bedroom,Apartment,1770,1754,3.7,4.8,,43.880198,-78.870657,Synthetic candidate record,Derived from CMHC baseline,"CMHC Rental Market Survey, Canada, 2025; Table 1.0",b,a
SYN-0137,London,London CMA,London area 02,1 Bedroom,Apartment,1185,1651,4,15.1,4.1,42.986548,-81.141593,Synthetic candidate record,Derived from CMHC baseline,"CMHC Rental Market Survey, Canada, 2025; Table 1.0",a,a
SYN-0138,St. Catharines,St. Catharines-Niagara CMA,St. Catharines area 05,2 Bedroom,Townhouse,1835,1527,3.9,12.8,5.5,43.127375,-79.168014,Synthetic candidate record,Derived from CMHC baseline,"CMHC Rental Market Survey, Canada, 2025; Table 1.0",b,a
SYN-0139,Barrie,Barrie CMA,Barrie area 08,1 Bedroom,Apartment,1515,1755,4.3,12.8,4.3,44.421388,-79.588072,Synthetic candidate record,Derived from CMHC baseline,"CMHC Rental Market Survey, Canada, 2025; Table 1.0",b,a
SYN-0140,Windsor,Windsor CMA,Windsor area 04,1 Bedroom,Townhouse,1180,1454,3.7,12.2,3.6,42.305969,-83.084604,Synthetic candidate record,Derived from CMHC baseline,"CMHC Rental Market Survey, Canada, 2025; Table 1.0",b,a
SYN-0141,London,London CMA,London area 07,2 Bedroom,Apartment,1730,1651,4,15.1,4.1,42.948535,-81.252688,Synthetic candidate record,Derived from CMHC baseline,"CMHC Rental Market Survey, Canada, 2025; Table 1.0",a,a
SYN-0142,Greater Sudbury,Greater Sudbury/Grand Sudbury CMA,Greater Sudbury area 09,3 Bedroom,Apartment,1800,1558,1.2,6.6,,46.490766,-81.127497,Synthetic candidate record,Derived from CMHC baseline,"CMHC Rental Market Survey, Canada, 2025; Table 1.0",a,a
SYN-0143,Ottawa,Ottawa-Gatineau CMA (Ont. part),Ottawa area 11,3 Bedroom,Townhouse,2900,1926,3,15.4,3.4,45.32457,-75.798597,Synthetic candidate record,Derived from CMHC baseline,"CMHC Rental Market Survey, Canada, 2025; Table 1.0",b,a
SYN-0144,Hamilton,Hamilton CMA,Hamilton area 11,Studio,Apartment,1235,1656,3.6,13.1,1.6,43.223412,-79.818181,Synthetic candidate record,Derived from CMHC baseline,"CMHC Rental Market Survey, Canada, 2025; Table 1.0",a,a
SYN-0145,Brantford,Brantford CMA,Brantford area 09,2 Bedroom,Townhouse,1925,1619,3.5,14.5,,43.216888,-80.267703,Synthetic candidate record,Derived from CMHC baseline,"CMHC Rental Market Survey, Canada, 2025; Table 1.0",c,a
SYN-0146,Belleville,Belleville - Quinte West CMA,Belleville area 04,2 Bedroom,Apartment,1440,1484,3.4,16.9,,44.189032,-77.265845,Synthetic candidate record,Derived from CMHC baseline,"CMHC Rental Market Survey, Canada, 2025; Table 1.0",c,a
SYN-0147,Brantford,Brantford CMA,Brantford area 05,1 Bedroom,Apartment,1340,1619,3.5,14.5,,43.059501,-80.355845,Synthetic candidate record,Derived from CMHC baseline,"CMHC Rental Market Survey, Canada, 2025; Table 1.0",c,a
SYN-0148,Barrie,Barrie CMA,Barrie area 03,Studio,Apartment,1055,1755,4.3,12.8,4.3,44.348074,-79.725329,Synthetic candidate record,Derived from CMHC baseline,"CMHC Rental Market Survey, Canada, 2025; Table 1.0",b,a
SYN-0149,London,London CMA,London area 04,2 Bedroom,Apartment,1675,1651,4,15.1,4.1,43.059068,-81.212571,Synthetic candidate record,Derived from CMHC baseline,"CMHC Rental Market Survey, Canada, 2025; Table 1.0",a,a
SYN-0150,Windsor,Windsor CMA,Windsor area 08,3 Bedroom,Apartment,1835,1454,3.7,12.2,3.6,42.261338,-82.999101,Synthetic candidate record,Derived from CMHC baseline,"CMHC Rental Market Survey, Canada, 2025; Table 1.0",b,a
SYN-0151,St. Catharines,St. Catharines-Niagara CMA,St. Catharines area 06,2 Bedroom,Townhouse,1800,1527,3.9,12.8,5.5,43.090995,-79.262876,Synthetic candidate record,Derived from CMHC baseline,"CMHC Rental Market Survey, Canada, 2025; Table 1.0",b,a
SYN-0152,Oshawa,Oshawa CMA,Oshawa area 05,2 Bedroom,Townhouse,1770,1754,3.7,4.8,,43.935163,-78.87778,Synthetic candidate record,Derived from CMHC baseline,"CMHC Rental Market Survey, Canada, 2025; Table 1.0",b,a
SYN-0153,Kitchener-Waterloo,Kitchener-Cambridge-Waterloo CMA,Kitchener-Waterloo area 12,3 Bedroom,Townhouse,2575,1832,4.1,16.1,3.3,43.423392,-80.548737,Synthetic candidate record,Derived from CMHC baseline,"CMHC Rental Market Survey, Canada, 2025; Table 1.0",b,a
SYN-0154,Oshawa,Oshawa CMA,Oshawa area 11,Studio,Townhouse,1345,1754,3.7,4.8,,43.851996,-78.847501,Synthetic candidate record,Derived from CMHC baseline,"CMHC Rental Market Survey, Canada, 2025; Table 1.0",b,a
SYN-0155,Belleville,Belleville - Quinte West CMA,Belleville area 06,3 Bedroom,Townhouse,2130,1484,3.4,16.9,,44.217948,-77.458443,Synthetic candidate record,Derived from CMHC baseline,"CMHC Rental Market Survey, Canada, 2025; Table 1.0",c,a
SYN-0156,London,London CMA,London area 11,2 Bedroom,Apartment,1420,1651,4,15.1,4.1,43.020453,-81.184899,Synthetic candidate record,Derived from CMHC baseline,"CMHC Rental Market Survey, Canada, 2025; Table 1.0",a,a
SYN-0157,Hamilton,Hamilton CMA,Hamilton area 02,2 Bedroom,Apartment,1610,1656,3.6,13.1,1.6,43.271615,-79.807291,Synthetic candidate record,Derived from CMHC baseline,"CMHC Rental Market Survey, Canada, 2025; Table 1.0",a,a
SYN-0158,Oshawa,Oshawa CMA,Oshawa area 09,1 Bedroom,Townhouse,1670,1754,3.7,4.8,,43.832228,-78.967895,Synthetic candidate record,Derived from CMHC baseline,"CMHC Rental Market Survey, Canada, 2025; Table 1.0",b,a
SYN-0159,Peterborough,Peterborough CMA,Peterborough area 05,2 Bedroom,Apartment,1560,1518,3.1,8.4,,44.374038,-78.324773,Synthetic candidate record,Derived from CMHC baseline,"CMHC Rental Market Survey, Canada, 2025; Table 1.0",b,a
SYN-0160,Ottawa,Ottawa-Gatineau CMA (Ont. part),Ottawa area 04,2 Bedroom,Townhouse,1975,1926,3,15.4,3.4,45.514079,-75.799565,Synthetic candidate record,Derived from CMHC baseline,"CMHC Rental Market Survey, Canada, 2025; Table 1.0",b,a
SYN-0161,Greater Sudbury,Greater Sudbury/Grand Sudbury CMA,Greater Sudbury area 06,3 Bedroom,Apartment,2040,1558,1.2,6.6,,46.444592,-81.102349,Synthetic candidate record,Derived from CMHC baseline,"CMHC Rental Market Survey, Canada, 2025; Table 1.0",a,a
SYN-0162,St. Catharines,St. Catharines-Niagara CMA,St. Catharines area 01,2 Bedroom,Apartment,1590,1527,3.9,12.8,5.5,43.081069,-79.31988,Synthetic candidate record,Derived from CMHC baseline,"CMHC Rental Market Survey, Canada, 2025; Table 1.0",b,a
SYN-0163,Ottawa,Ottawa-Gatineau CMA (Ont. part),Ottawa area 11,3 Bedroom,Apartment,2220,1926,3,15.4,3.4,45.414354,-75.639904,Synthetic candidate record,Derived from CMHC baseline,"CMHC Rental Market Survey, Canada, 2025; Table 1.0",b,a
SYN-0164,Thunder Bay,Thunder Bay CMA,Thunder Bay area 08,Studio,Apartment,930,1495,4,3.4,6.8,48.470152,-89.306611,Synthetic candidate record,Derived from CMHC baseline,"CMHC Rental Market Survey, Canada, 2025; Table 1.0",b,a
SYN-0165,Guelph,Guelph CMA,Guelph area 09,Studio,Apartment,1160,1802,3.1,15.1,4.6,43.634676,-80.193985,Synthetic candidate record,Derived from CMHC baseline,"CMHC Rental Market Survey, Canada, 2025; Table 1.0",b,a
SYN-0166,Thunder Bay,Thunder Bay CMA,Thunder Bay area 08,2 Bedroom,Apartment,1565,1495,4,3.4,6.8,48.457983,-89.201049,Synthetic candidate record,Derived from CMHC baseline,"CMHC Rental Market Survey, Canada, 2025; Table 1.0",b,a
SYN-0167,Thunder Bay,Thunder Bay CMA,Thunder Bay area 06,3 Bedroom,Apartment,1970,1495,4,3.4,6.8,48.369577,-89.112026,Synthetic candidate record,Derived from CMHC baseline,"CMHC Rental Market Survey, Canada, 2025; Table 1.0",b,a
SYN-0168,Guelph,Guelph CMA,Guelph area 06,3 Bedroom,Apartment,2250,1802,3.1,15.1,4.6,43.553693,-80.116352,Synthetic candidate record,Derived from CMHC baseline,"CMHC Rental Market Survey, Canada, 2025; Table 1.0",b,a
SYN-0169,Belleville,Belleville - Quinte West CMA,Belleville area 04,1 Bedroom,Apartment,1435,1484,3.4,16.9,,44.227638,-77.497041,Synthetic candidate record,Derived from CMHC baseline,"CMHC Rental Market Survey, Canada, 2025; Table 1.0",c,a
SYN-0170,Barrie,Barrie CMA,Barrie area 10,Studio,Apartment,1150,1755,4.3,12.8,4.3,44.338114,-79.794995,Synthetic candidate record,Derived from CMHC baseline,"CMHC Rental Market Survey, Canada, 2025; Table 1.0",b,a
SYN-0171,Kitchener-Waterloo,Kitchener-Cambridge-Waterloo CMA,Kitchener-Waterloo area 10,Studio,Apartment,1100,1832,4.1,16.1,3.3,43.3982,-80.416912,Synthetic candidate record,Derived from CMHC baseline,"CMHC Rental Market Survey, Canada, 2025; Table 1.0",b,a
SYN-0172,Barrie,Barrie CMA,Barrie area 03,1 Bedroom,Apartment,1335,1755,4.3,12.8,4.3,44.486905,-79.679045,Synthetic candidate record,Derived from CMHC baseline,"CMHC Rental Market Survey, Canada, 2025; Table 1.0",b,a
SYN-0173,Guelph,Guelph CMA,Guelph area 01,2 Bedroom,Apartment,1890,1802,3.1,15.1,4.6,43.602486,-80.223683,Synthetic candidate record,Derived from CMHC baseline,"CMHC Rental Market Survey, Canada, 2025; Table 1.0",b,a
SYN-0174,Kingston,Kingston CMA,Kingston area 12,1 Bedroom,Apartment,1520,1764,2.4,17.3,2.4,44.279544,-76.478719,Synthetic candidate record,Derived from CMHC baseline,"CMHC Rental Market Survey, Canada, 2025; Table 1.0",a,a
SYN-0175,Brantford,Brantford CMA,Brantford area 01,1 Bedroom,Apartment,1280,1619,3.5,14.5,,43.140168,-80.142317,Synthetic candidate record,Derived from CMHC baseline,"CMHC Rental Market Survey, Canada, 2025; Table 1.0",c,a
SYN-0176,Oshawa,Oshawa CMA,Oshawa area 07,1 Bedroom,Apartment,1435,1754,3.7,4.8,,43.809265,-78.871634,Synthetic candidate record,Derived from CMHC baseline,"CMHC Rental Market Survey, Canada, 2025; Table 1.0",b,a
SYN-0177,Thunder Bay,Thunder Bay CMA,Thunder Bay area 03,2 Bedroom,Townhouse,1585,1495,4,3.4,6.8,48.460753,-89.301267,Synthetic candidate record,Derived from CMHC baseline,"CMHC Rental Market Survey, Canada, 2025; Table 1.0",b,a
SYN-0178,Brantford,Brantford CMA,Brantford area 05,1 Bedroom,Apartment,1225,1619,3.5,14.5,,43.115581,-80.237706,Synthetic candidate record,Derived from CMHC baseline,"CMHC Rental Market Survey, Canada, 2025; Table 1.0",c,a
SYN-0179,Toronto,Toronto CMA,Toronto area 09,2 Bedroom,Townhouse,2420,2046,3,8.7,3.4,43.723759,-79.341483,Synthetic candidate record,Derived from CMHC baseline,"CMHC Rental Market Survey, Canada, 2025; Table 1.0",a,a
SYN-0180,Kitchener-Waterloo,Kitchener-Cambridge-Waterloo CMA,Kitchener-Waterloo area 07,1 Bedroom,Apartment,1605,1832,4.1,16.1,3.3,43.434363,-80.402296,Synthetic candidate record,Derived from CMHC baseline,"CMHC Rental Market Survey, Canada, 2025; Table 1.0",b,a
SYN-0181,Thunder Bay,Thunder Bay CMA,Thunder Bay area 08,2 Bedroom,Apartment,1345,1495,4,3.4,6.8,48.35576,-89.352299,Synthetic candidate record,Derived from CMHC baseline,"CMHC Rental Market Survey, Canada, 2025; Table 1.0",b,a
SYN-0182,Brantford,Brantford CMA,Brantford area 12,Studio,Apartment,1155,1619,3.5,14.5,,43.058046,-80.374977,Synthetic candidate record,Derived from CMHC baseline,"CMHC Rental Market Survey, Canada, 2025; Table 1.0",c,a
SYN-0183,Peterborough,Peterborough CMA,Peterborough area 06,2 Bedroom,Apartment,1395,1518,3.1,8.4,,44.275029,-78.425284,Synthetic candidate record,Derived from CMHC baseline,"CMHC Rental Market Survey, Canada, 2025; Table 1.0",b,a
SYN-0184,Thunder Bay,Thunder Bay CMA,Thunder Bay area 06,3 Bedroom,Apartment,1745,1495,4,3.4,6.8,48.47458,-89.217464,Synthetic candidate record,Derived from CMHC baseline,"CMHC Rental Market Survey, Canada, 2025; Table 1.0",b,a
SYN-0185,Guelph,Guelph CMA,Guelph area 09,2 Bedroom,Apartment,1890,1802,3.1,15.1,4.6,43.614255,-80.289557,Synthetic candidate record,Derived from CMHC baseline,"CMHC Rental Market Survey, Canada, 2025; Table 1.0",b,a
SYN-0186,Peterborough,Peterborough CMA,Peterborough area 09,Studio,Apartment,1105,1518,3.1,8.4,,44.32392,-78.233834,Synthetic candidate record,Derived from CMHC baseline,"CMHC Rental Market Survey, Canada, 2025; Table 1.0",b,a
SYN-0187,Barrie,Barrie CMA,Barrie area 06,2 Bedroom,Apartment,1860,1755,4.3,12.8,4.3,44.441882,-79.572322,Synthetic candidate record,Derived from CMHC baseline,"CMHC Rental Market Survey, Canada, 2025; Table 1.0",b,a
SYN-0188,Barrie,Barrie CMA,Barrie area 03,1 Bedroom,Apartment,1455,1755,4.3,12.8,4.3,44.402664,-79.718068,Synthetic candidate record,Derived from CMHC baseline,"CMHC Rental Market Survey, Canada, 2025; Table 1.0",b,a
SYN-0189,Barrie,Barrie CMA,Barrie area 06,Studio,Apartment,1125,1755,4.3,12.8,4.3,44.320882,-79.743018,Synthetic candidate record,Derived from CMHC baseline,"CMHC Rental Market Survey, Canada, 2025; Table 1.0",b,a
SYN-0190,Brantford,Brantford CMA,Brantford area 11,3 Bedroom,Apartment,2105,1619,3.5,14.5,,43.070882,-80.232102,Synthetic candidate record,Derived from CMHC baseline,"CMHC Rental Market Survey, Canada, 2025; Table 1.0",c,a
SYN-0191,Brantford,Brantford CMA,Brantford area 02,1 Bedroom,Townhouse,1320,1619,3.5,14.5,,43.094033,-80.194523,Synthetic candidate record,Derived from CMHC baseline,"CMHC Rental Market Survey, Canada, 2025; Table 1.0",c,a
SYN-0192,Peterborough,Peterborough CMA,Peterborough area 09,1 Bedroom,Apartment,1255,1518,3.1,8.4,,44.344744,-78.29367,Synthetic candidate record,Derived from CMHC baseline,"CMHC Rental Market Survey, Canada, 2025; Table 1.0",b,a
SYN-0193,Oshawa,Oshawa CMA,Oshawa area 03,Studio,Townhouse,1320,1754,3.7,4.8,,43.837985,-78.742199,Synthetic candidate record,Derived from CMHC baseline,"CMHC Rental Market Survey, Canada, 2025; Table 1.0",b,a
SYN-0194,St. Catharines,St. Catharines-Niagara CMA,St. Catharines area 03,1 Bedroom,Apartment,1250,1527,3.9,12.8,5.5,43.060946,-79.179174,Synthetic candidate record,Derived from CMHC baseline,"CMHC Rental Market Survey, Canada, 2025; Table 1.0",b,a
SYN-0195,Hamilton,Hamilton CMA,Hamilton area 12,1 Bedroom,Apartment,1165,1656,3.6,13.1,1.6,43.31694,-79.988613,Synthetic candidate record,Derived from CMHC baseline,"CMHC Rental Market Survey, Canada, 2025; Table 1.0",a,a
SYN-0196,Belleville,Belleville - Quinte West CMA,Belleville area 10,1 Bedroom,Townhouse,1315,1484,3.4,16.9,,44.247032,-77.282244,Synthetic candidate record,Derived from CMHC baseline,"CMHC Rental Market Survey, Canada, 2025; Table 1.0",c,a
SYN-0197,Thunder Bay,Thunder Bay CMA,Thunder Bay area 10,2 Bedroom,Townhouse,1585,1495,4,3.4,6.8,48.47414,-89.346507,Synthetic candidate record,Derived from CMHC baseline,"CMHC Rental Market Survey, Canada, 2025; Table 1.0",b,a
SYN-0198,Toronto,Toronto CMA,Toronto area 04,2 Bedroom,Apartment,2200,2046,3,8.7,3.4,43.570826,-79.287977,Synthetic candidate record,Derived from CMHC baseline,"CMHC Rental Market Survey, Canada, 2025; Table 1.0",a,a
SYN-0199,Thunder Bay,Thunder Bay CMA,Thunder Bay area 03,2 Bedroom,Apartment,1420,1495,4,3.4,6.8,48.348803,-89.297967,Synthetic candidate record,Derived from CMHC baseline,"CMHC Rental Market Survey, Canada, 2025; Table 1.0",b,a
SYN-0200,Brantford,Brantford CMA,Brantford area 06,2 Bedroom,Apartment,1685,1619,3.5,14.5,,43.145521,-80.348297,Synthetic candidate record,Derived from CMHC baseline,"CMHC Rental Market Survey, Canada, 2025; Table 1.0",c,a
SYN-0201,Peterborough,Peterborough CMA,Peterborough area 11,2 Bedroom,Apartment,1525,1518,3.1,8.4,,44.248554,-78.29108,Synthetic candidate record,Derived from CMHC baseline,"CMHC Rental Market Survey, Canada, 2025; Table 1.0",b,a
SYN-0202,Brantford,Brantford CMA,Brantford area 10,1 Bedroom,Townhouse,1495,1619,3.5,14.5,,43.132191,-80.246931,Synthetic candidate record,Derived from CMHC baseline,"CMHC Rental Market Survey, Canada, 2025; Table 1.0",c,a
SYN-0203,Toronto,Toronto CMA,Toronto area 08,2 Bedroom,Apartment,2190,2046,3,8.7,3.4,43.583391,-79.502535,Synthetic candidate record,Derived from CMHC baseline,"CMHC Rental Market Survey, Canada, 2025; Table 1.0",a,a
SYN-0204,Oshawa,Oshawa CMA,Oshawa area 08,2 Bedroom,Apartment,1615,1754,3.7,4.8,,43.867488,-78.983984,Synthetic candidate record,Derived from CMHC baseline,"CMHC Rental Market Survey, Canada, 2025; Table 1.0",b,a
SYN-0205,Toronto,Toronto CMA,Toronto area 10,Studio,Apartment,1410,2046,3,8.7,3.4,43.72605,-79.284989,Synthetic candidate record,Derived from CMHC baseline,"CMHC Rental Market Survey, Canada, 2025; Table 1.0",a,a
SYN-0206,Greater Sudbury,Greater Sudbury/Grand Sudbury CMA,Greater Sudbury area 11,1 Bedroom,Apartment,1245,1558,1.2,6.6,,46.481647,-80.902997,Synthetic candidate record,Derived from CMHC baseline,"CMHC Rental Market Survey, Canada, 2025; Table 1.0",a,a
SYN-0207,Kitchener-Waterloo,Kitchener-Cambridge-Waterloo CMA,Kitchener-Waterloo area 06,1 Bedroom,Townhouse,1315,1832,4.1,16.1,3.3,43.441705,-80.406829,Synthetic candidate record,Derived from CMHC baseline,"CMHC Rental Market Survey, Canada, 2025; Table 1.0",b,a
SYN-0208,Brantford,Brantford CMA,Brantford area 08,2 Bedroom,Apartment,1615,1619,3.5,14.5,,43.047228,-80.207493,Synthetic candidate record,Derived from CMHC baseline,"CMHC Rental Market Survey, Canada, 2025; Table 1.0",c,a
SYN-0209,Kingston,Kingston CMA,Kingston area 11,1 Bedroom,Apartment,1305,1764,2.4,17.3,2.4,44.26698,-76.610945,Synthetic candidate record,Derived from CMHC baseline,"CMHC Rental Market Survey, Canada, 2025; Table 1.0",a,a
SYN-0210,Ottawa,Ottawa-Gatineau CMA (Ont. part),Ottawa area 05,Studio,Apartment,1420,1926,3,15.4,3.4,45.433093,-75.729523,Synthetic candidate record,Derived from CMHC baseline,"CMHC Rental Market Survey, Canada, 2025; Table 1.0",b,a
SYN-0211,Hamilton,Hamilton CMA,Hamilton area 03,1 Bedroom,Apartment,1435,1656,3.6,13.1,1.6,43.286911,-79.826576,Synthetic candidate record,Derived from CMHC baseline,"CMHC Rental Market Survey, Canada, 2025; Table 1.0",a,a
SYN-0212,Brantford,Brantford CMA,Brantford area 03,1 Bedroom,Townhouse,1385,1619,3.5,14.5,,43.168099,-80.311413,Synthetic candidate record,Derived from CMHC baseline,"CMHC Rental Market Survey, Canada, 2025; Table 1.0",c,a
SYN-0213,Brantford,Brantford CMA,Brantford area 06,2 Bedroom,Townhouse,1725,1619,3.5,14.5,,43.101173,-80.14074,Synthetic candidate record,Derived from CMHC baseline,"CMHC Rental Market Survey, Canada, 2025; Table 1.0",c,a
SYN-0214,Windsor,Windsor CMA,Windsor area 02,1 Bedroom,Apartment,1190,1454,3.7,12.2,3.6,42.245889,-83.091632,Synthetic candidate record,Derived from CMHC baseline,"CMHC Rental Market Survey, Canada, 2025; Table 1.0",b,a
SYN-0215,Belleville,Belleville - Quinte West CMA,Belleville area 10,2 Bedroom,Apartment,1430,1484,3.4,16.9,,44.098969,-77.329435,Synthetic candidate record,Derived from CMHC baseline,"CMHC Rental Market Survey, Canada, 2025; Table 1.0",c,a
SYN-0216,Kingston,Kingston CMA,Kingston area 04,2 Bedroom,Apartment,1720,1764,2.4,17.3,2.4,44.213372,-76.436773,Synthetic candidate record,Derived from CMHC baseline,"CMHC Rental Market Survey, Canada, 2025; Table 1.0",a,a
SYN-0217,Toronto,Toronto CMA,Toronto area 04,2 Bedroom,Townhouse,2220,2046,3,8.7,3.4,43.746319,-79.304594,Synthetic candidate record,Derived from CMHC baseline,"CMHC Rental Market Survey, Canada, 2025; Table 1.0",a,a
SYN-0218,Peterborough,Peterborough CMA,Peterborough area 07,2 Bedroom,Townhouse,1730,1518,3.1,8.4,,44.301436,-78.380693,Synthetic candidate record,Derived from CMHC baseline,"CMHC Rental Market Survey, Canada, 2025; Table 1.0",b,a
SYN-0219,Thunder Bay,Thunder Bay CMA,Thunder Bay area 06,3 Bedroom,Apartment,1865,1495,4,3.4,6.8,48.330901,-89.205187,Synthetic candidate record,Derived from CMHC baseline,"CMHC Rental Market Survey, Canada, 2025; Table 1.0",b,a
SYN-0220,Guelph,Guelph CMA,Guelph area 05,2 Bedroom,Apartment,1730,1802,3.1,15.1,4.6,43.501813,-80.1756,Synthetic candidate record,Derived from CMHC baseline,"CMHC Rental Market Survey, Canada, 2025; Table 1.0",b,a
SYN-0221,Toronto,Toronto CMA,Toronto area 06,3 Bedroom,Apartment,2555,2046,3,8.7,3.4,43.735301,-79.295656,Synthetic candidate record,Derived from CMHC baseline,"CMHC Rental Market Survey, Canada, 2025; Table 1.0",a,a
SYN-0222,Barrie,Barrie CMA,Barrie area 02,1 Bedroom,Townhouse,1510,1755,4.3,12.8,4.3,44.389801,-79.764249,Synthetic candidate record,Derived from CMHC baseline,"CMHC Rental Market Survey, Canada, 2025; Table 1.0",b,a
SYN-0223,Peterborough,Peterborough CMA,Peterborough area 03,1 Bedroom,Apartment,1405,1518,3.1,8.4,,44.339092,-78.238261,Synthetic candidate record,Derived from CMHC baseline,"CMHC Rental Market Survey, Canada, 2025; Table 1.0",b,a
SYN-0224,Belleville,Belleville - Quinte West CMA,Belleville area 12,1 Bedroom,Townhouse,1235,1484,3.4,16.9,,44.202014,-77.483904,Synthetic candidate record,Derived from CMHC baseline,"CMHC Rental Market Survey, Canada, 2025; Table 1.0",c,a
SYN-0225,Windsor,Windsor CMA,Windsor area 12,1 Bedroom,Apartment,1205,1454,3.7,12.2,3.6,42.258031,-83.131194,Synthetic candidate record,Derived from CMHC baseline,"CMHC Rental Market Survey, Canada, 2025; Table 1.0",b,a
SYN-0226,Thunder Bay,Thunder Bay CMA,Thunder Bay area 04,Studio,Apartment,1010,1495,4,3.4,6.8,48.328428,-89.361571,Synthetic candidate record,Derived from CMHC baseline,"CMHC Rental Market Survey, Canada, 2025; Table 1.0",b,a
SYN-0227,Thunder Bay,Thunder Bay CMA,Thunder Bay area 11,2 Bedroom,Townhouse,1825,1495,4,3.4,6.8,48.380866,-89.236843,Synthetic candidate record,Derived from CMHC baseline,"CMHC Rental Market Survey, Canada, 2025; Table 1.0",b,a
SYN-0228,London,London CMA,London area 04,2 Bedroom,Apartment,1740,1651,4,15.1,4.1,42.970748,-81.213911,Synthetic candidate record,Derived from CMHC baseline,"CMHC Rental Market Survey, Canada, 2025; Table 1.0",a,a
SYN-0229,Thunder Bay,Thunder Bay CMA,Thunder Bay area 09,1 Bedroom,Apartment,1140,1495,4,3.4,6.8,48.471581,-89.234426,Synthetic candidate record,Derived from CMHC baseline,"CMHC Rental Market Survey, Canada, 2025; Table 1.0",b,a
SYN-0230,Barrie,Barrie CMA,Barrie area 06,1 Bedroom,Townhouse,1540,1755,4.3,12.8,4.3,44.298107,-79.721959,Synthetic candidate record,Derived from CMHC baseline,"CMHC Rental Market Survey, Canada, 2025; Table 1.0",b,a
SYN-0231,St. Catharines,St. Catharines-Niagara CMA,St. Catharines area 10,2 Bedroom,Apartment,1550,1527,3.9,12.8,5.5,43.205988,-79.211735,Synthetic candidate record,Derived from CMHC baseline,"CMHC Rental Market Survey, Canada, 2025; Table 1.0",b,a
SYN-0232,Ottawa,Ottawa-Gatineau CMA (Ont. part),Ottawa area 03,1 Bedroom,Apartment,1475,1926,3,15.4,3.4,45.430703,-75.607867,Synthetic candidate record,Derived from CMHC baseline,"CMHC Rental Market Survey, Canada, 2025; Table 1.0",b,a
SYN-0233,Toronto,Toronto CMA,Toronto area 08,3 Bedroom,Townhouse,2465,2046,3,8.7,3.4,43.56582,-79.306855,Synthetic candidate record,Derived from CMHC baseline,"CMHC Rental Market Survey, Canada, 2025; Table 1.0",a,a
SYN-0234,Belleville,Belleville - Quinte West CMA,Belleville area 06,1 Bedroom,Apartment,1095,1484,3.4,16.9,,44.221022,-77.275642,Synthetic candidate record,Derived from CMHC baseline,"CMHC Rental Market Survey, Canada, 2025; Table 1.0",c,a
SYN-0235,Oshawa,Oshawa CMA,Oshawa area 01,2 Bedroom,Townhouse,1890,1754,3.7,4.8,,43.835321,-78.905497,Synthetic candidate record,Derived from CMHC baseline,"CMHC Rental Market Survey, Canada, 2025; Table 1.0",b,a
SYN-0236,Ottawa,Ottawa-Gatineau CMA (Ont. part),Ottawa area 08,1 Bedroom,Apartment,1775,1926,3,15.4,3.4,45.40889,-75.725688,Synthetic candidate record,Derived from CMHC baseline,"CMHC Rental Market Survey, Canada, 2025; Table 1.0",b,a
SYN-0237,Greater Sudbury,Greater Sudbury/Grand Sudbury CMA,Greater Sudbury area 02,1 Bedroom,Apartment,1165,1558,1.2,6.6,,46.576562,-80.9874,Synthetic candidate record,Derived from CMHC baseline,"CMHC Rental Market Survey, Canada, 2025; Table 1.0",a,a
SYN-0238,Thunder Bay,Thunder Bay CMA,Thunder Bay area 02,Studio,Apartment,1020,1495,4,3.4,6.8,48.389995,-89.301538,Synthetic candidate record,Derived from CMHC baseline,"CMHC Rental Market Survey, Canada, 2025; Table 1.0",b,a
SYN-0239,Ottawa,Ottawa-Gatineau CMA (Ont. part),Ottawa area 08,2 Bedroom,Apartment,1710,1926,3,15.4,3.4,45.354829,-75.713183,Synthetic candidate record,Derived from CMHC baseline,"CMHC Rental Market Survey, Canada, 2025; Table 1.0",b,a
SYN-0240,Belleville,Belleville - Quinte West CMA,Belleville area 11,2 Bedroom,Apartment,1545,1484,3.4,16.9,,44.18577,-77.401339,Synthetic candidate record,Derived from CMHC baseline,"CMHC Rental Market Survey, Canada, 2025; Table 1.0",c,a
SYN-0241,Belleville,Belleville - Quinte West CMA,Belleville area 03,Studio,Townhouse,995,1484,3.4,16.9,,44.198682,-77.256963,Synthetic candidate record,Derived from CMHC baseline,"CMHC Rental Market Survey, Canada, 2025; Table 1.0",c,a
SYN-0242,Toronto,Toronto CMA,Toronto area 06,Studio,Apartment,1535,2046,3,8.7,3.4,43.600399,-79.343074,Synthetic candidate record,Derived from CMHC baseline,"CMHC Rental Market Survey, Canada, 2025; Table 1.0",a,a
SYN-0243,Greater Sudbury,Greater Sudbury/Grand Sudbury CMA,Greater Sudbury area 02,3 Bedroom,Apartment,1745,1558,1.2,6.6,,46.581465,-81.030181,Synthetic candidate record,Derived from CMHC baseline,"CMHC Rental Market Survey, Canada, 2025; Table 1.0",a,a
SYN-0244,Hamilton,Hamilton CMA,Hamilton area 02,2 Bedroom,Townhouse,1665,1656,3.6,13.1,1.6,43.218577,-79.931874,Synthetic candidate record,Derived from CMHC baseline,"CMHC Rental Market Survey, Canada, 2025; Table 1.0",a,a
SYN-0245,Barrie,Barrie CMA,Barrie area 12,2 Bedroom,Townhouse,1585,1755,4.3,12.8,4.3,44.312952,-79.613344,Synthetic candidate record,Derived from CMHC baseline,"CMHC Rental Market Survey, Canada, 2025; Table 1.0",b,a
SYN-0246,Toronto,Toronto CMA,Toronto area 04,1 Bedroom,Apartment,1645,2046,3,8.7,3.4,43.691996,-79.245368,Synthetic candidate record,Derived from CMHC baseline,"CMHC Rental Market Survey, Canada, 2025; Table 1.0",a,a
SYN-0247,Guelph,Guelph CMA,Guelph area 11,1 Bedroom,Apartment,1250,1802,3.1,15.1,4.6,43.533822,-80.361939,Synthetic candidate record,Derived from CMHC baseline,"CMHC Rental Market Survey, Canada, 2025; Table 1.0",b,a
SYN-0248,Ottawa,Ottawa-Gatineau CMA (Ont. part),Ottawa area 05,2 Bedroom,Apartment,2020,1926,3,15.4,3.4,45.431499,-75.756936,Synthetic candidate record,Derived from CMHC baseline,"CMHC Rental Market Survey, Canada, 2025; Table 1.0",b,a
SYN-0249,Kingston,Kingston CMA,Kingston area 03,2 Bedroom,Apartment,1805,1764,2.4,17.3,2.4,44.155472,-76.569463,Synthetic candidate record,Derived from CMHC baseline,"CMHC Rental Market Survey, Canada, 2025; Table 1.0",a,a
SYN-0250,London,London CMA,London area 08,2 Bedroom,Apartment,1510,1651,4,15.1,4.1,42.957079,-81.225539,Synthetic candidate record,Derived from CMHC baseline,"CMHC Rental Market Survey, Canada, 2025; Table 1.0",a,a
SYN-0251,Hamilton,Hamilton CMA,Hamilton area 07,2 Bedroom,Apartment,1770,1656,3.6,13.1,1.6,43.299087,-79.876959,Synthetic candidate record,Derived from CMHC baseline,"CMHC Rental Market Survey, Canada, 2025; Table 1.0",a,a
SYN-0252,Thunder Bay,Thunder Bay CMA,Thunder Bay area 02,2 Bedroom,Apartment,1540,1495,4,3.4,6.8,48.305965,-89.302798,Synthetic candidate record,Derived from CMHC baseline,"CMHC Rental Market Survey, Canada, 2025; Table 1.0",b,a
SYN-0253,Toronto,Toronto CMA,Toronto area 03,1 Bedroom,Apartment,1840,2046,3,8.7,3.4,43.663461,-79.358934,Synthetic candidate record,Derived from CMHC baseline,"CMHC Rental Market Survey, Canada, 2025; Table 1.0",a,a
SYN-0254,Thunder Bay,Thunder Bay CMA,Thunder Bay area 05,2 Bedroom,Apartment,1645,1495,4,3.4,6.8,48.447178,-89.242249,Synthetic candidate record,Derived from CMHC baseline,"CMHC Rental Market Survey, Canada, 2025; Table 1.0",b,a
SYN-0255,Kingston,Kingston CMA,Kingston area 05,1 Bedroom,Apartment,1300,1764,2.4,17.3,2.4,44.310185,-76.389442,Synthetic candidate record,Derived from CMHC baseline,"CMHC Rental Market Survey, Canada, 2025; Table 1.0",a,a
SYN-0256,Kitchener-Waterloo,Kitchener-Cambridge-Waterloo CMA,Kitchener-Waterloo area 09,2 Bedroom,Apartment,2100,1832,4.1,16.1,3.3,43.376634,-80.546822,Synthetic candidate record,Derived from CMHC baseline,"CMHC Rental Market Survey, Canada, 2025; Table 1.0",b,a
SYN-0257,Brantford,Brantford CMA,Brantford area 10,2 Bedroom,Apartment,1485,1619,3.5,14.5,,43.07364,-80.230282,Synthetic candidate record,Derived from CMHC baseline,"CMHC Rental Market Survey, Canada, 2025; Table 1.0",c,a
SYN-0258,Ottawa,Ottawa-Gatineau CMA (Ont. part),Ottawa area 01,2 Bedroom,Apartment,1820,1926,3,15.4,3.4,45.486547,-75.831588,Synthetic candidate record,Derived from CMHC baseline,"CMHC Rental Market Survey, Canada, 2025; Table 1.0",b,a
SYN-0259,St. Catharines,St. Catharines-Niagara CMA,St. Catharines area 11,2 Bedroom,Townhouse,1625,1527,3.9,12.8,5.5,43.237199,-79.234404,Synthetic candidate record,Derived from CMHC baseline,"CMHC Rental Market Survey, Canada, 2025; Table 1.0",b,a
SYN-0260,Oshawa,Oshawa CMA,Oshawa area 01,1 Bedroom,Townhouse,1535,1754,3.7,4.8,,43.856587,-78.984322,Synthetic candidate record,Derived from CMHC baseline,"CMHC Rental Market Survey, Canada, 2025; Table 1.0",b,a
SYN-0261,Kingston,Kingston CMA,Kingston area 06,1 Bedroom,Townhouse,1460,1764,2.4,17.3,2.4,44.159934,-76.385101,Synthetic candidate record,Derived from CMHC baseline,"CMHC Rental Market Survey, Canada, 2025; Table 1.0",a,a
SYN-0262,Peterborough,Peterborough CMA,Peterborough area 02,3 Bedroom,Apartment,1895,1518,3.1,8.4,,44.361233,-78.315513,Synthetic candidate record,Derived from CMHC baseline,"CMHC Rental Market Survey, Canada, 2025; Table 1.0",b,a
SYN-0263,Ottawa,Ottawa-Gatineau CMA (Ont. part),Ottawa area 07,1 Bedroom,Apartment,1570,1926,3,15.4,3.4,45.340862,-75.756978,Synthetic candidate record,Derived from CMHC baseline,"CMHC Rental Market Survey, Canada, 2025; Table 1.0",b,a
SYN-0264,Thunder Bay,Thunder Bay CMA,Thunder Bay area 12,1 Bedroom,Apartment,1295,1495,4,3.4,6.8,48.443596,-89.117086,Synthetic candidate record,Derived from CMHC baseline,"CMHC Rental Market Survey, Canada, 2025; Table 1.0",b,a
SYN-0265,Ottawa,Ottawa-Gatineau CMA (Ont. part),Ottawa area 01,1 Bedroom,Apartment,1435,1926,3,15.4,3.4,45.421252,-75.751756,Synthetic candidate record,Derived from CMHC baseline,"CMHC Rental Market Survey, Canada, 2025; Table 1.0",b,a
SYN-0266,Brantford,Brantford CMA,Brantford area 06,3 Bedroom,Townhouse,2155,1619,3.5,14.5,,43.232737,-80.342476,Synthetic candidate record,Derived from CMHC baseline,"CMHC Rental Market Survey, Canada, 2025; Table 1.0",c,a
SYN-0267,Belleville,Belleville - Quinte West CMA,Belleville area 01,Studio,Townhouse,960,1484,3.4,16.9,,44.197304,-77.442933,Synthetic candidate record,Derived from CMHC baseline,"CMHC Rental Market Survey, Canada, 2025; Table 1.0",c,a
SYN-0268,Guelph,Guelph CMA,Guelph area 06,1 Bedroom,Apartment,1355,1802,3.1,15.1,4.6,43.590302,-80.175395,Synthetic candidate record,Derived from CMHC baseline,"CMHC Rental Market Survey, Canada, 2025; Table 1.0",b,a
SYN-0269,Belleville,Belleville - Quinte West CMA,Belleville area 09,1 Bedroom,Apartment,1170,1484,3.4,16.9,,44.14007,-77.397041,Synthetic candidate record,Derived from CMHC baseline,"CMHC Rental Market Survey, Canada, 2025; Table 1.0",c,a
SYN-0270,St. Catharines,St. Catharines-Niagara CMA,St. Catharines area 06,2 Bedroom,Apartment,1600,1527,3.9,12.8,5.5,43.085133,-79.357481,Synthetic candidate record,Derived from CMHC baseline,"CMHC Rental Market Survey, Canada, 2025; Table 1.0",b,a
SYN-0271,Ottawa,Ottawa-Gatineau CMA (Ont. part),Ottawa area 01,2 Bedroom,Apartment,1930,1926,3,15.4,3.4,45.423325,-75.697178,Synthetic candidate record,Derived from CMHC baseline,"CMHC Rental Market Survey, Canada, 2025; Table 1.0",b,a
SYN-0272,Belleville,Belleville - Quinte West CMA,Belleville area 03,1 Bedroom,Apartment,1155,1484,3.4,16.9,,44.223593,-77.37781,Synthetic candidate record,Derived from CMHC baseline,"CMHC Rental Market Survey, Canada, 2025; Table 1.0",c,a
SYN-0273,Hamilton,Hamilton CMA,Hamilton area 06,1 Bedroom,Apartment,1520,1656,3.6,13.1,1.6,43.303564,-79.926232,Synthetic candidate record,Derived from CMHC baseline,"CMHC Rental Market Survey, Canada, 2025; Table 1.0",a,a
SYN-0274,Windsor,Windsor CMA,Windsor area 06,2 Bedroom,Apartment,1740,1454,3.7,12.2,3.6,42.309879,-83.167135,Synthetic candidate record,Derived from CMHC baseline,"CMHC Rental Market Survey, Canada, 2025; Table 1.0",b,a
SYN-0275,Guelph,Guelph CMA,Guelph area 08,3 Bedroom,Apartment,2295,1802,3.1,15.1,4.6,43.582409,-80.37881,Synthetic candidate record,Derived from CMHC baseline,"CMHC Rental Market Survey, Canada, 2025; Table 1.0",b,a
SYN-0276,St. Catharines,St. Catharines-Niagara CMA,St. Catharines area 03,3 Bedroom,Apartment,1660,1527,3.9,12.8,5.5,43.20368,-79.224,Synthetic candidate record,Derived from CMHC baseline,"CMHC Rental Market Survey, Canada, 2025; Table 1.0",b,a
SYN-0277,Greater Sudbury,Greater Sudbury/Grand Sudbury CMA,Greater Sudbury area 06,1 Bedroom,Apartment,1505,1558,1.2,6.6,,46.413679,-81.13275,Synthetic candidate record,Derived from CMHC baseline,"CMHC Rental Market Survey, Canada, 2025; Table 1.0",a,a
SYN-0278,Thunder Bay,Thunder Bay CMA,Thunder Bay area 08,1 Bedroom,Apartment,1270,1495,4,3.4,6.8,48.362975,-89.164899,Synthetic candidate record,Derived from CMHC baseline,"CMHC Rental Market Survey, Canada, 2025; Table 1.0",b,a
SYN-0279,Belleville,Belleville - Quinte West CMA,Belleville area 03,2 Bedroom,Apartment,1120,1484,3.4,16.9,,44.158474,-77.417541,Synthetic candidate record,Derived from CMHC baseline,"CMHC Rental Market Survey, Canada, 2025; Table 1.0",c,a
SYN-0280,Toronto,Toronto CMA,Toronto area 12,3 Bedroom,Apartment,2265,2046,3,8.7,3.4,43.662455,-79.334586,Synthetic candidate record,Derived from CMHC baseline,"CMHC Rental Market Survey, Canada, 2025; Table 1.0",a,a
SYN-0281,St. Catharines,St. Catharines-Niagara CMA,St. Catharines area 05,2 Bedroom,Apartment,1615,1527,3.9,12.8,5.5,43.1191,-79.125854,Synthetic candidate record,Derived from CMHC baseline,"CMHC Rental Market Survey, Canada, 2025; Table 1.0",b,a
SYN-0282,Oshawa,Oshawa CMA,Oshawa area 12,2 Bedroom,Townhouse,1865,1754,3.7,4.8,,43.860508,-78.907765,Synthetic candidate record,Derived from CMHC baseline,"CMHC Rental Market Survey, Canada, 2025; Table 1.0",b,a
SYN-0283,St. Catharines,St. Catharines-Niagara CMA,St. Catharines area 03,1 Bedroom,Townhouse,1435,1527,3.9,12.8,5.5,43.128427,-79.172032,Synthetic candidate record,Derived from CMHC baseline,"CMHC Rental Market Survey, Canada, 2025; Table 1.0",b,a
SYN-0284,Oshawa,Oshawa CMA,Oshawa area 05,Studio,Apartment,1140,1754,3.7,4.8,,43.866373,-78.881794,Synthetic candidate record,Derived from CMHC baseline,"CMHC Rental Market Survey, Canada, 2025; Table 1.0",b,a
SYN-0285,Windsor,Windsor CMA,Windsor area 10,1 Bedroom,Apartment,1320,1454,3.7,12.2,3.6,42.242355,-83.005113,Synthetic candidate record,Derived from CMHC baseline,"CMHC Rental Market Survey, Canada, 2025; Table 1.0",b,a
SYN-0286,London,London CMA,London area 07,1 Bedroom,Apartment,1290,1651,4,15.1,4.1,43.012489,-81.367648,Synthetic candidate record,Derived from CMHC baseline,"CMHC Rental Market Survey, Canada, 2025; Table 1.0",a,a
SYN-0287,Ottawa,Ottawa-Gatineau CMA (Ont. part),Ottawa area 03,2 Bedroom,Apartment,1895,1926,3,15.4,3.4,45.514404,-75.561021,Synthetic candidate record,Derived from CMHC baseline,"CMHC Rental Market Survey, Canada, 2025; Table 1.0",b,a
SYN-0288,Thunder Bay,Thunder Bay CMA,Thunder Bay area 05,2 Bedroom,Townhouse,1555,1495,4,3.4,6.8,48.37639,-89.338201,Synthetic candidate record,Derived from CMHC baseline,"CMHC Rental Market Survey, Canada, 2025; Table 1.0",b,a
SYN-0289,Ottawa,Ottawa-Gatineau CMA (Ont. part),Ottawa area 12,1 Bedroom,Apartment,1620,1926,3,15.4,3.4,45.436327,-75.687183,Synthetic candidate record,Derived from CMHC baseline,"CMHC Rental Market Survey, Canada, 2025; Table 1.0",b,a
SYN-0290,Belleville,Belleville - Quinte West CMA,Belleville area 01,3 Bedroom,Apartment,1795,1484,3.4,16.9,,44.146377,-77.289076,Synthetic candidate record,Derived from CMHC baseline,"CMHC Rental Market Survey, Canada, 2025; Table 1.0",c,a
SYN-0291,Greater Sudbury,Greater Sudbury/Grand Sudbury CMA,Greater Sudbury area 01,2 Bedroom,Apartment,1835,1558,1.2,6.6,,46.576908,-80.883555,Synthetic candidate record,Derived from CMHC baseline,"CMHC Rental Market Survey, Canada, 2025; Table 1.0",a,a
SYN-0292,Oshawa,Oshawa CMA,Oshawa area 08,2 Bedroom,Apartment,1625,1754,3.7,4.8,,43.982791,-78.911584,Synthetic candidate record,Derived from CMHC baseline,"CMHC Rental Market Survey, Canada, 2025; Table 1.0",b,a
SYN-0293,Windsor,Windsor CMA,Windsor area 03,3 Bedroom,Apartment,1880,1454,3.7,12.2,3.6,42.253462,-83.141167,Synthetic candidate record,Derived from CMHC baseline,"CMHC Rental Market Survey, Canada, 2025; Table 1.0",b,a
SYN-0294,Toronto,Toronto CMA,Toronto area 05,2 Bedroom,Apartment,1905,2046,3,8.7,3.4,43.556017,-79.428226,Synthetic candidate record,Derived from CMHC baseline,"CMHC Rental Market Survey, Canada, 2025; Table 1.0",a,a
SYN-0295,Kitchener-Waterloo,Kitchener-Cambridge-Waterloo CMA,Kitchener-Waterloo area 03,1 Bedroom,Townhouse,1690,1832,4.1,16.1,3.3,43.368948,-80.44587,Synthetic candidate record,Derived from CMHC baseline,"CMHC Rental Market Survey, Canada, 2025; Table 1.0",b,a
SYN-0296,Hamilton,Hamilton CMA,Hamilton area 08,1 Bedroom,Apartment,1250,1656,3.6,13.1,1.6,43.157066,-79.903072,Synthetic candidate record,Derived from CMHC baseline,"CMHC Rental Market Survey, Canada, 2025; Table 1.0",a,a
SYN-0297,St. Catharines,St. Catharines-Niagara CMA,St. Catharines area 04,3 Bedroom,Apartment,1720,1527,3.9,12.8,5.5,43.111711,-79.285408,Synthetic candidate record,Derived from CMHC baseline,"CMHC Rental Market Survey, Canada, 2025; Table 1.0",b,a
SYN-0298,Belleville,Belleville - Quinte West CMA,Belleville area 09,2 Bedroom,Townhouse,1525,1484,3.4,16.9,,44.124161,-77.40957,Synthetic candidate record,Derived from CMHC baseline,"CMHC Rental Market Survey, Canada, 2025; Table 1.0",c,a
SYN-0299,Oshawa,Oshawa CMA,Oshawa area 08,2 Bedroom,Apartment,1690,1754,3.7,4.8,,43.988572,-78.871856,Synthetic candidate record,Derived from CMHC baseline,"CMHC Rental Market Survey, Canada, 2025; Table 1.0",b,a
SYN-0300,Peterborough,Peterborough CMA,Peterborough area 04,1 Bedroom,Townhouse,1395,1518,3.1,8.4,,44.36057,-78.235295,Synthetic candidate record,Derived from CMHC baseline,"CMHC Rental Market Survey, Canada, 2025; Table 1.0",b,a
SYN-0301,London,London CMA,London area 02,2 Bedroom,Apartment,1500,1651,4,15.1,4.1,42.957257,-81.131226,Synthetic candidate record,Derived from CMHC baseline,"CMHC Rental Market Survey, Canada, 2025; Table 1.0",a,a
SYN-0302,Belleville,Belleville - Quinte West CMA,Belleville area 06,2 Bedroom,Apartment,1460,1484,3.4,16.9,,44.17734,-77.480821,Synthetic candidate record,Derived from CMHC baseline,"CMHC Rental Market Survey, Canada, 2025; Table 1.0",c,a
SYN-0303,Toronto,Toronto CMA,Toronto area 01,Studio,Apartment,1365,2046,3,8.7,3.4,43.732978,-79.39827,Synthetic candidate record,Derived from CMHC baseline,"CMHC Rental Market Survey, Canada, 2025; Table 1.0",a,a
SYN-0304,Toronto,Toronto CMA,Toronto area 08,1 Bedroom,Townhouse,1660,2046,3,8.7,3.4,43.64456,-79.505451,Synthetic candidate record,Derived from CMHC baseline,"CMHC Rental Market Survey, Canada, 2025; Table 1.0",a,a
SYN-0305,Oshawa,Oshawa CMA,Oshawa area 07,2 Bedroom,Townhouse,1895,1754,3.7,4.8,,43.84068,-78.984306,Synthetic candidate record,Derived from CMHC baseline,"CMHC Rental Market Survey, Canada, 2025; Table 1.0",b,a
SYN-0306,Peterborough,Peterborough CMA,Peterborough area 08,2 Bedroom,Apartment,1525,1518,3.1,8.4,,44.396017,-78.440156,Synthetic candidate record,Derived from CMHC baseline,"CMHC Rental Market Survey, Canada, 2025; Table 1.0",b,a
SYN-0307,Belleville,Belleville - Quinte West CMA,Belleville area 07,1 Bedroom,Apartment,1235,1484,3.4,16.9,,44.258467,-77.342529,Synthetic candidate record,Derived from CMHC baseline,"CMHC Rental Market Survey, Canada, 2025; Table 1.0",c,a
SYN-0308,Peterborough,Peterborough CMA,Peterborough area 07,3 Bedroom,Townhouse,1760,1518,3.1,8.4,,44.298807,-78.203119,Synthetic candidate record,Derived from CMHC baseline,"CMHC Rental Market Survey, Canada, 2025; Table 1.0",b,a
SYN-0309,Greater Sudbury,Greater Sudbury/Grand Sudbury CMA,Greater Sudbury area 09,Studio,Apartment,1020,1558,1.2,6.6,,46.427395,-80.982176,Synthetic candidate record,Derived from CMHC baseline,"CMHC Rental Market Survey, Canada, 2025; Table 1.0",a,a
SYN-0310,Hamilton,Hamilton CMA,Hamilton area 05,2 Bedroom,Apartment,1560,1656,3.6,13.1,1.6,43.322664,-79.80075,Synthetic candidate record,Derived from CMHC baseline,"CMHC Rental Market Survey, Canada, 2025; Table 1.0",a,a
SYN-0311,Toronto,Toronto CMA,Toronto area 05,2 Bedroom,Townhouse,1905,2046,3,8.7,3.4,43.602702,-79.425725,Synthetic candidate record,Derived from CMHC baseline,"CMHC Rental Market Survey, Canada, 2025; Table 1.0",a,a
SYN-0312,Kitchener-Waterloo,Kitchener-Cambridge-Waterloo CMA,Kitchener-Waterloo area 10,3 Bedroom,Apartment,2190,1832,4.1,16.1,3.3,43.358043,-80.448366,Synthetic candidate record,Derived from CMHC baseline,"CMHC Rental Market Survey, Canada, 2025; Table 1.0",b,a
SYN-0313,Barrie,Barrie CMA,Barrie area 01,1 Bedroom,Apartment,1460,1755,4.3,12.8,4.3,44.408957,-79.633405,Synthetic candidate record,Derived from CMHC baseline,"CMHC Rental Market Survey, Canada, 2025; Table 1.0",b,a
SYN-0314,London,London CMA,London area 01,2 Bedroom,Townhouse,1805,1651,4,15.1,4.1,42.972693,-81.23443,Synthetic candidate record,Derived from CMHC baseline,"CMHC Rental Market Survey, Canada, 2025; Table 1.0",a,a
SYN-0315,Hamilton,Hamilton CMA,Hamilton area 11,2 Bedroom,Apartment,1685,1656,3.6,13.1,1.6,43.270922,-79.849825,Synthetic candidate record,Derived from CMHC baseline,"CMHC Rental Market Survey, Canada, 2025; Table 1.0",a,a
SYN-0316,Ottawa,Ottawa-Gatineau CMA (Ont. part),Ottawa area 07,1 Bedroom,Apartment,1840,1926,3,15.4,3.4,45.518639,-75.691145,Synthetic candidate record,Derived from CMHC baseline,"CMHC Rental Market Survey, Canada, 2025; Table 1.0",b,a
SYN-0317,Oshawa,Oshawa CMA,Oshawa area 11,1 Bedroom,Apartment,1360,1754,3.7,4.8,,43.896224,-78.734715,Synthetic candidate record,Derived from CMHC baseline,"CMHC Rental Market Survey, Canada, 2025; Table 1.0",b,a
SYN-0318,Greater Sudbury,Greater Sudbury/Grand Sudbury CMA,Greater Sudbury area 05,2 Bedroom,Apartment,1470,1558,1.2,6.6,,46.530962,-81.019651,Synthetic candidate record,Derived from CMHC baseline,"CMHC Rental Market Survey, Canada, 2025; Table 1.0",a,a
SYN-0319,Greater Sudbury,Greater Sudbury/Grand Sudbury CMA,Greater Sudbury area 08,1 Bedroom,Townhouse,1385,1558,1.2,6.6,,46.563208,-81.096317,Synthetic candidate record,Derived from CMHC baseline,"CMHC Rental Market Survey, Canada, 2025; Table 1.0",a,a
SYN-0320,Belleville,Belleville - Quinte West CMA,Belleville area 04,2 Bedroom,Townhouse,1690,1484,3.4,16.9,,44.174257,-77.485215,Synthetic candidate record,Derived from CMHC baseline,"CMHC Rental Market Survey, Canada, 2025; Table 1.0",c,a
SYN-0321,St. Catharines,St. Catharines-Niagara CMA,St. Catharines area 04,1 Bedroom,Apartment,1415,1527,3.9,12.8,5.5,43.077893,-79.185324,Synthetic candidate record,Derived from CMHC baseline,"CMHC Rental Market Survey, Canada, 2025; Table 1.0",b,a
SYN-0322,Belleville,Belleville - Quinte West CMA,Belleville area 10,1 Bedroom,Apartment,1135,1484,3.4,16.9,,44.237524,-77.47014,Synthetic candidate record,Derived from CMHC baseline,"CMHC Rental Market Survey, Canada, 2025; Table 1.0",c,a
SYN-0323,Kitchener-Waterloo,Kitchener-Cambridge-Waterloo CMA,Kitchener-Waterloo area 12,1 Bedroom,Apartment,1420,1832,4.1,16.1,3.3,43.393962,-80.577898,Synthetic candidate record,Derived from CMHC baseline,"CMHC Rental Market Survey, Canada, 2025; Table 1.0",b,a
SYN-0324,Guelph,Guelph CMA,Guelph area 12,2 Bedroom,Townhouse,2250,1802,3.1,15.1,4.6,43.627688,-80.194222,Synthetic candidate record,Derived from CMHC baseline,"CMHC Rental Market Survey, Canada, 2025; Table 1.0",b,a
SYN-0325,Kitchener-Waterloo,Kitchener-Cambridge-Waterloo CMA,Kitchener-Waterloo area 06,1 Bedroom,Apartment,1320,1832,4.1,16.1,3.3,43.427732,-80.483229,Synthetic candidate record,Derived from CMHC baseline,"CMHC Rental Market Survey, Canada, 2025; Table 1.0",b,a
SYN-0326,Oshawa,Oshawa CMA,Oshawa area 12,1 Bedroom,Townhouse,1490,1754,3.7,4.8,,43.890301,-78.781753,Synthetic candidate record,Derived from CMHC baseline,"CMHC Rental Market Survey, Canada, 2025; Table 1.0",b,a
SYN-0327,Windsor,Windsor CMA,Windsor area 04,2 Bedroom,Apartment,1545,1454,3.7,12.2,3.6,42.297686,-83.019489,Synthetic candidate record,Derived from CMHC baseline,"CMHC Rental Market Survey, Canada, 2025; Table 1.0",b,a
SYN-0328,Hamilton,Hamilton CMA,Hamilton area 04,Studio,Townhouse,1170,1656,3.6,13.1,1.6,43.214738,-79.954529,Synthetic candidate record,Derived from CMHC baseline,"CMHC Rental Market Survey, Canada, 2025; Table 1.0",a,a
SYN-0329,Greater Sudbury,Greater Sudbury/Grand Sudbury CMA,Greater Sudbury area 08,2 Bedroom,Apartment,1390,1558,1.2,6.6,,46.528669,-81.063497,Synthetic candidate record,Derived from CMHC baseline,"CMHC Rental Market Survey, Canada, 2025; Table 1.0",a,a
SYN-0330,Windsor,Windsor CMA,Windsor area 08,1 Bedroom,Apartment,1195,1454,3.7,12.2,3.6,42.248753,-82.976812,Synthetic candidate record,Derived from CMHC baseline,"CMHC Rental Market Survey, Canada, 2025; Table 1.0",b,a
SYN-0331,Kingston,Kingston CMA,Kingston area 01,3 Bedroom,Apartment,1860,1764,2.4,17.3,2.4,44.146066,-76.39724,Synthetic candidate record,Derived from CMHC baseline,"CMHC Rental Market Survey, Canada, 2025; Table 1.0",a,a
SYN-0332,Barrie,Barrie CMA,Barrie area 04,1 Bedroom,Apartment,1410,1755,4.3,12.8,4.3,44.302994,-79.787968,Synthetic candidate record,Derived from CMHC baseline,"CMHC Rental Market Survey, Canada, 2025; Table 1.0",b,a
SYN-0333,Toronto,Toronto CMA,Toronto area 01,1 Bedroom,Townhouse,1800,2046,3,8.7,3.4,43.659642,-79.407708,Synthetic candidate record,Derived from CMHC baseline,"CMHC Rental Market Survey, Canada, 2025; Table 1.0",a,a
SYN-0334,St. Catharines,St. Catharines-Niagara CMA,St. Catharines area 11,2 Bedroom,Apartment,1510,1527,3.9,12.8,5.5,43.062829,-79.161039,Synthetic candidate record,Derived from CMHC baseline,"CMHC Rental Market Survey, Canada, 2025; Table 1.0",b,a
SYN-0335,Thunder Bay,Thunder Bay CMA,Thunder Bay area 09,2 Bedroom,Apartment,1535,1495,4,3.4,6.8,48.310679,-89.340467,Synthetic candidate record,Derived from CMHC baseline,"CMHC Rental Market Survey, Canada, 2025; Table 1.0",b,a
SYN-0336,St. Catharines,St. Catharines-Niagara CMA,St. Catharines area 07,2 Bedroom,Apartment,1560,1527,3.9,12.8,5.5,43.218387,-79.362324,Synthetic candidate record,Derived from CMHC baseline,"CMHC Rental Market Survey, Canada, 2025; Table 1.0",b,a
SYN-0337,Toronto,Toronto CMA,Toronto area 11,2 Bedroom,Apartment,1955,2046,3,8.7,3.4,43.569323,-79.24729,Synthetic candidate record,Derived from CMHC baseline,"CMHC Rental Market Survey, Canada, 2025; Table 1.0",a,a
SYN-0338,Belleville,Belleville - Quinte West CMA,Belleville area 11,Studio,Townhouse,1235,1484,3.4,16.9,,44.138234,-77.38989,Synthetic candidate record,Derived from CMHC baseline,"CMHC Rental Market Survey, Canada, 2025; Table 1.0",c,a
SYN-0339,Barrie,Barrie CMA,Barrie area 02,2 Bedroom,Apartment,1615,1755,4.3,12.8,4.3,44.446275,-79.671868,Synthetic candidate record,Derived from CMHC baseline,"CMHC Rental Market Survey, Canada, 2025; Table 1.0",b,a
SYN-0340,Belleville,Belleville - Quinte West CMA,Belleville area 11,1 Bedroom,Townhouse,1315,1484,3.4,16.9,,44.117019,-77.264945,Synthetic candidate record,Derived from CMHC baseline,"CMHC Rental Market Survey, Canada, 2025; Table 1.0",c,a
SYN-0341,St. Catharines,St. Catharines-Niagara CMA,St. Catharines area 03,3 Bedroom,Apartment,1995,1527,3.9,12.8,5.5,43.062532,-79.327191,Synthetic candidate record,Derived from CMHC baseline,"CMHC Rental Market Survey, Canada, 2025; Table 1.0",b,a
SYN-0342,Greater Sudbury,Greater Sudbury/Grand Sudbury CMA,Greater Sudbury area 07,3 Bedroom,Apartment,2170,1558,1.2,6.6,,46.42419,-81.068394,Synthetic candidate record,Derived from CMHC baseline,"CMHC Rental Market Survey, Canada, 2025; Table 1.0",a,a
SYN-0343,Ottawa,Ottawa-Gatineau CMA (Ont. part),Ottawa area 06,1 Bedroom,Apartment,1625,1926,3,15.4,3.4,45.337186,-75.627258,Synthetic candidate record,Derived from CMHC baseline,"CMHC Rental Market Survey, Canada, 2025; Table 1.0",b,a
SYN-0344,Belleville,Belleville - Quinte West CMA,Belleville area 10,Studio,Apartment,895,1484,3.4,16.9,,44.230535,-77.427643,Synthetic candidate record,Derived from CMHC baseline,"CMHC Rental Market Survey, Canada, 2025; Table 1.0",c,a
SYN-0345,Greater Sudbury,Greater Sudbury/Grand Sudbury CMA,Greater Sudbury area 06,3 Bedroom,Apartment,2030,1558,1.2,6.6,,46.590217,-80.99573,Synthetic candidate record,Derived from CMHC baseline,"CMHC Rental Market Survey, Canada, 2025; Table 1.0",a,a
SYN-0346,Greater Sudbury,Greater Sudbury/Grand Sudbury CMA,Greater Sudbury area 04,1 Bedroom,Townhouse,1395,1558,1.2,6.6,,46.408839,-80.958542,Synthetic candidate record,Derived from CMHC baseline,"CMHC Rental Market Survey, Canada, 2025; Table 1.0",a,a
SYN-0347,Brantford,Brantford CMA,Brantford area 06,Studio,Apartment,995,1619,3.5,14.5,,43.070255,-80.294653,Synthetic candidate record,Derived from CMHC baseline,"CMHC Rental Market Survey, Canada, 2025; Table 1.0",c,a
SYN-0348,Guelph,Guelph CMA,Guelph area 02,Studio,Apartment,1335,1802,3.1,15.1,4.6,43.533747,-80.176088,Synthetic candidate record,Derived from CMHC baseline,"CMHC Rental Market Survey, Canada, 2025; Table 1.0",b,a
SYN-0349,Hamilton,Hamilton CMA,Hamilton area 06,Studio,Townhouse,1105,1656,3.6,13.1,1.6,43.237309,-80.001194,Synthetic candidate record,Derived from CMHC baseline,"CMHC Rental Market Survey, Canada, 2025; Table 1.0",a,a
SYN-0350,Brantford,Brantford CMA,Brantford area 07,2 Bedroom,Apartment,1670,1619,3.5,14.5,,43.212144,-80.398062,Synthetic candidate record,Derived from CMHC baseline,"CMHC Rental Market Survey, Canada, 2025; Table 1.0",c,a
SYN-0351,Greater Sudbury,Greater Sudbury/Grand Sudbury CMA,Greater Sudbury area 05,2 Bedroom,Apartment,1495,1558,1.2,6.6,,46.467846,-81.097918,Synthetic candidate record,Derived from CMHC baseline,"CMHC Rental Market Survey, Canada, 2025; Table 1.0",a,a
SYN-0352,St. Catharines,St. Catharines-Niagara CMA,St. Catharines area 05,1 Bedroom,Apartment,1225,1527,3.9,12.8,5.5,43.092841,-79.308326,Synthetic candidate record,Derived from CMHC baseline,"CMHC Rental Market Survey, Canada, 2025; Table 1.0",b,a
SYN-0353,Windsor,Windsor CMA,Windsor area 04,2 Bedroom,Apartment,1455,1454,3.7,12.2,3.6,42.339907,-83.011028,Synthetic candidate record,Derived from CMHC baseline,"CMHC Rental Market Survey, Canada, 2025; Table 1.0",b,a
SYN-0354,Toronto,Toronto CMA,Toronto area 10,Studio,Apartment,1470,2046,3,8.7,3.4,43.554553,-79.412033,Synthetic candidate record,Derived from CMHC baseline,"CMHC Rental Market Survey, Canada, 2025; Table 1.0",a,a
SYN-0355,Greater Sudbury,Greater Sudbury/Grand Sudbury CMA,Greater Sudbury area 10,2 Bedroom,Apartment,1445,1558,1.2,6.6,,46.556407,-80.949123,Synthetic candidate record,Derived from CMHC baseline,"CMHC Rental Market Survey, Canada, 2025; Table 1.0",a,a
SYN-0356,Hamilton,Hamilton CMA,Hamilton area 07,1 Bedroom,Apartment,1400,1656,3.6,13.1,1.6,43.251502,-79.959624,Synthetic candidate record,Derived from CMHC baseline,"CMHC Rental Market Survey, Canada, 2025; Table 1.0",a,a
SYN-0357,Ottawa,Ottawa-Gatineau CMA (Ont. part),Ottawa area 07,1 Bedroom,Townhouse,1925,1926,3,15.4,3.4,45.386677,-75.759803,Synthetic candidate record,Derived from CMHC baseline,"CMHC Rental Market Survey, Canada, 2025; Table 1.0",b,a
SYN-0358,Peterborough,Peterborough CMA,Peterborough area 11,Studio,Apartment,1005,1518,3.1,8.4,,44.327545,-78.306947,Synthetic candidate record,Derived from CMHC baseline,"CMHC Rental Market Survey, Canada, 2025; Table 1.0",b,a
SYN-0359,Barrie,Barrie CMA,Barrie area 02,3 Bedroom,Townhouse,2445,1755,4.3,12.8,4.3,44.448937,-79.597582,Synthetic candidate record,Derived from CMHC baseline,"CMHC Rental Market Survey, Canada, 2025; Table 1.0",b,a
SYN-0360,Thunder Bay,Thunder Bay CMA,Thunder Bay area 11,2 Bedroom,Apartment,1470,1495,4,3.4,6.8,48.407567,-89.325384,Synthetic candidate record,Derived from CMHC baseline,"CMHC Rental Market Survey, Canada, 2025; Table 1.0",b,a
SYN-0361,Hamilton,Hamilton CMA,Hamilton area 09,2 Bedroom,Townhouse,2155,1656,3.6,13.1,1.6,43.251547,-79.89834,Synthetic candidate record,Derived from CMHC baseline,"CMHC Rental Market Survey, Canada, 2025; Table 1.0",a,a
SYN-0362,Thunder Bay,Thunder Bay CMA,Thunder Bay area 10,2 Bedroom,Apartment,1650,1495,4,3.4,6.8,48.421227,-89.153659,Synthetic candidate record,Derived from CMHC baseline,"CMHC Rental Market Survey, Canada, 2025; Table 1.0",b,a
SYN-0363,Brantford,Brantford CMA,Brantford area 11,Studio,Apartment,1060,1619,3.5,14.5,,43.1688,-80.389303,Synthetic candidate record,Derived from CMHC baseline,"CMHC Rental Market Survey, Canada, 2025; Table 1.0",c,a
SYN-0364,Greater Sudbury,Greater Sudbury/Grand Sudbury CMA,Greater Sudbury area 01,3 Bedroom,Apartment,1805,1558,1.2,6.6,,46.584843,-81.013203,Synthetic candidate record,Derived from CMHC baseline,"CMHC Rental Market Survey, Canada, 2025; Table 1.0",a,a
SYN-0365,Guelph,Guelph CMA,Guelph area 09,1 Bedroom,Apartment,1375,1802,3.1,15.1,4.6,43.599268,-80.223756,Synthetic candidate record,Derived from CMHC baseline,"CMHC Rental Market Survey, Canada, 2025; Table 1.0",b,a
SYN-0366,Hamilton,Hamilton CMA,Hamilton area 02,1 Bedroom,Apartment,1390,1656,3.6,13.1,1.6,43.252254,-79.927277,Synthetic candidate record,Derived from CMHC baseline,"CMHC Rental Market Survey, Canada, 2025; Table 1.0",a,a
SYN-0367,Guelph,Guelph CMA,Guelph area 06,2 Bedroom,Apartment,1730,1802,3.1,15.1,4.6,43.601654,-80.242374,Synthetic candidate record,Derived from CMHC baseline,"CMHC Rental Market Survey, Canada, 2025; Table 1.0",b,a
SYN-0368,Windsor,Windsor CMA,Windsor area 12,Studio,Townhouse,1130,1454,3.7,12.2,3.6,42.278682,-83.090422,Synthetic candidate record,Derived from CMHC baseline,"CMHC Rental Market Survey, Canada, 2025; Table 1.0",b,a
SYN-0369,Guelph,Guelph CMA,Guelph area 04,Studio,Apartment,1145,1802,3.1,15.1,4.6,43.477671,-80.11468,Synthetic candidate record,Derived from CMHC baseline,"CMHC Rental Market Survey, Canada, 2025; Table 1.0",b,a
SYN-0370,Kingston,Kingston CMA,Kingston area 04,2 Bedroom,Apartment,1605,1764,2.4,17.3,2.4,44.24317,-76.358033,Synthetic candidate record,Derived from CMHC baseline,"CMHC Rental Market Survey, Canada, 2025; Table 1.0",a,a
SYN-0371,Greater Sudbury,Greater Sudbury/Grand Sudbury CMA,Greater Sudbury area 04,2 Bedroom,Apartment,1480,1558,1.2,6.6,,46.397538,-80.959852,Synthetic candidate record,Derived from CMHC baseline,"CMHC Rental Market Survey, Canada, 2025; Table 1.0",a,a
SYN-0372,Toronto,Toronto CMA,Toronto area 05,2 Bedroom,Townhouse,2075,2046,3,8.7,3.4,43.55409,-79.462037,Synthetic candidate record,Derived from CMHC baseline,"CMHC Rental Market Survey, Canada, 2025; Table 1.0",a,a
SYN-0373,Brantford,Brantford CMA,Brantford area 08,2 Bedroom,Apartment,1565,1619,3.5,14.5,,43.062191,-80.217613,Synthetic candidate record,Derived from CMHC baseline,"CMHC Rental Market Survey, Canada, 2025; Table 1.0",c,a
SYN-0374,Ottawa,Ottawa-Gatineau CMA (Ont. part),Ottawa area 08,2 Bedroom,Townhouse,2155,1926,3,15.4,3.4,45.438901,-75.740533,Synthetic candidate record,Derived from CMHC baseline,"CMHC Rental Market Survey, Canada, 2025; Table 1.0",b,a
SYN-0375,Kingston,Kingston CMA,Kingston area 04,2 Bedroom,Apartment,1920,1764,2.4,17.3,2.4,44.265622,-76.538144,Synthetic candidate record,Derived from CMHC baseline,"CMHC Rental Market Survey, Canada, 2025; Table 1.0",a,a
SYN-0376,Oshawa,Oshawa CMA,Oshawa area 07,Studio,Apartment,1135,1754,3.7,4.8,,43.935787,-78.862796,Synthetic candidate record,Derived from CMHC baseline,"CMHC Rental Market Survey, Canada, 2025; Table 1.0",b,a
SYN-0377,Hamilton,Hamilton CMA,Hamilton area 03,2 Bedroom,Townhouse,1865,1656,3.6,13.1,1.6,43.294387,-79.83121,Synthetic candidate record,Derived from CMHC baseline,"CMHC Rental Market Survey, Canada, 2025; Table 1.0",a,a
SYN-0378,Kingston,Kingston CMA,Kingston area 10,1 Bedroom,Apartment,1590,1764,2.4,17.3,2.4,44.16862,-76.390544,Synthetic candidate record,Derived from CMHC baseline,"CMHC Rental Market Survey, Canada, 2025; Table 1.0",a,a
SYN-0379,Belleville,Belleville - Quinte West CMA,Belleville area 11,3 Bedroom,Apartment,1735,1484,3.4,16.9,,44.139589,-77.366031,Synthetic candidate record,Derived from CMHC baseline,"CMHC Rental Market Survey, Canada, 2025; Table 1.0",c,a
SYN-0380,Windsor,Windsor CMA,Windsor area 08,1 Bedroom,Townhouse,1295,1454,3.7,12.2,3.6,42.298026,-82.94447,Synthetic candidate record,Derived from CMHC baseline,"CMHC Rental Market Survey, Canada, 2025; Table 1.0",b,a
SYN-0381,Kingston,Kingston CMA,Kingston area 05,Studio,Apartment,1220,1764,2.4,17.3,2.4,44.137739,-76.562802,Synthetic candidate record,Derived from CMHC baseline,"CMHC Rental Market Survey, Canada, 2025; Table 1.0",a,a
SYN-0382,Kingston,Kingston CMA,Kingston area 02,2 Bedroom,Townhouse,1810,1764,2.4,17.3,2.4,44.241145,-76.593962,Synthetic candidate record,Derived from CMHC baseline,"CMHC Rental Market Survey, Canada, 2025; Table 1.0",a,a
SYN-0383,St. Catharines,St. Catharines-Niagara CMA,St. Catharines area 04,2 Bedroom,Apartment,1340,1527,3.9,12.8,5.5,43.211401,-79.262976,Synthetic candidate record,Derived from CMHC baseline,"CMHC Rental Market Survey, Canada, 2025; Table 1.0",b,a
SYN-0384,Thunder Bay,Thunder Bay CMA,Thunder Bay area 08,Studio,Apartment,985,1495,4,3.4,6.8,48.340442,-89.097344,Synthetic candidate record,Derived from CMHC baseline,"CMHC Rental Market Survey, Canada, 2025; Table 1.0",b,a
SYN-0385,St. Catharines,St. Catharines-Niagara CMA,St. Catharines area 12,1 Bedroom,Apartment,975,1527,3.9,12.8,5.5,43.214526,-79.319024,Synthetic candidate record,Derived from CMHC baseline,"CMHC Rental Market Survey, Canada, 2025; Table 1.0",b,a
SYN-0386,Peterborough,Peterborough CMA,Peterborough area 04,3 Bedroom,Townhouse,2195,1518,3.1,8.4,,44.242296,-78.420531,Synthetic candidate record,Derived from CMHC baseline,"CMHC Rental Market Survey, Canada, 2025; Table 1.0",b,a
SYN-0387,Kitchener-Waterloo,Kitchener-Cambridge-Waterloo CMA,Kitchener-Waterloo area 05,2 Bedroom,Apartment,1650,1832,4.1,16.1,3.3,43.385275,-80.360536,Synthetic candidate record,Derived from CMHC baseline,"CMHC Rental Market Survey, Canada, 2025; Table 1.0",b,a
SYN-0388,Oshawa,Oshawa CMA,Oshawa area 07,2 Bedroom,Apartment,1720,1754,3.7,4.8,,43.824218,-78.796386,Synthetic candidate record,Derived from CMHC baseline,"CMHC Rental Market Survey, Canada, 2025; Table 1.0",b,a
SYN-0389,Belleville,Belleville - Quinte West CMA,Belleville area 04,3 Bedroom,Apartment,1805,1484,3.4,16.9,,44.092049,-77.432799,Synthetic candidate record,Derived from CMHC baseline,"CMHC Rental Market Survey, Canada, 2025; Table 1.0",c,a
SYN-0390,Greater Sudbury,Greater Sudbury/Grand Sudbury CMA,Greater Sudbury area 02,1 Bedroom,Apartment,1230,1558,1.2,6.6,,46.517263,-81.029263,Synthetic candidate record,Derived from CMHC baseline,"CMHC Rental Market Survey, Canada, 2025; Table 1.0",a,a
SYN-0391,Brantford,Brantford CMA,Brantford area 10,1 Bedroom,Apartment,1260,1619,3.5,14.5,,43.130339,-80.267677,Synthetic candidate record,Derived from CMHC baseline,"CMHC Rental Market Survey, Canada, 2025; Table 1.0",c,a
SYN-0392,Barrie,Barrie CMA,Barrie area 11,3 Bedroom,Apartment,1845,1755,4.3,12.8,4.3,44.435586,-79.701929,Synthetic candidate record,Derived from CMHC baseline,"CMHC Rental Market Survey, Canada, 2025; Table 1.0",b,a
SYN-0393,Peterborough,Peterborough CMA,Peterborough area 05,2 Bedroom,Townhouse,1665,1518,3.1,8.4,,44.25147,-78.384392,Synthetic candidate record,Derived from CMHC baseline,"CMHC Rental Market Survey, Canada, 2025; Table 1.0",b,a
SYN-0394,Ottawa,Ottawa-Gatineau CMA (Ont. part),Ottawa area 06,2 Bedroom,Apartment,2075,1926,3,15.4,3.4,45.434728,-75.701378,Synthetic candidate record,Derived from CMHC baseline,"CMHC Rental Market Survey, Canada, 2025; Table 1.0",b,a
SYN-0395,Belleville,Belleville - Quinte West CMA,Belleville area 07,Studio,Townhouse,1275,1484,3.4,16.9,,44.094397,-77.395323,Synthetic candidate record,Derived from CMHC baseline,"CMHC Rental Market Survey, Canada, 2025; Table 1.0",c,a
SYN-0396,Kitchener-Waterloo,Kitchener-Cambridge-Waterloo CMA,Kitchener-Waterloo area 05,3 Bedroom,Apartment,2295,1832,4.1,16.1,3.3,43.52803,-80.547086,Synthetic candidate record,Derived from CMHC baseline,"CMHC Rental Market Survey, Canada, 2025; Table 1.0",b,a
SYN-0397,Brantford,Brantford CMA,Brantford area 11,2 Bedroom,Apartment,1775,1619,3.5,14.5,,43.169182,-80.38725,Synthetic candidate record,Derived from CMHC baseline,"CMHC Rental Market Survey, Canada, 2025; Table 1.0",c,a
SYN-0398,Oshawa,Oshawa CMA,Oshawa area 02,2 Bedroom,Apartment,1850,1754,3.7,4.8,,43.882946,-78.979263,Synthetic candidate record,Derived from CMHC baseline,"CMHC Rental Market Survey, Canada, 2025; Table 1.0",b,a
SYN-0399,Barrie,Barrie CMA,Barrie area 12,1 Bedroom,Apartment,1490,1755,4.3,12.8,4.3,44.425397,-79.827639,Synthetic candidate record,Derived from CMHC baseline,"CMHC Rental Market Survey, Canada, 2025; Table 1.0",b,a
SYN-0400,Ottawa,Ottawa-Gatineau CMA (Ont. part),Ottawa area 04,2 Bedroom,Townhouse,2165,1926,3,15.4,3.4,45.460306,-75.703554,Synthetic candidate record,Derived from CMHC baseline,"CMHC Rental Market Survey, Canada, 2025; Table 1.0",b,a
SYN-0401,Greater Sudbury,Greater Sudbury/Grand Sudbury CMA,Greater Sudbury area 03,Studio,Apartment,1120,1558,1.2,6.6,,46.451551,-81.02707,Synthetic candidate record,Derived from CMHC baseline,"CMHC Rental Market Survey, Canada, 2025; Table 1.0",a,a
SYN-0402,Hamilton,Hamilton CMA,Hamilton area 06,Studio,Apartment,1175,1656,3.6,13.1,1.6,43.277764,-79.963337,Synthetic candidate record,Derived from CMHC baseline,"CMHC Rental Market Survey, Canada, 2025; Table 1.0",a,a
SYN-0403,Kitchener-Waterloo,Kitchener-Cambridge-Waterloo CMA,Kitchener-Waterloo area 02,2 Bedroom,Apartment,2000,1832,4.1,16.1,3.3,43.440077,-80.570399,Synthetic candidate record,Derived from CMHC baseline,"CMHC Rental Market Survey, Canada, 2025; Table 1.0",b,a
SYN-0404,Hamilton,Hamilton CMA,Hamilton area 03,2 Bedroom,Townhouse,1700,1656,3.6,13.1,1.6,43.226007,-79.890491,Synthetic candidate record,Derived from CMHC baseline,"CMHC Rental Market Survey, Canada, 2025; Table 1.0",a,a
SYN-0405,London,London CMA,London area 12,1 Bedroom,Apartment,1355,1651,4,15.1,4.1,43.029136,-81.304102,Synthetic candidate record,Derived from CMHC baseline,"CMHC Rental Market Survey, Canada, 2025; Table 1.0",a,a
SYN-0406,Barrie,Barrie CMA,Barrie area 04,2 Bedroom,Apartment,1935,1755,4.3,12.8,4.3,44.330489,-79.660374,Synthetic candidate record,Derived from CMHC baseline,"CMHC Rental Market Survey, Canada, 2025; Table 1.0",b,a
SYN-0407,Greater Sudbury,Greater Sudbury/Grand Sudbury CMA,Greater Sudbury area 04,1 Bedroom,Apartment,1315,1558,1.2,6.6,,46.439568,-81.026151,Synthetic candidate record,Derived from CMHC baseline,"CMHC Rental Market Survey, Canada, 2025; Table 1.0",a,a
SYN-0408,Windsor,Windsor CMA,Windsor area 06,2 Bedroom,Apartment,1265,1454,3.7,12.2,3.6,42.320557,-82.907198,Synthetic candidate record,Derived from CMHC baseline,"CMHC Rental Market Survey, Canada, 2025; Table 1.0",b,a
SYN-0409,Ottawa,Ottawa-Gatineau CMA (Ont. part),Ottawa area 02,1 Bedroom,Townhouse,1575,1926,3,15.4,3.4,45.474045,-75.567705,Synthetic candidate record,Derived from CMHC baseline,"CMHC Rental Market Survey, Canada, 2025; Table 1.0",b,a
SYN-0410,Barrie,Barrie CMA,Barrie area 01,2 Bedroom,Apartment,1905,1755,4.3,12.8,4.3,44.341837,-79.819091,Synthetic candidate record,Derived from CMHC baseline,"CMHC Rental Market Survey, Canada, 2025; Table 1.0",b,a
SYN-0411,Greater Sudbury,Greater Sudbury/Grand Sudbury CMA,Greater Sudbury area 03,2 Bedroom,Townhouse,1570,1558,1.2,6.6,,46.519807,-80.982061,Synthetic candidate record,Derived from CMHC baseline,"CMHC Rental Market Survey, Canada, 2025; Table 1.0",a,a
SYN-0412,St. Catharines,St. Catharines-Niagara CMA,St. Catharines area 03,Studio,Apartment,1075,1527,3.9,12.8,5.5,43.161661,-79.328277,Synthetic candidate record,Derived from CMHC baseline,"CMHC Rental Market Survey, Canada, 2025; Table 1.0",b,a
SYN-0413,Ottawa,Ottawa-Gatineau CMA (Ont. part),Ottawa area 04,1 Bedroom,Apartment,1530,1926,3,15.4,3.4,45.512186,-75.771674,Synthetic candidate record,Derived from CMHC baseline,"CMHC Rental Market Survey, Canada, 2025; Table 1.0",b,a
SYN-0414,Brantford,Brantford CMA,Brantford area 05,3 Bedroom,Apartment,2140,1619,3.5,14.5,,43.130074,-80.23457,Synthetic candidate record,Derived from CMHC baseline,"CMHC Rental Market Survey, Canada, 2025; Table 1.0",c,a
SYN-0415,Kingston,Kingston CMA,Kingston area 12,Studio,Apartment,1185,1764,2.4,17.3,2.4,44.321803,-76.479579,Synthetic candidate record,Derived from CMHC baseline,"CMHC Rental Market Survey, Canada, 2025; Table 1.0",a,a
SYN-0416,St. Catharines,St. Catharines-Niagara CMA,St. Catharines area 12,1 Bedroom,Apartment,1200,1527,3.9,12.8,5.5,43.209355,-79.144506,Synthetic candidate record,Derived from CMHC baseline,"CMHC Rental Market Survey, Canada, 2025; Table 1.0",b,a
SYN-0417,Guelph,Guelph CMA,Guelph area 10,2 Bedroom,Apartment,1730,1802,3.1,15.1,4.6,43.549571,-80.313608,Synthetic candidate record,Derived from CMHC baseline,"CMHC Rental Market Survey, Canada, 2025; Table 1.0",b,a
SYN-0418,Brantford,Brantford CMA,Brantford area 03,1 Bedroom,Apartment,1420,1619,3.5,14.5,,43.050488,-80.165904,Synthetic candidate record,Derived from CMHC baseline,"CMHC Rental Market Survey, Canada, 2025; Table 1.0",c,a
SYN-0419,Peterborough,Peterborough CMA,Peterborough area 01,1 Bedroom,Apartment,1355,1518,3.1,8.4,,44.232167,-78.252404,Synthetic candidate record,Derived from CMHC baseline,"CMHC Rental Market Survey, Canada, 2025; Table 1.0",b,a
SYN-0420,Belleville,Belleville - Quinte West CMA,Belleville area 07,2 Bedroom,Apartment,1380,1484,3.4,16.9,,44.11171,-77.391072,Synthetic candidate record,Derived from CMHC baseline,"CMHC Rental Market Survey, Canada, 2025; Table 1.0",c,a
SYN-0421,Hamilton,Hamilton CMA,Hamilton area 06,1 Bedroom,Apartment,1145,1656,3.6,13.1,1.6,43.303833,-79.893242,Synthetic candidate record,Derived from CMHC baseline,"CMHC Rental Market Survey, Canada, 2025; Table 1.0",a,a
SYN-0422,London,London CMA,London area 06,1 Bedroom,Apartment,1280,1651,4,15.1,4.1,42.939152,-81.360705,Synthetic candidate record,Derived from CMHC baseline,"CMHC Rental Market Survey, Canada, 2025; Table 1.0",a,a
SYN-0423,Guelph,Guelph CMA,Guelph area 02,2 Bedroom,Apartment,1905,1802,3.1,15.1,4.6,43.641083,-80.122908,Synthetic candidate record,Derived from CMHC baseline,"CMHC Rental Market Survey, Canada, 2025; Table 1.0",b,a
SYN-0424,Toronto,Toronto CMA,Toronto area 01,3 Bedroom,Apartment,2825,2046,3,8.7,3.4,43.61866,-79.368524,Synthetic candidate record,Derived from CMHC baseline,"CMHC Rental Market Survey, Canada, 2025; Table 1.0",a,a
SYN-0425,Peterborough,Peterborough CMA,Peterborough area 04,1 Bedroom,Apartment,1240,1518,3.1,8.4,,44.282755,-78.187819,Synthetic candidate record,Derived from CMHC baseline,"CMHC Rental Market Survey, Canada, 2025; Table 1.0",b,a
SYN-0426,London,London CMA,London area 11,1 Bedroom,Townhouse,1380,1651,4,15.1,4.1,42.889682,-81.233942,Synthetic candidate record,Derived from CMHC baseline,"CMHC Rental Market Survey, Canada, 2025; Table 1.0",a,a
SYN-0427,Barrie,Barrie CMA,Barrie area 04,3 Bedroom,Apartment,2165,1755,4.3,12.8,4.3,44.437017,-79.744173,Synthetic candidate record,Derived from CMHC baseline,"CMHC Rental Market Survey, Canada, 2025; Table 1.0",b,a
SYN-0428,London,London CMA,London area 05,1 Bedroom,Apartment,1255,1651,4,15.1,4.1,43.079412,-81.343074,Synthetic candidate record,Derived from CMHC baseline,"CMHC Rental Market Survey, Canada, 2025; Table 1.0",a,a
SYN-0429,Brantford,Brantford CMA,Brantford area 12,Studio,Apartment,1180,1619,3.5,14.5,,43.179569,-80.299348,Synthetic candidate record,Derived from CMHC baseline,"CMHC Rental Market Survey, Canada, 2025; Table 1.0",c,a
SYN-0430,Brantford,Brantford CMA,Brantford area 10,2 Bedroom,Apartment,1530,1619,3.5,14.5,,43.166843,-80.293357,Synthetic candidate record,Derived from CMHC baseline,"CMHC Rental Market Survey, Canada, 2025; Table 1.0",c,a
SYN-0431,Belleville,Belleville - Quinte West CMA,Belleville area 12,1 Bedroom,Apartment,1225,1484,3.4,16.9,,44.125802,-77.299333,Synthetic candidate record,Derived from CMHC baseline,"CMHC Rental Market Survey, Canada, 2025; Table 1.0",c,a
SYN-0432,Ottawa,Ottawa-Gatineau CMA (Ont. part),Ottawa area 03,1 Bedroom,Apartment,1670,1926,3,15.4,3.4,45.368222,-75.570811,Synthetic candidate record,Derived from CMHC baseline,"CMHC Rental Market Survey, Canada, 2025; Table 1.0",b,a
SYN-0433,Guelph,Guelph CMA,Guelph area 04,1 Bedroom,Apartment,1385,1802,3.1,15.1,4.6,43.468947,-80.287302,Synthetic candidate record,Derived from CMHC baseline,"CMHC Rental Market Survey, Canada, 2025; Table 1.0",b,a
SYN-0434,Toronto,Toronto CMA,Toronto area 11,1 Bedroom,Apartment,1710,2046,3,8.7,3.4,43.723696,-79.496417,Synthetic candidate record,Derived from CMHC baseline,"CMHC Rental Market Survey, Canada, 2025; Table 1.0",a,a
SYN-0435,Oshawa,Oshawa CMA,Oshawa area 06,2 Bedroom,Apartment,1810,1754,3.7,4.8,,43.826765,-78.807193,Synthetic candidate record,Derived from CMHC baseline,"CMHC Rental Market Survey, Canada, 2025; Table 1.0",b,a
SYN-0436,Greater Sudbury,Greater Sudbury/Grand Sudbury CMA,Greater Sudbury area 01,2 Bedroom,Apartment,1785,1558,1.2,6.6,,46.443733,-80.850457,Synthetic candidate record,Derived from CMHC baseline,"CMHC Rental Market Survey, Canada, 2025; Table 1.0",a,a
SYN-0437,Greater Sudbury,Greater Sudbury/Grand Sudbury CMA,Greater Sudbury area 01,2 Bedroom,Apartment,1605,1558,1.2,6.6,,46.550462,-81.102969,Synthetic candidate record,Derived from CMHC baseline,"CMHC Rental Market Survey, Canada, 2025; Table 1.0",a,a
SYN-0438,London,London CMA,London area 11,1 Bedroom,Townhouse,1490,1651,4,15.1,4.1,42.959348,-81.209677,Synthetic candidate record,Derived from CMHC baseline,"CMHC Rental Market Survey, Canada, 2025; Table 1.0",a,a
SYN-0439,Brantford,Brantford CMA,Brantford area 11,2 Bedroom,Apartment,1660,1619,3.5,14.5,,43.238832,-80.347243,Synthetic candidate record,Derived from CMHC baseline,"CMHC Rental Market Survey, Canada, 2025; Table 1.0",c,a
SYN-0440,Toronto,Toronto CMA,Toronto area 06,2 Bedroom,Apartment,2015,2046,3,8.7,3.4,43.734216,-79.292159,Synthetic candidate record,Derived from CMHC baseline,"CMHC Rental Market Survey, Canada, 2025; Table 1.0",a,a
SYN-0441,Guelph,Guelph CMA,Guelph area 08,Studio,Townhouse,1535,1802,3.1,15.1,4.6,43.531431,-80.186274,Synthetic candidate record,Derived from CMHC baseline,"CMHC Rental Market Survey, Canada, 2025; Table 1.0",b,a
SYN-0442,Barrie,Barrie CMA,Barrie area 03,1 Bedroom,Townhouse,1635,1755,4.3,12.8,4.3,44.323961,-79.770144,Synthetic candidate record,Derived from CMHC baseline,"CMHC Rental Market Survey, Canada, 2025; Table 1.0",b,a
SYN-0443,St. Catharines,St. Catharines-Niagara CMA,St. Catharines area 07,1 Bedroom,Apartment,1380,1527,3.9,12.8,5.5,43.108557,-79.303078,Synthetic candidate record,Derived from CMHC baseline,"CMHC Rental Market Survey, Canada, 2025; Table 1.0",b,a
SYN-0444,Windsor,Windsor CMA,Windsor area 11,Studio,Apartment,1010,1454,3.7,12.2,3.6,42.291503,-83.058244,Synthetic candidate record,Derived from CMHC baseline,"CMHC Rental Market Survey, Canada, 2025; Table 1.0",b,a
SYN-0445,London,London CMA,London area 08,2 Bedroom,Apartment,1865,1651,4,15.1,4.1,42.956722,-81.233129,Synthetic candidate record,Derived from CMHC baseline,"CMHC Rental Market Survey, Canada, 2025; Table 1.0",a,a
SYN-0446,Peterborough,Peterborough CMA,Peterborough area 06,3 Bedroom,Apartment,1850,1518,3.1,8.4,,44.286776,-78.409189,Synthetic candidate record,Derived from CMHC baseline,"CMHC Rental Market Survey, Canada, 2025; Table 1.0",b,a
SYN-0447,London,London CMA,London area 04,Studio,Apartment,1365,1651,4,15.1,4.1,42.990786,-81.172346,Synthetic candidate record,Derived from CMHC baseline,"CMHC Rental Market Survey, Canada, 2025; Table 1.0",a,a
SYN-0448,Kingston,Kingston CMA,Kingston area 12,Studio,Apartment,1300,1764,2.4,17.3,2.4,44.184505,-76.397718,Synthetic candidate record,Derived from CMHC baseline,"CMHC Rental Market Survey, Canada, 2025; Table 1.0",a,a
SYN-0449,Belleville,Belleville - Quinte West CMA,Belleville area 03,2 Bedroom,Apartment,1200,1484,3.4,16.9,,44.140485,-77.261865,Synthetic candidate record,Derived from CMHC baseline,"CMHC Rental Market Survey, Canada, 2025; Table 1.0",c,a
SYN-0450,Kingston,Kingston CMA,Kingston area 10,1 Bedroom,Apartment,1305,1764,2.4,17.3,2.4,44.292442,-76.430838,Synthetic candidate record,Derived from CMHC baseline,"CMHC Rental Market Survey, Canada, 2025; Table 1.0",a,a
SYN-0451,Barrie,Barrie CMA,Barrie area 08,2 Bedroom,Apartment,1915,1755,4.3,12.8,4.3,44.402022,-79.777556,Synthetic candidate record,Derived from CMHC baseline,"CMHC Rental Market Survey, Canada, 2025; Table 1.0",b,a
SYN-0452,Oshawa,Oshawa CMA,Oshawa area 04,1 Bedroom,Apartment,1395,1754,3.7,4.8,,43.815151,-78.940011,Synthetic candidate record,Derived from CMHC baseline,"CMHC Rental Market Survey, Canada, 2025; Table 1.0",b,a
SYN-0453,Barrie,Barrie CMA,Barrie area 03,2 Bedroom,Apartment,1665,1755,4.3,12.8,4.3,44.450689,-79.734868,Synthetic candidate record,Derived from CMHC baseline,"CMHC Rental Market Survey, Canada, 2025; Table 1.0",b,a
SYN-0454,Ottawa,Ottawa-Gatineau CMA (Ont. part),Ottawa area 02,Studio,Apartment,1430,1926,3,15.4,3.4,45.438822,-75.578313,Synthetic candidate record,Derived from CMHC baseline,"CMHC Rental Market Survey, Canada, 2025; Table 1.0",b,a
SYN-0455,Peterborough,Peterborough CMA,Peterborough area 06,3 Bedroom,Apartment,1810,1518,3.1,8.4,,44.326303,-78.36538,Synthetic candidate record,Derived from CMHC baseline,"CMHC Rental Market Survey, Canada, 2025; Table 1.0",b,a
SYN-0456,Hamilton,Hamilton CMA,Hamilton area 11,3 Bedroom,Townhouse,1965,1656,3.6,13.1,1.6,43.314069,-79.744597,Synthetic candidate record,Derived from CMHC baseline,"CMHC Rental Market Survey, Canada, 2025; Table 1.0",a,a
SYN-0457,Ottawa,Ottawa-Gatineau CMA (Ont. part),Ottawa area 12,1 Bedroom,Apartment,1605,1926,3,15.4,3.4,45.35657,-75.752245,Synthetic candidate record,Derived from CMHC baseline,"CMHC Rental Market Survey, Canada, 2025; Table 1.0",b,a
SYN-0458,Oshawa,Oshawa CMA,Oshawa area 07,1 Bedroom,Apartment,1580,1754,3.7,4.8,,43.986858,-78.741263,Synthetic candidate record,Derived from CMHC baseline,"CMHC Rental Market Survey, Canada, 2025; Table 1.0",b,a
SYN-0459,Belleville,Belleville - Quinte West CMA,Belleville area 08,1 Bedroom,Apartment,1425,1484,3.4,16.9,,44.106979,-77.364925,Synthetic candidate record,Derived from CMHC baseline,"CMHC Rental Market Survey, Canada, 2025; Table 1.0",c,a
SYN-0460,Hamilton,Hamilton CMA,Hamilton area 03,1 Bedroom,Apartment,1230,1656,3.6,13.1,1.6,43.203299,-79.738633,Synthetic candidate record,Derived from CMHC baseline,"CMHC Rental Market Survey, Canada, 2025; Table 1.0",a,a
SYN-0461,Brantford,Brantford CMA,Brantford area 05,2 Bedroom,Apartment,1530,1619,3.5,14.5,,43.089308,-80.382862,Synthetic candidate record,Derived from CMHC baseline,"CMHC Rental Market Survey, Canada, 2025; Table 1.0",c,a
SYN-0462,Guelph,Guelph CMA,Guelph area 03,2 Bedroom,Apartment,1835,1802,3.1,15.1,4.6,43.521987,-80.184024,Synthetic candidate record,Derived from CMHC baseline,"CMHC Rental Market Survey, Canada, 2025; Table 1.0",b,a
SYN-0463,Thunder Bay,Thunder Bay CMA,Thunder Bay area 10,1 Bedroom,Townhouse,1265,1495,4,3.4,6.8,48.446661,-89.160756,Synthetic candidate record,Derived from CMHC baseline,"CMHC Rental Market Survey, Canada, 2025; Table 1.0",b,a
SYN-0464,London,London CMA,London area 01,1 Bedroom,Apartment,1435,1651,4,15.1,4.1,43.044739,-81.372864,Synthetic candidate record,Derived from CMHC baseline,"CMHC Rental Market Survey, Canada, 2025; Table 1.0",a,a
SYN-0465,Ottawa,Ottawa-Gatineau CMA (Ont. part),Ottawa area 09,1 Bedroom,Apartment,1645,1926,3,15.4,3.4,45.396592,-75.631097,Synthetic candidate record,Derived from CMHC baseline,"CMHC Rental Market Survey, Canada, 2025; Table 1.0",b,a
SYN-0466,Brantford,Brantford CMA,Brantford area 11,1 Bedroom,Townhouse,1465,1619,3.5,14.5,,43.180301,-80.283223,Synthetic candidate record,Derived from CMHC baseline,"CMHC Rental Market Survey, Canada, 2025; Table 1.0",c,a
SYN-0467,Kingston,Kingston CMA,Kingston area 12,2 Bedroom,Townhouse,1940,1764,2.4,17.3,2.4,44.17231,-76.572532,Synthetic candidate record,Derived from CMHC baseline,"CMHC Rental Market Survey, Canada, 2025; Table 1.0",a,a
SYN-0468,St. Catharines,St. Catharines-Niagara CMA,St. Catharines area 10,2 Bedroom,Apartment,1570,1527,3.9,12.8,5.5,43.10691,-79.37038,Synthetic candidate record,Derived from CMHC baseline,"CMHC Rental Market Survey, Canada, 2025; Table 1.0",b,a
SYN-0469,Windsor,Windsor CMA,Windsor area 08,1 Bedroom,Apartment,1230,1454,3.7,12.2,3.6,42.379679,-83.002567,Synthetic candidate record,Derived from CMHC baseline,"CMHC Rental Market Survey, Canada, 2025; Table 1.0",b,a
SYN-0470,Kitchener-Waterloo,Kitchener-Cambridge-Waterloo CMA,Kitchener-Waterloo area 02,Studio,Apartment,1245,1832,4.1,16.1,3.3,43.385766,-80.549856,Synthetic candidate record,Derived from CMHC baseline,"CMHC Rental Market Survey, Canada, 2025; Table 1.0",b,a
SYN-0471,Windsor,Windsor CMA,Windsor area 11,2 Bedroom,Apartment,1480,1454,3.7,12.2,3.6,42.393875,-83.099959,Synthetic candidate record,Derived from CMHC baseline,"CMHC Rental Market Survey, Canada, 2025; Table 1.0",b,a
SYN-0472,Greater Sudbury,Greater Sudbury/Grand Sudbury CMA,Greater Sudbury area 05,1 Bedroom,Townhouse,1265,1558,1.2,6.6,,46.46558,-81.008752,Synthetic candidate record,Derived from CMHC baseline,"CMHC Rental Market Survey, Canada, 2025; Table 1.0",a,a
SYN-0473,Toronto,Toronto CMA,Toronto area 02,1 Bedroom,Apartment,1760,2046,3,8.7,3.4,43.583426,-79.328891,Synthetic candidate record,Derived from CMHC baseline,"CMHC Rental Market Survey, Canada, 2025; Table 1.0",a,a
SYN-0474,Brantford,Brantford CMA,Brantford area 09,2 Bedroom,Townhouse,1605,1619,3.5,14.5,,43.233541,-80.239807,Synthetic candidate record,Derived from CMHC baseline,"CMHC Rental Market Survey, Canada, 2025; Table 1.0",c,a
SYN-0475,Belleville,Belleville - Quinte West CMA,Belleville area 04,2 Bedroom,Townhouse,1780,1484,3.4,16.9,,44.250072,-77.362927,Synthetic candidate record,Derived from CMHC baseline,"CMHC Rental Market Survey, Canada, 2025; Table 1.0",c,a
SYN-0476,Windsor,Windsor CMA,Windsor area 09,1 Bedroom,Townhouse,1255,1454,3.7,12.2,3.6,42.395455,-82.978437,Synthetic candidate record,Derived from CMHC baseline,"CMHC Rental Market Survey, Canada, 2025; Table 1.0",b,a
SYN-0477,Hamilton,Hamilton CMA,Hamilton area 03,1 Bedroom,Townhouse,1615,1656,3.6,13.1,1.6,43.350133,-79.786393,Synthetic candidate record,Derived from CMHC baseline,"CMHC Rental Market Survey, Canada, 2025; Table 1.0",a,a
SYN-0478,Belleville,Belleville - Quinte West CMA,Belleville area 03,1 Bedroom,Townhouse,1565,1484,3.4,16.9,,44.103184,-77.29327,Synthetic candidate record,Derived from CMHC baseline,"CMHC Rental Market Survey, Canada, 2025; Table 1.0",c,a
SYN-0479,St. Catharines,St. Catharines-Niagara CMA,St. Catharines area 09,1 Bedroom,Apartment,1355,1527,3.9,12.8,5.5,43.169811,-79.149122,Synthetic candidate record,Derived from CMHC baseline,"CMHC Rental Market Survey, Canada, 2025; Table 1.0",b,a
SYN-0480,Toronto,Toronto CMA,Toronto area 09,3 Bedroom,Apartment,2640,2046,3,8.7,3.4,43.71051,-79.349184,Synthetic candidate record,Derived from CMHC baseline,"CMHC Rental Market Survey, Canada, 2025; Table 1.0",a,a
SYN-0481,Thunder Bay,Thunder Bay CMA,Thunder Bay area 02,Studio,Apartment,1075,1495,4,3.4,6.8,48.432575,-89.11531,Synthetic candidate record,Derived from CMHC baseline,"CMHC Rental Market Survey, Canada, 2025; Table 1.0",b,a
SYN-0482,Guelph,Guelph CMA,Guelph area 11,2 Bedroom,Apartment,1945,1802,3.1,15.1,4.6,43.620379,-80.31328,Synthetic candidate record,Derived from CMHC baseline,"CMHC Rental Market Survey, Canada, 2025; Table 1.0",b,a
SYN-0483,Windsor,Windsor CMA,Windsor area 12,2 Bedroom,Townhouse,1660,1454,3.7,12.2,3.6,42.243671,-83.007012,Synthetic candidate record,Derived from CMHC baseline,"CMHC Rental Market Survey, Canada, 2025; Table 1.0",b,a
SYN-0484,Greater Sudbury,Greater Sudbury/Grand Sudbury CMA,Greater Sudbury area 08,Studio,Apartment,1075,1558,1.2,6.6,,46.529803,-81.123933,Synthetic candidate record,Derived from CMHC baseline,"CMHC Rental Market Survey, Canada, 2025; Table 1.0",a,a
SYN-0485,St. Catharines,St. Catharines-Niagara CMA,St. Catharines area 12,3 Bedroom,Apartment,1745,1527,3.9,12.8,5.5,43.12159,-79.152899,Synthetic candidate record,Derived from CMHC baseline,"CMHC Rental Market Survey, Canada, 2025; Table 1.0",b,a
SYN-0486,Guelph,Guelph CMA,Guelph area 08,3 Bedroom,Apartment,2470,1802,3.1,15.1,4.6,43.471677,-80.117351,Synthetic candidate record,Derived from CMHC baseline,"CMHC Rental Market Survey, Canada, 2025; Table 1.0",b,a
SYN-0487,Ottawa,Ottawa-Gatineau CMA (Ont. part),Ottawa area 07,1 Bedroom,Townhouse,1660,1926,3,15.4,3.4,45.409843,-75.579394,Synthetic candidate record,Derived from CMHC baseline,"CMHC Rental Market Survey, Canada, 2025; Table 1.0",b,a
SYN-0488,Windsor,Windsor CMA,Windsor area 03,2 Bedroom,Apartment,1425,1454,3.7,12.2,3.6,42.379103,-83.03227,Synthetic candidate record,Derived from CMHC baseline,"CMHC Rental Market Survey, Canada, 2025; Table 1.0",b,a
SYN-0489,Brantford,Brantford CMA,Brantford area 04,1 Bedroom,Townhouse,1570,1619,3.5,14.5,,43.215267,-80.39351,Synthetic candidate record,Derived from CMHC baseline,"CMHC Rental Market Survey, Canada, 2025; Table 1.0",c,a
SYN-0490,Kitchener-Waterloo,Kitchener-Cambridge-Waterloo CMA,Kitchener-Waterloo area 06,2 Bedroom,Apartment,2035,1832,4.1,16.1,3.3,43.358214,-80.61632,Synthetic candidate record,Derived from CMHC baseline,"CMHC Rental Market Survey, Canada, 2025; Table 1.0",b,a
SYN-0491,Kitchener-Waterloo,Kitchener-Cambridge-Waterloo CMA,Kitchener-Waterloo area 06,1 Bedroom,Townhouse,1450,1832,4.1,16.1,3.3,43.376375,-80.621829,Synthetic candidate record,Derived from CMHC baseline,"CMHC Rental Market Survey, Canada, 2025; Table 1.0",b,a
SYN-0492,Windsor,Windsor CMA,Windsor area 09,2 Bedroom,Apartment,1450,1454,3.7,12.2,3.6,42.407004,-83.043275,Synthetic candidate record,Derived from CMHC baseline,"CMHC Rental Market Survey, Canada, 2025; Table 1.0",b,a
SYN-0493,Peterborough,Peterborough CMA,Peterborough area 03,1 Bedroom,Apartment,1245,1518,3.1,8.4,,44.266114,-78.351404,Synthetic candidate record,Derived from CMHC baseline,"CMHC Rental Market Survey, Canada, 2025; Table 1.0",b,a
SYN-0494,Kitchener-Waterloo,Kitchener-Cambridge-Waterloo CMA,Kitchener-Waterloo area 07,2 Bedroom,Apartment,1620,1832,4.1,16.1,3.3,43.487139,-80.556117,Synthetic candidate record,Derived from CMHC baseline,"CMHC Rental Market Survey, Canada, 2025; Table 1.0",b,a
SYN-0495,Barrie,Barrie CMA,Barrie area 04,3 Bedroom,Apartment,2075,1755,4.3,12.8,4.3,44.32404,-79.606095,Synthetic candidate record,Derived from CMHC baseline,"CMHC Rental Market Survey, Canada, 2025; Table 1.0",b,a
SYN-0496,St. Catharines,St. Catharines-Niagara CMA,St. Catharines area 05,2 Bedroom,Apartment,1535,1527,3.9,12.8,5.5,43.201948,-79.189496,Synthetic candidate record,Derived from CMHC baseline,"CMHC Rental Market Survey, Canada, 2025; Table 1.0",b,a
SYN-0497,Thunder Bay,Thunder Bay CMA,Thunder Bay area 10,3 Bedroom,Apartment,1745,1495,4,3.4,6.8,48.341329,-89.241485,Synthetic candidate record,Derived from CMHC baseline,"CMHC Rental Market Survey, Canada, 2025; Table 1.0",b,a
SYN-0498,Greater Sudbury,Greater Sudbury/Grand Sudbury CMA,Greater Sudbury area 06,2 Bedroom,Apartment,1580,1558,1.2,6.6,,46.494003,-80.945835,Synthetic candidate record,Derived from CMHC baseline,"CMHC Rental Market Survey, Canada, 2025; Table 1.0",a,a
SYN-0499,Oshawa,Oshawa CMA,Oshawa area 05,1 Bedroom,Apartment,1340,1754,3.7,4.8,,43.852397,-78.914334,Synthetic candidate record,Derived from CMHC baseline,"CMHC Rental Market Survey, Canada, 2025; Table 1.0",b,a
SYN-0500,St. Catharines,St. Catharines-Niagara CMA,St. Catharines area 04,2 Bedroom,Apartment,1540,1527,3.9,12.8,5.5,43.097072,-79.242158,Synthetic candidate record,Derived from CMHC baseline,"CMHC Rental Market Survey, Canada, 2025; Table 1.0",b,a
SYN-0501,Belleville,Belleville - Quinte West CMA,Belleville area 05,2 Bedroom,Townhouse,1505,1484,3.4,16.9,,44.207057,-77.339875,Synthetic candidate record,Derived from CMHC baseline,"CMHC Rental Market Survey, Canada, 2025; Table 1.0",c,a
SYN-0502,St. Catharines,St. Catharines-Niagara CMA,St. Catharines area 12,3 Bedroom,Townhouse,1835,1527,3.9,12.8,5.5,43.137055,-79.374305,Synthetic candidate record,Derived from CMHC baseline,"CMHC Rental Market Survey, Canada, 2025; Table 1.0",b,a
SYN-0503,Kitchener-Waterloo,Kitchener-Cambridge-Waterloo CMA,Kitchener-Waterloo area 06,1 Bedroom,Apartment,1440,1832,4.1,16.1,3.3,43.446747,-80.371096,Synthetic candidate record,Derived from CMHC baseline,"CMHC Rental Market Survey, Canada, 2025; Table 1.0",b,a
SYN-0504,Oshawa,Oshawa CMA,Oshawa area 12,2 Bedroom,Apartment,1580,1754,3.7,4.8,,43.855857,-78.87391,Synthetic candidate record,Derived from CMHC baseline,"CMHC Rental Market Survey, Canada, 2025; Table 1.0",b,a
SYN-0505,St. Catharines,St. Catharines-Niagara CMA,St. Catharines area 04,2 Bedroom,Apartment,1760,1527,3.9,12.8,5.5,43.190287,-79.323052,Synthetic candidate record,Derived from CMHC baseline,"CMHC Rental Market Survey, Canada, 2025; Table 1.0",b,a
SYN-0506,Oshawa,Oshawa CMA,Oshawa area 08,1 Bedroom,Apartment,1365,1754,3.7,4.8,,43.871436,-78.84205,Synthetic candidate record,Derived from CMHC baseline,"CMHC Rental Market Survey, Canada, 2025; Table 1.0",b,a
SYN-0507,Guelph,Guelph CMA,Guelph area 09,1 Bedroom,Apartment,1405,1802,3.1,15.1,4.6,43.468763,-80.198341,Synthetic candidate record,Derived from CMHC baseline,"CMHC Rental Market Survey, Canada, 2025; Table 1.0",b,a
SYN-0508,Oshawa,Oshawa CMA,Oshawa area 07,1 Bedroom,Apartment,1450,1754,3.7,4.8,,43.824573,-78.948983,Synthetic candidate record,Derived from CMHC baseline,"CMHC Rental Market Survey, Canada, 2025; Table 1.0",b,a
SYN-0509,Toronto,Toronto CMA,Toronto area 11,1 Bedroom,Apartment,1705,2046,3,8.7,3.4,43.679407,-79.472533,Synthetic candidate record,Derived from CMHC baseline,"CMHC Rental Market Survey, Canada, 2025; Table 1.0",a,a
SYN-0510,Belleville,Belleville - Quinte West CMA,Belleville area 10,Studio,Apartment,925,1484,3.4,16.9,,44.104676,-77.306937,Synthetic candidate record,Derived from CMHC baseline,"CMHC Rental Market Survey, Canada, 2025; Table 1.0",c,a
SYN-0511,Kingston,Kingston CMA,Kingston area 08,1 Bedroom,Apartment,1525,1764,2.4,17.3,2.4,44.217082,-76.505811,Synthetic candidate record,Derived from CMHC baseline,"CMHC Rental Market Survey, Canada, 2025; Table 1.0",a,a
SYN-0512,Greater Sudbury,Greater Sudbury/Grand Sudbury CMA,Greater Sudbury area 06,Studio,Apartment,1120,1558,1.2,6.6,,46.537832,-80.862253,Synthetic candidate record,Derived from CMHC baseline,"CMHC Rental Market Survey, Canada, 2025; Table 1.0",a,a
SYN-0513,Kitchener-Waterloo,Kitchener-Cambridge-Waterloo CMA,Kitchener-Waterloo area 03,Studio,Apartment,1195,1832,4.1,16.1,3.3,43.490305,-80.535381,Synthetic candidate record,Derived from CMHC baseline,"CMHC Rental Market Survey, Canada, 2025; Table 1.0",b,a
SYN-0514,Guelph,Guelph CMA,Guelph area 05,1 Bedroom,Apartment,1420,1802,3.1,15.1,4.6,43.478204,-80.158844,Synthetic candidate record,Derived from CMHC baseline,"CMHC Rental Market Survey, Canada, 2025; Table 1.0",b,a
SYN-0515,Oshawa,Oshawa CMA,Oshawa area 08,1 Bedroom,Apartment,1290,1754,3.7,4.8,,43.823858,-78.728096,Synthetic candidate record,Derived from CMHC baseline,"CMHC Rental Market Survey, Canada, 2025; Table 1.0",b,a
SYN-0516,Peterborough,Peterborough CMA,Peterborough area 07,2 Bedroom,Apartment,1590,1518,3.1,8.4,,44.398717,-78.202815,Synthetic candidate record,Derived from CMHC baseline,"CMHC Rental Market Survey, Canada, 2025; Table 1.0",b,a
SYN-0517,Barrie,Barrie CMA,Barrie area 12,1 Bedroom,Apartment,1445,1755,4.3,12.8,4.3,44.390327,-79.795768,Synthetic candidate record,Derived from CMHC baseline,"CMHC Rental Market Survey, Canada, 2025; Table 1.0",b,a
SYN-0518,Belleville,Belleville - Quinte West CMA,Belleville area 10,1 Bedroom,Apartment,1235,1484,3.4,16.9,,44.21705,-77.34887,Synthetic candidate record,Derived from CMHC baseline,"CMHC Rental Market Survey, Canada, 2025; Table 1.0",c,a
SYN-0519,Belleville,Belleville - Quinte West CMA,Belleville area 05,2 Bedroom,Apartment,1535,1484,3.4,16.9,,44.151663,-77.488141,Synthetic candidate record,Derived from CMHC baseline,"CMHC Rental Market Survey, Canada, 2025; Table 1.0",c,a
SYN-0520,Windsor,Windsor CMA,Windsor area 05,2 Bedroom,Apartment,1470,1454,3.7,12.2,3.6,42.353938,-83.001155,Synthetic candidate record,Derived from CMHC baseline,"CMHC Rental Market Survey, Canada, 2025; Table 1.0",b,a
SYN-0521,Thunder Bay,Thunder Bay CMA,Thunder Bay area 09,2 Bedroom,Apartment,1370,1495,4,3.4,6.8,48.364665,-89.127665,Synthetic candidate record,Derived from CMHC baseline,"CMHC Rental Market Survey, Canada, 2025; Table 1.0",b,a
SYN-0522,Guelph,Guelph CMA,Guelph area 05,1 Bedroom,Apartment,1360,1802,3.1,15.1,4.6,43.544348,-80.218124,Synthetic candidate record,Derived from CMHC baseline,"CMHC Rental Market Survey, Canada, 2025; Table 1.0",b,a
SYN-0523,Kitchener-Waterloo,Kitchener-Cambridge-Waterloo CMA,Kitchener-Waterloo area 08,1 Bedroom,Townhouse,1615,1832,4.1,16.1,3.3,43.450871,-80.57303,Synthetic candidate record,Derived from CMHC baseline,"CMHC Rental Market Survey, Canada, 2025; Table 1.0",b,a
SYN-0524,Ottawa,Ottawa-Gatineau CMA (Ont. part),Ottawa area 10,1 Bedroom,Apartment,1610,1926,3,15.4,3.4,45.455827,-75.581261,Synthetic candidate record,Derived from CMHC baseline,"CMHC Rental Market Survey, Canada, 2025; Table 1.0",b,a
SYN-0525,Windsor,Windsor CMA,Windsor area 11,1 Bedroom,Apartment,1200,1454,3.7,12.2,3.6,42.359615,-82.92692,Synthetic candidate record,Derived from CMHC baseline,"CMHC Rental Market Survey, Canada, 2025; Table 1.0",b,a
SYN-0526,London,London CMA,London area 03,1 Bedroom,Apartment,1315,1651,4,15.1,4.1,42.937725,-81.368307,Synthetic candidate record,Derived from CMHC baseline,"CMHC Rental Market Survey, Canada, 2025; Table 1.0",a,a
SYN-0527,Belleville,Belleville - Quinte West CMA,Belleville area 01,2 Bedroom,Apartment,1515,1484,3.4,16.9,,44.210508,-77.496114,Synthetic candidate record,Derived from CMHC baseline,"CMHC Rental Market Survey, Canada, 2025; Table 1.0",c,a
SYN-0528,Barrie,Barrie CMA,Barrie area 10,2 Bedroom,Apartment,1645,1755,4.3,12.8,4.3,44.355132,-79.579881,Synthetic candidate record,Derived from CMHC baseline,"CMHC Rental Market Survey, Canada, 2025; Table 1.0",b,a
SYN-0529,St. Catharines,St. Catharines-Niagara CMA,St. Catharines area 08,3 Bedroom,Apartment,1790,1527,3.9,12.8,5.5,43.082166,-79.274249,Synthetic candidate record,Derived from CMHC baseline,"CMHC Rental Market Survey, Canada, 2025; Table 1.0",b,a
SYN-0530,St. Catharines,St. Catharines-Niagara CMA,St. Catharines area 03,2 Bedroom,Townhouse,1730,1527,3.9,12.8,5.5,43.21938,-79.20609,Synthetic candidate record,Derived from CMHC baseline,"CMHC Rental Market Survey, Canada, 2025; Table 1.0",b,a
SYN-0531,Guelph,Guelph CMA,Guelph area 08,1 Bedroom,Apartment,1690,1802,3.1,15.1,4.6,43.465543,-80.134732,Synthetic candidate record,Derived from CMHC baseline,"CMHC Rental Market Survey, Canada, 2025; Table 1.0",b,a
SYN-0532,Toronto,Toronto CMA,Toronto area 11,1 Bedroom,Townhouse,1780,2046,3,8.7,3.4,43.709033,-79.352418,Synthetic candidate record,Derived from CMHC baseline,"CMHC Rental Market Survey, Canada, 2025; Table 1.0",a,a
SYN-0533,Hamilton,Hamilton CMA,Hamilton area 06,1 Bedroom,Townhouse,1550,1656,3.6,13.1,1.6,43.164894,-79.936564,Synthetic candidate record,Derived from CMHC baseline,"CMHC Rental Market Survey, Canada, 2025; Table 1.0",a,a
SYN-0534,Barrie,Barrie CMA,Barrie area 06,2 Bedroom,Apartment,1845,1755,4.3,12.8,4.3,44.484979,-79.642765,Synthetic candidate record,Derived from CMHC baseline,"CMHC Rental Market Survey, Canada, 2025; Table 1.0",b,a
SYN-0535,Guelph,Guelph CMA,Guelph area 09,1 Bedroom,Apartment,1315,1802,3.1,15.1,4.6,43.573081,-80.345145,Synthetic candidate record,Derived from CMHC baseline,"CMHC Rental Market Survey, Canada, 2025; Table 1.0",b,a
SYN-0536,Belleville,Belleville - Quinte West CMA,Belleville area 08,Studio,Apartment,1020,1484,3.4,16.9,,44.163914,-77.391762,Synthetic candidate record,Derived from CMHC baseline,"CMHC Rental Market Survey, Canada, 2025; Table 1.0",c,a
SYN-0537,Kingston,Kingston CMA,Kingston area 09,Studio,Townhouse,1260,1764,2.4,17.3,2.4,44.186831,-76.484066,Synthetic candidate record,Derived from CMHC baseline,"CMHC Rental Market Survey, Canada, 2025; Table 1.0",a,a
SYN-0538,Greater Sudbury,Greater Sudbury/Grand Sudbury CMA,Greater Sudbury area 10,1 Bedroom,Apartment,1355,1558,1.2,6.6,,46.407466,-81.009213,Synthetic candidate record,Derived from CMHC baseline,"CMHC Rental Market Survey, Canada, 2025; Table 1.0",a,a
SYN-0539,Toronto,Toronto CMA,Toronto area 02,Studio,Townhouse,1450,2046,3,8.7,3.4,43.652675,-79.340804,Synthetic candidate record,Derived from CMHC baseline,"CMHC Rental Market Survey, Canada, 2025; Table 1.0",a,a
SYN-0540,Greater Sudbury,Greater Sudbury/Grand Sudbury CMA,Greater Sudbury area 10,1 Bedroom,Apartment,1295,1558,1.2,6.6,,46.556882,-80.908236,Synthetic candidate record,Derived from CMHC baseline,"CMHC Rental Market Survey, Canada, 2025; Table 1.0",a,a
SYN-0541,Oshawa,Oshawa CMA,Oshawa area 04,3 Bedroom,Apartment,2055,1754,3.7,4.8,,43.865271,-78.775509,Synthetic candidate record,Derived from CMHC baseline,"CMHC Rental Market Survey, Canada, 2025; Table 1.0",b,a
SYN-0542,Toronto,Toronto CMA,Toronto area 08,1 Bedroom,Townhouse,1690,2046,3,8.7,3.4,43.696532,-79.420988,Synthetic candidate record,Derived from CMHC baseline,"CMHC Rental Market Survey, Canada, 2025; Table 1.0",a,a
SYN-0543,Guelph,Guelph CMA,Guelph area 09,Studio,Apartment,1310,1802,3.1,15.1,4.6,43.571532,-80.165447,Synthetic candidate record,Derived from CMHC baseline,"CMHC Rental Market Survey, Canada, 2025; Table 1.0",b,a
SYN-0544,Peterborough,Peterborough CMA,Peterborough area 12,2 Bedroom,Apartment,1520,1518,3.1,8.4,,44.388475,-78.321818,Synthetic candidate record,Derived from CMHC baseline,"CMHC Rental Market Survey, Canada, 2025; Table 1.0",b,a
SYN-0545,Thunder Bay,Thunder Bay CMA,Thunder Bay area 04,Studio,Apartment,1085,1495,4,3.4,6.8,48.359479,-89.260635,Synthetic candidate record,Derived from CMHC baseline,"CMHC Rental Market Survey, Canada, 2025; Table 1.0",b,a
SYN-0546,Ottawa,Ottawa-Gatineau CMA (Ont. part),Ottawa area 11,Studio,Townhouse,1640,1926,3,15.4,3.4,45.3308,-75.659234,Synthetic candidate record,Derived from CMHC baseline,"CMHC Rental Market Survey, Canada, 2025; Table 1.0",b,a
SYN-0547,Guelph,Guelph CMA,Guelph area 01,2 Bedroom,Townhouse,1760,1802,3.1,15.1,4.6,43.54564,-80.120211,Synthetic candidate record,Derived from CMHC baseline,"CMHC Rental Market Survey, Canada, 2025; Table 1.0",b,a
SYN-0548,Belleville,Belleville - Quinte West CMA,Belleville area 09,2 Bedroom,Townhouse,1645,1484,3.4,16.9,,44.230563,-77.387959,Synthetic candidate record,Derived from CMHC baseline,"CMHC Rental Market Survey, Canada, 2025; Table 1.0",c,a
SYN-0549,Kingston,Kingston CMA,Kingston area 06,2 Bedroom,Apartment,1755,1764,2.4,17.3,2.4,44.208681,-76.457935,Synthetic candidate record,Derived from CMHC baseline,"CMHC Rental Market Survey, Canada, 2025; Table 1.0",a,a
SYN-0550,Greater Sudbury,Greater Sudbury/Grand Sudbury CMA,Greater Sudbury area 05,1 Bedroom,Apartment,1230,1558,1.2,6.6,,46.446419,-80.858324,Synthetic candidate record,Derived from CMHC baseline,"CMHC Rental Market Survey, Canada, 2025; Table 1.0",a,a
SYN-0551,Toronto,Toronto CMA,Toronto area 12,2 Bedroom,Apartment,1845,2046,3,8.7,3.4,43.702885,-79.438785,Synthetic candidate record,Derived from CMHC baseline,"CMHC Rental Market Survey, Canada, 2025; Table 1.0",a,a
SYN-0552,Ottawa,Ottawa-Gatineau CMA (Ont. part),Ottawa area 05,2 Bedroom,Apartment,2045,1926,3,15.4,3.4,45.361678,-75.661819,Synthetic candidate record,Derived from CMHC baseline,"CMHC Rental Market Survey, Canada, 2025; Table 1.0",b,a
SYN-0553,Peterborough,Peterborough CMA,Peterborough area 12,3 Bedroom,Apartment,2070,1518,3.1,8.4,,44.400765,-78.318612,Synthetic candidate record,Derived from CMHC baseline,"CMHC Rental Market Survey, Canada, 2025; Table 1.0",b,a
SYN-0554,Ottawa,Ottawa-Gatineau CMA (Ont. part),Ottawa area 11,2 Bedroom,Apartment,1900,1926,3,15.4,3.4,45.433956,-75.673605,Synthetic candidate record,Derived from CMHC baseline,"CMHC Rental Market Survey, Canada, 2025; Table 1.0",b,a
SYN-0555,Thunder Bay,Thunder Bay CMA,Thunder Bay area 07,2 Bedroom,Apartment,1580,1495,4,3.4,6.8,48.283454,-89.366202,Synthetic candidate record,Derived from CMHC baseline,"CMHC Rental Market Survey, Canada, 2025; Table 1.0",b,a
SYN-0556,Hamilton,Hamilton CMA,Hamilton area 03,Studio,Apartment,1065,1656,3.6,13.1,1.6,43.19568,-79.802396,Synthetic candidate record,Derived from CMHC baseline,"CMHC Rental Market Survey, Canada, 2025; Table 1.0",a,a
SYN-0557,Oshawa,Oshawa CMA,Oshawa area 01,2 Bedroom,Apartment,1860,1754,3.7,4.8,,43.856128,-78.795415,Synthetic candidate record,Derived from CMHC baseline,"CMHC Rental Market Survey, Canada, 2025; Table 1.0",b,a
SYN-0558,Peterborough,Peterborough CMA,Peterborough area 09,2 Bedroom,Apartment,1370,1518,3.1,8.4,,44.332322,-78.270642,Synthetic candidate record,Derived from CMHC baseline,"CMHC Rental Market Survey, Canada, 2025; Table 1.0",b,a
SYN-0559,London,London CMA,London area 11,2 Bedroom,Townhouse,1800,1651,4,15.1,4.1,43.044664,-81.303359,Synthetic candidate record,Derived from CMHC baseline,"CMHC Rental Market Survey, Canada, 2025; Table 1.0",a,a
SYN-0560,Belleville,Belleville - Quinte West CMA,Belleville area 11,3 Bedroom,Townhouse,2230,1484,3.4,16.9,,44.146113,-77.302875,Synthetic candidate record,Derived from CMHC baseline,"CMHC Rental Market Survey, Canada, 2025; Table 1.0",c,a
SYN-0561,Ottawa,Ottawa-Gatineau CMA (Ont. part),Ottawa area 08,3 Bedroom,Apartment,2505,1926,3,15.4,3.4,45.445612,-75.617151,Synthetic candidate record,Derived from CMHC baseline,"CMHC Rental Market Survey, Canada, 2025; Table 1.0",b,a
SYN-0562,London,London CMA,London area 10,3 Bedroom,Apartment,2040,1651,4,15.1,4.1,43.035922,-81.232556,Synthetic candidate record,Derived from CMHC baseline,"CMHC Rental Market Survey, Canada, 2025; Table 1.0",a,a
SYN-0563,Kitchener-Waterloo,Kitchener-Cambridge-Waterloo CMA,Kitchener-Waterloo area 03,2 Bedroom,Apartment,1810,1832,4.1,16.1,3.3,43.488132,-80.578738,Synthetic candidate record,Derived from CMHC baseline,"CMHC Rental Market Survey, Canada, 2025; Table 1.0",b,a
SYN-0564,Guelph,Guelph CMA,Guelph area 03,1 Bedroom,Townhouse,1670,1802,3.1,15.1,4.6,43.500622,-80.313252,Synthetic candidate record,Derived from CMHC baseline,"CMHC Rental Market Survey, Canada, 2025; Table 1.0",b,a
SYN-0565,St. Catharines,St. Catharines-Niagara CMA,St. Catharines area 01,Studio,Townhouse,1110,1527,3.9,12.8,5.5,43.090141,-79.295531,Synthetic candidate record,Derived from CMHC baseline,"CMHC Rental Market Survey, Canada, 2025; Table 1.0",b,a
SYN-0566,Oshawa,Oshawa CMA,Oshawa area 09,1 Bedroom,Apartment,1380,1754,3.7,4.8,,43.811676,-78.808158,Synthetic candidate record,Derived from CMHC baseline,"CMHC Rental Market Survey, Canada, 2025; Table 1.0",b,a
SYN-0567,London,London CMA,London area 06,3 Bedroom,Apartment,2050,1651,4,15.1,4.1,42.993516,-81.271706,Synthetic candidate record,Derived from CMHC baseline,"CMHC Rental Market Survey, Canada, 2025; Table 1.0",a,a
SYN-0568,London,London CMA,London area 10,3 Bedroom,Apartment,1945,1651,4,15.1,4.1,42.951113,-81.301736,Synthetic candidate record,Derived from CMHC baseline,"CMHC Rental Market Survey, Canada, 2025; Table 1.0",a,a
SYN-0569,Windsor,Windsor CMA,Windsor area 10,3 Bedroom,Apartment,1880,1454,3.7,12.2,3.6,42.26297,-82.997922,Synthetic candidate record,Derived from CMHC baseline,"CMHC Rental Market Survey, Canada, 2025; Table 1.0",b,a
SYN-0570,London,London CMA,London area 02,3 Bedroom,Apartment,2125,1651,4,15.1,4.1,42.961175,-81.164318,Synthetic candidate record,Derived from CMHC baseline,"CMHC Rental Market Survey, Canada, 2025; Table 1.0",a,a
SYN-0571,Greater Sudbury,Greater Sudbury/Grand Sudbury CMA,Greater Sudbury area 09,1 Bedroom,Apartment,1390,1558,1.2,6.6,,46.545799,-80.988843,Synthetic candidate record,Derived from CMHC baseline,"CMHC Rental Market Survey, Canada, 2025; Table 1.0",a,a
SYN-0572,Toronto,Toronto CMA,Toronto area 09,1 Bedroom,Apartment,1700,2046,3,8.7,3.4,43.732856,-79.468196,Synthetic candidate record,Derived from CMHC baseline,"CMHC Rental Market Survey, Canada, 2025; Table 1.0",a,a
SYN-0573,Brantford,Brantford CMA,Brantford area 04,3 Bedroom,Apartment,2245,1619,3.5,14.5,,43.146041,-80.229609,Synthetic candidate record,Derived from CMHC baseline,"CMHC Rental Market Survey, Canada, 2025; Table 1.0",c,a
SYN-0574,Kitchener-Waterloo,Kitchener-Cambridge-Waterloo CMA,Kitchener-Waterloo area 12,3 Bedroom,Townhouse,2380,1832,4.1,16.1,3.3,43.518733,-80.573613,Synthetic candidate record,Derived from CMHC baseline,"CMHC Rental Market Survey, Canada, 2025; Table 1.0",b,a
SYN-0575,Thunder Bay,Thunder Bay CMA,Thunder Bay area 02,2 Bedroom,Apartment,1495,1495,4,3.4,6.8,48.372745,-89.298375,Synthetic candidate record,Derived from CMHC baseline,"CMHC Rental Market Survey, Canada, 2025; Table 1.0",b,a
SYN-0576,Brantford,Brantford CMA,Brantford area 04,Studio,Apartment,1055,1619,3.5,14.5,,43.151017,-80.243854,Synthetic candidate record,Derived from CMHC baseline,"CMHC Rental Market Survey, Canada, 2025; Table 1.0",c,a
SYN-0577,St. Catharines,St. Catharines-Niagara CMA,St. Catharines area 09,1 Bedroom,Townhouse,1280,1527,3.9,12.8,5.5,43.062778,-79.199385,Synthetic candidate record,Derived from CMHC baseline,"CMHC Rental Market Survey, Canada, 2025; Table 1.0",b,a
SYN-0578,Barrie,Barrie CMA,Barrie area 12,2 Bedroom,Apartment,1655,1755,4.3,12.8,4.3,44.440592,-79.66634,Synthetic candidate record,Derived from CMHC baseline,"CMHC Rental Market Survey, Canada, 2025; Table 1.0",b,a
SYN-0579,Brantford,Brantford CMA,Brantford area 08,1 Bedroom,Apartment,1290,1619,3.5,14.5,,43.160713,-80.324283,Synthetic candidate record,Derived from CMHC baseline,"CMHC Rental Market Survey, Canada, 2025; Table 1.0",c,a
SYN-0580,Greater Sudbury,Greater Sudbury/Grand Sudbury CMA,Greater Sudbury area 03,1 Bedroom,Apartment,1420,1558,1.2,6.6,,46.486498,-80.983277,Synthetic candidate record,Derived from CMHC baseline,"CMHC Rental Market Survey, Canada, 2025; Table 1.0",a,a
SYN-0581,Greater Sudbury,Greater Sudbury/Grand Sudbury CMA,Greater Sudbury area 12,2 Bedroom,Apartment,1620,1558,1.2,6.6,,46.527158,-80.872682,Synthetic candidate record,Derived from CMHC baseline,"CMHC Rental Market Survey, Canada, 2025; Table 1.0",a,a
SYN-0582,Peterborough,Peterborough CMA,Peterborough area 02,3 Bedroom,Apartment,1850,1518,3.1,8.4,,44.319805,-78.304308,Synthetic candidate record,Derived from CMHC baseline,"CMHC Rental Market Survey, Canada, 2025; Table 1.0",b,a
SYN-0583,Belleville,Belleville - Quinte West CMA,Belleville area 12,Studio,Townhouse,895,1484,3.4,16.9,,44.123738,-77.313975,Synthetic candidate record,Derived from CMHC baseline,"CMHC Rental Market Survey, Canada, 2025; Table 1.0",c,a
SYN-0584,Peterborough,Peterborough CMA,Peterborough area 05,1 Bedroom,Apartment,1190,1518,3.1,8.4,,44.241291,-78.397738,Synthetic candidate record,Derived from CMHC baseline,"CMHC Rental Market Survey, Canada, 2025; Table 1.0",b,a
SYN-0585,Kitchener-Waterloo,Kitchener-Cambridge-Waterloo CMA,Kitchener-Waterloo area 09,Studio,Apartment,1375,1832,4.1,16.1,3.3,43.550463,-80.503171,Synthetic candidate record,Derived from CMHC baseline,"CMHC Rental Market Survey, Canada, 2025; Table 1.0",b,a
SYN-0586,Brantford,Brantford CMA,Brantford area 10,1 Bedroom,Apartment,1140,1619,3.5,14.5,,43.089538,-80.347334,Synthetic candidate record,Derived from CMHC baseline,"CMHC Rental Market Survey, Canada, 2025; Table 1.0",c,a
SYN-0587,Windsor,Windsor CMA,Windsor area 04,3 Bedroom,Apartment,1925,1454,3.7,12.2,3.6,42.234909,-83.004075,Synthetic candidate record,Derived from CMHC baseline,"CMHC Rental Market Survey, Canada, 2025; Table 1.0",b,a
SYN-0588,Ottawa,Ottawa-Gatineau CMA (Ont. part),Ottawa area 10,1 Bedroom,Apartment,1705,1926,3,15.4,3.4,45.444768,-75.752572,Synthetic candidate record,Derived from CMHC baseline,"CMHC Rental Market Survey, Canada, 2025; Table 1.0",b,a
SYN-0589,Hamilton,Hamilton CMA,Hamilton area 04,2 Bedroom,Apartment,1765,1656,3.6,13.1,1.6,43.189428,-79.922393,Synthetic candidate record,Derived from CMHC baseline,"CMHC Rental Market Survey, Canada, 2025; Table 1.0",a,a
SYN-0590,Thunder Bay,Thunder Bay CMA,Thunder Bay area 08,1 Bedroom,Apartment,1010,1495,4,3.4,6.8,48.307761,-89.177546,Synthetic candidate record,Derived from CMHC baseline,"CMHC Rental Market Survey, Canada, 2025; Table 1.0",b,a
SYN-0591,Toronto,Toronto CMA,Toronto area 05,1 Bedroom,Apartment,1620,2046,3,8.7,3.4,43.68231,-79.498752,Synthetic candidate record,Derived from CMHC baseline,"CMHC Rental Market Survey, Canada, 2025; Table 1.0",a,a
SYN-0592,Hamilton,Hamilton CMA,Hamilton area 02,3 Bedroom,Apartment,2045,1656,3.6,13.1,1.6,43.208347,-79.765008,Synthetic candidate record,Derived from CMHC baseline,"CMHC Rental Market Survey, Canada, 2025; Table 1.0",a,a
SYN-0593,Brantford,Brantford CMA,Brantford area 01,3 Bedroom,Apartment,2065,1619,3.5,14.5,,43.19324,-80.343129,Synthetic candidate record,Derived from CMHC baseline,"CMHC Rental Market Survey, Canada, 2025; Table 1.0",c,a
SYN-0594,St. Catharines,St. Catharines-Niagara CMA,St. Catharines area 07,2 Bedroom,Townhouse,1500,1527,3.9,12.8,5.5,43.190182,-79.343237,Synthetic candidate record,Derived from CMHC baseline,"CMHC Rental Market Survey, Canada, 2025; Table 1.0",b,a
SYN-0595,London,London CMA,London area 01,3 Bedroom,Apartment,2150,1651,4,15.1,4.1,42.903011,-81.282519,Synthetic candidate record,Derived from CMHC baseline,"CMHC Rental Market Survey, Canada, 2025; Table 1.0",a,a
SYN-0596,London,London CMA,London area 03,2 Bedroom,Apartment,1760,1651,4,15.1,4.1,43.036341,-81.343622,Synthetic candidate record,Derived from CMHC baseline,"CMHC Rental Market Survey, Canada, 2025; Table 1.0",a,a
SYN-0597,Kingston,Kingston CMA,Kingston area 08,2 Bedroom,Apartment,1750,1764,2.4,17.3,2.4,44.202959,-76.564484,Synthetic candidate record,Derived from CMHC baseline,"CMHC Rental Market Survey, Canada, 2025; Table 1.0",a,a
SYN-0598,London,London CMA,London area 09,Studio,Apartment,1025,1651,4,15.1,4.1,42.931704,-81.199209,Synthetic candidate record,Derived from CMHC baseline,"CMHC Rental Market Survey, Canada, 2025; Table 1.0",a,a
SYN-0599,Peterborough,Peterborough CMA,Peterborough area 09,1 Bedroom,Townhouse,1365,1518,3.1,8.4,,44.338805,-78.430596,Synthetic candidate record,Derived from CMHC baseline,"CMHC Rental Market Survey, Canada, 2025; Table 1.0",b,a
SYN-0600,St. Catharines,St. Catharines-Niagara CMA,St. Catharines area 07,2 Bedroom,Apartment,1505,1527,3.9,12.8,5.5,43.175126,-79.227664,Synthetic candidate record,Derived from CMHC baseline,"CMHC Rental Market Survey, Canada, 2025; Table 1.0",b,a
SYN-0601,Greater Sudbury,Greater Sudbury/Grand Sudbury CMA,Greater Sudbury area 06,1 Bedroom,Apartment,1185,1558,1.2,6.6,,46.573148,-80.988244,Synthetic candidate record,Derived from CMHC baseline,"CMHC Rental Market Survey, Canada, 2025; Table 1.0",a,a
SYN-0602,Peterborough,Peterborough CMA,Peterborough area 03,1 Bedroom,Townhouse,1335,1518,3.1,8.4,,44.386534,-78.457602,Synthetic candidate record,Derived from CMHC baseline,"CMHC Rental Market Survey, Canada, 2025; Table 1.0",b,a
SYN-0603,Toronto,Toronto CMA,Toronto area 10,1 Bedroom,Apartment,1575,2046,3,8.7,3.4,43.583248,-79.477914,Synthetic candidate record,Derived from CMHC baseline,"CMHC Rental Market Survey, Canada, 2025; Table 1.0",a,a
SYN-0604,Guelph,Guelph CMA,Guelph area 08,2 Bedroom,Townhouse,1935,1802,3.1,15.1,4.6,43.607035,-80.187426,Synthetic candidate record,Derived from CMHC baseline,"CMHC Rental Market Survey, Canada, 2025; Table 1.0",b,a
SYN-0605,Windsor,Windsor CMA,Windsor area 10,1 Bedroom,Apartment,1135,1454,3.7,12.2,3.6,42.263634,-83.137046,Synthetic candidate record,Derived from CMHC baseline,"CMHC Rental Market Survey, Canada, 2025; Table 1.0",b,a
SYN-0606,Kingston,Kingston CMA,Kingston area 03,1 Bedroom,Apartment,1355,1764,2.4,17.3,2.4,44.30936,-76.584568,Synthetic candidate record,Derived from CMHC baseline,"CMHC Rental Market Survey, Canada, 2025; Table 1.0",a,a
SYN-0607,St. Catharines,St. Catharines-Niagara CMA,St. Catharines area 11,3 Bedroom,Townhouse,1870,1527,3.9,12.8,5.5,43.063124,-79.186705,Synthetic candidate record,Derived from CMHC baseline,"CMHC Rental Market Survey, Canada, 2025; Table 1.0",b,a
SYN-0608,Oshawa,Oshawa CMA,Oshawa area 08,3 Bedroom,Apartment,2035,1754,3.7,4.8,,43.886941,-78.729029,Synthetic candidate record,Derived from CMHC baseline,"CMHC Rental Market Survey, Canada, 2025; Table 1.0",b,a
SYN-0609,Kingston,Kingston CMA,Kingston area 11,1 Bedroom,Townhouse,1395,1764,2.4,17.3,2.4,44.295291,-76.574793,Synthetic candidate record,Derived from CMHC baseline,"CMHC Rental Market Survey, Canada, 2025; Table 1.0",a,a
SYN-0610,St. Catharines,St. Catharines-Niagara CMA,St. Catharines area 02,1 Bedroom,Apartment,1155,1527,3.9,12.8,5.5,43.24387,-79.220433,Synthetic candidate record,Derived from CMHC baseline,"CMHC Rental Market Survey, Canada, 2025; Table 1.0",b,a
SYN-0611,London,London CMA,London area 07,1 Bedroom,Apartment,1405,1651,4,15.1,4.1,43.056818,-81.244108,Synthetic candidate record,Derived from CMHC baseline,"CMHC Rental Market Survey, Canada, 2025; Table 1.0",a,a
SYN-0612,Hamilton,Hamilton CMA,Hamilton area 01,2 Bedroom,Apartment,1710,1656,3.6,13.1,1.6,43.250874,-79.839589,Synthetic candidate record,Derived from CMHC baseline,"CMHC Rental Market Survey, Canada, 2025; Table 1.0",a,a
SYN-0613,Guelph,Guelph CMA,Guelph area 11,Studio,Apartment,1320,1802,3.1,15.1,4.6,43.44504,-80.127418,Synthetic candidate record,Derived from CMHC baseline,"CMHC Rental Market Survey, Canada, 2025; Table 1.0",b,a
SYN-0614,Thunder Bay,Thunder Bay CMA,Thunder Bay area 07,2 Bedroom,Apartment,1415,1495,4,3.4,6.8,48.455865,-89.188185,Synthetic candidate record,Derived from CMHC baseline,"CMHC Rental Market Survey, Canada, 2025; Table 1.0",b,a
SYN-0615,London,London CMA,London area 12,3 Bedroom,Townhouse,2235,1651,4,15.1,4.1,43.00271,-81.179303,Synthetic candidate record,Derived from CMHC baseline,"CMHC Rental Market Survey, Canada, 2025; Table 1.0",a,a
SYN-0616,Guelph,Guelph CMA,Guelph area 02,1 Bedroom,Apartment,1370,1802,3.1,15.1,4.6,43.540228,-80.322006,Synthetic candidate record,Derived from CMHC baseline,"CMHC Rental Market Survey, Canada, 2025; Table 1.0",b,a
SYN-0617,Oshawa,Oshawa CMA,Oshawa area 09,2 Bedroom,Townhouse,1895,1754,3.7,4.8,,43.945829,-79.002601,Synthetic candidate record,Derived from CMHC baseline,"CMHC Rental Market Survey, Canada, 2025; Table 1.0",b,a
SYN-0618,Guelph,Guelph CMA,Guelph area 06,2 Bedroom,Townhouse,1960,1802,3.1,15.1,4.6,43.575709,-80.196391,Synthetic candidate record,Derived from CMHC baseline,"CMHC Rental Market Survey, Canada, 2025; Table 1.0",b,a
SYN-0619,Thunder Bay,Thunder Bay CMA,Thunder Bay area 10,1 Bedroom,Apartment,1115,1495,4,3.4,6.8,48.333161,-89.236828,Synthetic candidate record,Derived from CMHC baseline,"CMHC Rental Market Survey, Canada, 2025; Table 1.0",b,a
SYN-0620,Peterborough,Peterborough CMA,Peterborough area 09,2 Bedroom,Townhouse,1715,1518,3.1,8.4,,44.360094,-78.343952,Synthetic candidate record,Derived from CMHC baseline,"CMHC Rental Market Survey, Canada, 2025; Table 1.0",b,a
SYN-0621,Windsor,Windsor CMA,Windsor area 12,1 Bedroom,Townhouse,1285,1454,3.7,12.2,3.6,42.283771,-82.98082,Synthetic candidate record,Derived from CMHC baseline,"CMHC Rental Market Survey, Canada, 2025; Table 1.0",b,a
SYN-0622,Hamilton,Hamilton CMA,Hamilton area 12,2 Bedroom,Apartment,1760,1656,3.6,13.1,1.6,43.305263,-79.885766,Synthetic candidate record,Derived from CMHC baseline,"CMHC Rental Market Survey, Canada, 2025; Table 1.0",a,a
SYN-0623,Kingston,Kingston CMA,Kingston area 01,Studio,Townhouse,1335,1764,2.4,17.3,2.4,44.254005,-76.434484,Synthetic candidate record,Derived from CMHC baseline,"CMHC Rental Market Survey, Canada, 2025; Table 1.0",a,a
SYN-0624,Kingston,Kingston CMA,Kingston area 08,1 Bedroom,Apartment,1255,1764,2.4,17.3,2.4,44.292074,-76.395772,Synthetic candidate record,Derived from CMHC baseline,"CMHC Rental Market Survey, Canada, 2025; Table 1.0",a,a
SYN-0625,Thunder Bay,Thunder Bay CMA,Thunder Bay area 07,Studio,Apartment,1020,1495,4,3.4,6.8,48.288451,-89.282532,Synthetic candidate record,Derived from CMHC baseline,"CMHC Rental Market Survey, Canada, 2025; Table 1.0",b,a
SYN-0626,Oshawa,Oshawa CMA,Oshawa area 11,2 Bedroom,Apartment,1805,1754,3.7,4.8,,43.986243,-78.77692,Synthetic candidate record,Derived from CMHC baseline,"CMHC Rental Market Survey, Canada, 2025; Table 1.0",b,a
SYN-0627,Windsor,Windsor CMA,Windsor area 10,1 Bedroom,Apartment,1315,1454,3.7,12.2,3.6,42.318531,-83.118962,Synthetic candidate record,Derived from CMHC baseline,"CMHC Rental Market Survey, Canada, 2025; Table 1.0",b,a
SYN-0628,London,London CMA,London area 03,2 Bedroom,Apartment,1420,1651,4,15.1,4.1,42.956848,-81.202918,Synthetic candidate record,Derived from CMHC baseline,"CMHC Rental Market Survey, Canada, 2025; Table 1.0",a,a
SYN-0629,Brantford,Brantford CMA,Brantford area 12,3 Bedroom,Townhouse,2055,1619,3.5,14.5,,43.156616,-80.259537,Synthetic candidate record,Derived from CMHC baseline,"CMHC Rental Market Survey, Canada, 2025; Table 1.0",c,a
SYN-0630,Brantford,Brantford CMA,Brantford area 10,3 Bedroom,Apartment,2110,1619,3.5,14.5,,43.184628,-80.248198,Synthetic candidate record,Derived from CMHC baseline,"CMHC Rental Market Survey, Canada, 2025; Table 1.0",c,a
SYN-0631,Peterborough,Peterborough CMA,Peterborough area 01,1 Bedroom,Apartment,1280,1518,3.1,8.4,,44.300052,-78.346543,Synthetic candidate record,Derived from CMHC baseline,"CMHC Rental Market Survey, Canada, 2025; Table 1.0",b,a
SYN-0632,St. Catharines,St. Catharines-Niagara CMA,St. Catharines area 06,1 Bedroom,Apartment,1490,1527,3.9,12.8,5.5,43.171126,-79.246031,Synthetic candidate record,Derived from CMHC baseline,"CMHC Rental Market Survey, Canada, 2025; Table 1.0",b,a
SYN-0633,Guelph,Guelph CMA,Guelph area 07,2 Bedroom,Apartment,1980,1802,3.1,15.1,4.6,43.559779,-80.194618,Synthetic candidate record,Derived from CMHC baseline,"CMHC Rental Market Survey, Canada, 2025; Table 1.0",b,a
SYN-0634,Windsor,Windsor CMA,Windsor area 08,2 Bedroom,Apartment,1315,1454,3.7,12.2,3.6,42.407148,-83.04753,Synthetic candidate record,Derived from CMHC baseline,"CMHC Rental Market Survey, Canada, 2025; Table 1.0",b,a
SYN-0635,Barrie,Barrie CMA,Barrie area 04,1 Bedroom,Apartment,1580,1755,4.3,12.8,4.3,44.48824,-79.640786,Synthetic candidate record,Derived from CMHC baseline,"CMHC Rental Market Survey, Canada, 2025; Table 1.0",b,a
SYN-0636,Ottawa,Ottawa-Gatineau CMA (Ont. part),Ottawa area 05,1 Bedroom,Apartment,1650,1926,3,15.4,3.4,45.424801,-75.836903,Synthetic candidate record,Derived from CMHC baseline,"CMHC Rental Market Survey, Canada, 2025; Table 1.0",b,a
SYN-0637,London,London CMA,London area 08,1 Bedroom,Townhouse,1370,1651,4,15.1,4.1,42.900106,-81.127357,Synthetic candidate record,Derived from CMHC baseline,"CMHC Rental Market Survey, Canada, 2025; Table 1.0",a,a
SYN-0638,Ottawa,Ottawa-Gatineau CMA (Ont. part),Ottawa area 04,1 Bedroom,Apartment,1385,1926,3,15.4,3.4,45.358057,-75.627059,Synthetic candidate record,Derived from CMHC baseline,"CMHC Rental Market Survey, Canada, 2025; Table 1.0",b,a
SYN-0639,Windsor,Windsor CMA,Windsor area 04,2 Bedroom,Apartment,1435,1454,3.7,12.2,3.6,42.256256,-83.116792,Synthetic candidate record,Derived from CMHC baseline,"CMHC Rental Market Survey, Canada, 2025; Table 1.0",b,a
SYN-0640,Peterborough,Peterborough CMA,Peterborough area 11,1 Bedroom,Apartment,1055,1518,3.1,8.4,,44.233076,-78.43751,Synthetic candidate record,Derived from CMHC baseline,"CMHC Rental Market Survey, Canada, 2025; Table 1.0",b,a
SYN-0641,Windsor,Windsor CMA,Windsor area 10,2 Bedroom,Apartment,1515,1454,3.7,12.2,3.6,42.277983,-82.928721,Synthetic candidate record,Derived from CMHC baseline,"CMHC Rental Market Survey, Canada, 2025; Table 1.0",b,a
SYN-0642,St. Catharines,St. Catharines-Niagara CMA,St. Catharines area 03,1 Bedroom,Apartment,1180,1527,3.9,12.8,5.5,43.138976,-79.178309,Synthetic candidate record,Derived from CMHC baseline,"CMHC Rental Market Survey, Canada, 2025; Table 1.0",b,a
SYN-0643,Belleville,Belleville - Quinte West CMA,Belleville area 11,2 Bedroom,Townhouse,1455,1484,3.4,16.9,,44.163295,-77.412832,Synthetic candidate record,Derived from CMHC baseline,"CMHC Rental Market Survey, Canada, 2025; Table 1.0",c,a
SYN-0644,Kingston,Kingston CMA,Kingston area 12,1 Bedroom,Apartment,1465,1764,2.4,17.3,2.4,44.270849,-76.497145,Synthetic candidate record,Derived from CMHC baseline,"CMHC Rental Market Survey, Canada, 2025; Table 1.0",a,a
SYN-0645,Barrie,Barrie CMA,Barrie area 03,Studio,Apartment,1165,1755,4.3,12.8,4.3,44.36172,-79.589029,Synthetic candidate record,Derived from CMHC baseline,"CMHC Rental Market Survey, Canada, 2025; Table 1.0",b,a
SYN-0646,St. Catharines,St. Catharines-Niagara CMA,St. Catharines area 03,1 Bedroom,Townhouse,1385,1527,3.9,12.8,5.5,43.251105,-79.289919,Synthetic candidate record,Derived from CMHC baseline,"CMHC Rental Market Survey, Canada, 2025; Table 1.0",b,a
SYN-0647,Windsor,Windsor CMA,Windsor area 03,1 Bedroom,Townhouse,1260,1454,3.7,12.2,3.6,42.385765,-83.096003,Synthetic candidate record,Derived from CMHC baseline,"CMHC Rental Market Survey, Canada, 2025; Table 1.0",b,a
SYN-0648,Hamilton,Hamilton CMA,Hamilton area 04,3 Bedroom,Apartment,1895,1656,3.6,13.1,1.6,43.318538,-79.810462,Synthetic candidate record,Derived from CMHC baseline,"CMHC Rental Market Survey, Canada, 2025; Table 1.0",a,a
SYN-0649,Thunder Bay,Thunder Bay CMA,Thunder Bay area 03,2 Bedroom,Apartment,1670,1495,4,3.4,6.8,48.31081,-89.155656,Synthetic candidate record,Derived from CMHC baseline,"CMHC Rental Market Survey, Canada, 2025; Table 1.0",b,a
SYN-0650,Thunder Bay,Thunder Bay CMA,Thunder Bay area 09,1 Bedroom,Apartment,1410,1495,4,3.4,6.8,48.437967,-89.307915,Synthetic candidate record,Derived from CMHC baseline,"CMHC Rental Market Survey, Canada, 2025; Table 1.0",b,a
SYN-0651,Belleville,Belleville - Quinte West CMA,Belleville area 08,1 Bedroom,Apartment,1370,1484,3.4,16.9,,44.158108,-77.346995,Synthetic candidate record,Derived from CMHC baseline,"CMHC Rental Market Survey, Canada, 2025; Table 1.0",c,a
SYN-0652,Ottawa,Ottawa-Gatineau CMA (Ont. part),Ottawa area 05,1 Bedroom,Apartment,1660,1926,3,15.4,3.4,45.43357,-75.574147,Synthetic candidate record,Derived from CMHC baseline,"CMHC Rental Market Survey, Canada, 2025; Table 1.0",b,a
SYN-0653,Peterborough,Peterborough CMA,Peterborough area 11,Studio,Apartment,965,1518,3.1,8.4,,44.330215,-78.29822,Synthetic candidate record,Derived from CMHC baseline,"CMHC Rental Market Survey, Canada, 2025; Table 1.0",b,a
SYN-0654,Kingston,Kingston CMA,Kingston area 08,3 Bedroom,Apartment,2365,1764,2.4,17.3,2.4,44.202222,-76.437658,Synthetic candidate record,Derived from CMHC baseline,"CMHC Rental Market Survey, Canada, 2025; Table 1.0",a,a
SYN-0655,Toronto,Toronto CMA,Toronto area 11,3 Bedroom,Townhouse,2545,2046,3,8.7,3.4,43.744519,-79.281405,Synthetic candidate record,Derived from CMHC baseline,"CMHC Rental Market Survey, Canada, 2025; Table 1.0",a,a
SYN-0656,Ottawa,Ottawa-Gatineau CMA (Ont. part),Ottawa area 03,1 Bedroom,Townhouse,1610,1926,3,15.4,3.4,45.49128,-75.819344,Synthetic candidate record,Derived from CMHC baseline,"CMHC Rental Market Survey, Canada, 2025; Table 1.0",b,a
SYN-0657,Ottawa,Ottawa-Gatineau CMA (Ont. part),Ottawa area 08,1 Bedroom,Apartment,1475,1926,3,15.4,3.4,45.442577,-75.72699,Synthetic candidate record,Derived from CMHC baseline,"CMHC Rental Market Survey, Canada, 2025; Table 1.0",b,a
SYN-0658,Peterborough,Peterborough CMA,Peterborough area 01,2 Bedroom,Townhouse,1480,1518,3.1,8.4,,44.291898,-78.408052,Synthetic candidate record,Derived from CMHC baseline,"CMHC Rental Market Survey, Canada, 2025; Table 1.0",b,a
SYN-0659,Hamilton,Hamilton CMA,Hamilton area 02,2 Bedroom,Apartment,1835,1656,3.6,13.1,1.6,43.171713,-79.96257,Synthetic candidate record,Derived from CMHC baseline,"CMHC Rental Market Survey, Canada, 2025; Table 1.0",a,a
SYN-0660,Guelph,Guelph CMA,Guelph area 07,Studio,Townhouse,1265,1802,3.1,15.1,4.6,43.554487,-80.378888,Synthetic candidate record,Derived from CMHC baseline,"CMHC Rental Market Survey, Canada, 2025; Table 1.0",b,a
SYN-0661,Brantford,Brantford CMA,Brantford area 12,Studio,Apartment,1265,1619,3.5,14.5,,43.117369,-80.33858,Synthetic candidate record,Derived from CMHC baseline,"CMHC Rental Market Survey, Canada, 2025; Table 1.0",c,a
SYN-0662,Oshawa,Oshawa CMA,Oshawa area 01,1 Bedroom,Apartment,1565,1754,3.7,4.8,,43.823355,-78.771844,Synthetic candidate record,Derived from CMHC baseline,"CMHC Rental Market Survey, Canada, 2025; Table 1.0",b,a
SYN-0663,Belleville,Belleville - Quinte West CMA,Belleville area 09,2 Bedroom,Apartment,1565,1484,3.4,16.9,,44.23698,-77.261962,Synthetic candidate record,Derived from CMHC baseline,"CMHC Rental Market Survey, Canada, 2025; Table 1.0",c,a
SYN-0664,Toronto,Toronto CMA,Toronto area 12,1 Bedroom,Apartment,1570,2046,3,8.7,3.4,43.671366,-79.395212,Synthetic candidate record,Derived from CMHC baseline,"CMHC Rental Market Survey, Canada, 2025; Table 1.0",a,a
SYN-0665,Thunder Bay,Thunder Bay CMA,Thunder Bay area 05,2 Bedroom,Apartment,1605,1495,4,3.4,6.8,48.326326,-89.371296,Synthetic candidate record,Derived from CMHC baseline,"CMHC Rental Market Survey, Canada, 2025; Table 1.0",b,a
SYN-0666,Peterborough,Peterborough CMA,Peterborough area 03,1 Bedroom,Apartment,1185,1518,3.1,8.4,,44.269815,-78.459421,Synthetic candidate record,Derived from CMHC baseline,"CMHC Rental Market Survey, Canada, 2025; Table 1.0",b,a
SYN-0667,Peterborough,Peterborough CMA,Peterborough area 07,1 Bedroom,Apartment,1205,1518,3.1,8.4,,44.360195,-78.375707,Synthetic candidate record,Derived from CMHC baseline,"CMHC Rental Market Survey, Canada, 2025; Table 1.0",b,a
SYN-0668,Oshawa,Oshawa CMA,Oshawa area 09,2 Bedroom,Apartment,1610,1754,3.7,4.8,,43.906742,-78.952238,Synthetic candidate record,Derived from CMHC baseline,"CMHC Rental Market Survey, Canada, 2025; Table 1.0",b,a
SYN-0669,Thunder Bay,Thunder Bay CMA,Thunder Bay area 02,1 Bedroom,Apartment,1195,1495,4,3.4,6.8,48.446585,-89.331837,Synthetic candidate record,Derived from CMHC baseline,"CMHC Rental Market Survey, Canada, 2025; Table 1.0",b,a
SYN-0670,Thunder Bay,Thunder Bay CMA,Thunder Bay area 05,2 Bedroom,Apartment,1335,1495,4,3.4,6.8,48.337835,-89.174549,Synthetic candidate record,Derived from CMHC baseline,"CMHC Rental Market Survey, Canada, 2025; Table 1.0",b,a
SYN-0671,Thunder Bay,Thunder Bay CMA,Thunder Bay area 05,1 Bedroom,Apartment,1255,1495,4,3.4,6.8,48.408279,-89.212249,Synthetic candidate record,Derived from CMHC baseline,"CMHC Rental Market Survey, Canada, 2025; Table 1.0",b,a
SYN-0672,Windsor,Windsor CMA,Windsor area 01,1 Bedroom,Apartment,1260,1454,3.7,12.2,3.6,42.24533,-82.909356,Synthetic candidate record,Derived from CMHC baseline,"CMHC Rental Market Survey, Canada, 2025; Table 1.0",b,a
SYN-0673,Kingston,Kingston CMA,Kingston area 03,3 Bedroom,Apartment,2140,1764,2.4,17.3,2.4,44.276621,-76.560579,Synthetic candidate record,Derived from CMHC baseline,"CMHC Rental Market Survey, Canada, 2025; Table 1.0",a,a
SYN-0674,Barrie,Barrie CMA,Barrie area 08,1 Bedroom,Apartment,1610,1755,4.3,12.8,4.3,44.373449,-79.610332,Synthetic candidate record,Derived from CMHC baseline,"CMHC Rental Market Survey, Canada, 2025; Table 1.0",b,a
SYN-0675,Peterborough,Peterborough CMA,Peterborough area 07,1 Bedroom,Apartment,1160,1518,3.1,8.4,,44.399429,-78.443784,Synthetic candidate record,Derived from CMHC baseline,"CMHC Rental Market Survey, Canada, 2025; Table 1.0",b,a
SYN-0676,Brantford,Brantford CMA,Brantford area 07,2 Bedroom,Apartment,1825,1619,3.5,14.5,,43.077838,-80.170788,Synthetic candidate record,Derived from CMHC baseline,"CMHC Rental Market Survey, Canada, 2025; Table 1.0",c,a
SYN-0677,Barrie,Barrie CMA,Barrie area 04,1 Bedroom,Apartment,1220,1755,4.3,12.8,4.3,44.338832,-79.551891,Synthetic candidate record,Derived from CMHC baseline,"CMHC Rental Market Survey, Canada, 2025; Table 1.0",b,a
SYN-0678,Toronto,Toronto CMA,Toronto area 08,2 Bedroom,Apartment,2320,2046,3,8.7,3.4,43.657428,-79.249933,Synthetic candidate record,Derived from CMHC baseline,"CMHC Rental Market Survey, Canada, 2025; Table 1.0",a,a
SYN-0679,Greater Sudbury,Greater Sudbury/Grand Sudbury CMA,Greater Sudbury area 09,2 Bedroom,Apartment,1620,1558,1.2,6.6,,46.537347,-80.921907,Synthetic candidate record,Derived from CMHC baseline,"CMHC Rental Market Survey, Canada, 2025; Table 1.0",a,a
SYN-0680,Guelph,Guelph CMA,Guelph area 11,1 Bedroom,Apartment,1450,1802,3.1,15.1,4.6,43.484545,-80.141274,Synthetic candidate record,Derived from CMHC baseline,"CMHC Rental Market Survey, Canada, 2025; Table 1.0",b,a
SYN-0681,Kitchener-Waterloo,Kitchener-Cambridge-Waterloo CMA,Kitchener-Waterloo area 02,3 Bedroom,Apartment,2155,1832,4.1,16.1,3.3,43.385072,-80.554184,Synthetic candidate record,Derived from CMHC baseline,"CMHC Rental Market Survey, Canada, 2025; Table 1.0",b,a
SYN-0682,Greater Sudbury,Greater Sudbury/Grand Sudbury CMA,Greater Sudbury area 12,2 Bedroom,Apartment,1480,1558,1.2,6.6,,46.585467,-80.969447,Synthetic candidate record,Derived from CMHC baseline,"CMHC Rental Market Survey, Canada, 2025; Table 1.0",a,a
SYN-0683,Windsor,Windsor CMA,Windsor area 10,2 Bedroom,Apartment,1420,1454,3.7,12.2,3.6,42.24644,-83.146913,Synthetic candidate record,Derived from CMHC baseline,"CMHC Rental Market Survey, Canada, 2025; Table 1.0",b,a
SYN-0684,Ottawa,Ottawa-Gatineau CMA (Ont. part),Ottawa area 12,3 Bedroom,Apartment,2425,1926,3,15.4,3.4,45.333455,-75.656004,Synthetic candidate record,Derived from CMHC baseline,"CMHC Rental Market Survey, Canada, 2025; Table 1.0",b,a
SYN-0685,Guelph,Guelph CMA,Guelph area 08,1 Bedroom,Apartment,1420,1802,3.1,15.1,4.6,43.573729,-80.290329,Synthetic candidate record,Derived from CMHC baseline,"CMHC Rental Market Survey, Canada, 2025; Table 1.0",b,a
SYN-0686,Kitchener-Waterloo,Kitchener-Cambridge-Waterloo CMA,Kitchener-Waterloo area 01,Studio,Townhouse,1465,1832,4.1,16.1,3.3,43.423233,-80.593131,Synthetic candidate record,Derived from CMHC baseline,"CMHC Rental Market Survey, Canada, 2025; Table 1.0",b,a
SYN-0687,Windsor,Windsor CMA,Windsor area 06,2 Bedroom,Apartment,1330,1454,3.7,12.2,3.6,42.32824,-83.024602,Synthetic candidate record,Derived from CMHC baseline,"CMHC Rental Market Survey, Canada, 2025; Table 1.0",b,a
SYN-0688,Toronto,Toronto CMA,Toronto area 05,1 Bedroom,Apartment,1640,2046,3,8.7,3.4,43.566975,-79.478559,Synthetic candidate record,Derived from CMHC baseline,"CMHC Rental Market Survey, Canada, 2025; Table 1.0",a,a
SYN-0689,St. Catharines,St. Catharines-Niagara CMA,St. Catharines area 01,2 Bedroom,Townhouse,1825,1527,3.9,12.8,5.5,43.135209,-79.33312,Synthetic candidate record,Derived from CMHC baseline,"CMHC Rental Market Survey, Canada, 2025; Table 1.0",b,a
SYN-0690,Peterborough,Peterborough CMA,Peterborough area 09,2 Bedroom,Apartment,1520,1518,3.1,8.4,,44.273239,-78.441743,Synthetic candidate record,Derived from CMHC baseline,"CMHC Rental Market Survey, Canada, 2025; Table 1.0",b,a
SYN-0691,Greater Sudbury,Greater Sudbury/Grand Sudbury CMA,Greater Sudbury area 06,1 Bedroom,Townhouse,1385,1558,1.2,6.6,,46.448326,-81.019202,Synthetic candidate record,Derived from CMHC baseline,"CMHC Rental Market Survey, Canada, 2025; Table 1.0",a,a
SYN-0692,Guelph,Guelph CMA,Guelph area 03,Studio,Apartment,1170,1802,3.1,15.1,4.6,43.453555,-80.1274,Synthetic candidate record,Derived from CMHC baseline,"CMHC Rental Market Survey, Canada, 2025; Table 1.0",b,a
SYN-0693,Belleville,Belleville - Quinte West CMA,Belleville area 08,1 Bedroom,Townhouse,1325,1484,3.4,16.9,,44.19115,-77.414259,Synthetic candidate record,Derived from CMHC baseline,"CMHC Rental Market Survey, Canada, 2025; Table 1.0",c,a
SYN-0694,St. Catharines,St. Catharines-Niagara CMA,St. Catharines area 04,Studio,Apartment,1055,1527,3.9,12.8,5.5,43.180591,-79.364557,Synthetic candidate record,Derived from CMHC baseline,"CMHC Rental Market Survey, Canada, 2025; Table 1.0",b,a
SYN-0695,Windsor,Windsor CMA,Windsor area 07,3 Bedroom,Apartment,1600,1454,3.7,12.2,3.6,42.287085,-82.970547,Synthetic candidate record,Derived from CMHC baseline,"CMHC Rental Market Survey, Canada, 2025; Table 1.0",b,a
SYN-0696,Peterborough,Peterborough CMA,Peterborough area 01,2 Bedroom,Apartment,1550,1518,3.1,8.4,,44.373829,-78.385153,Synthetic candidate record,Derived from CMHC baseline,"CMHC Rental Market Survey, Canada, 2025; Table 1.0",b,a
SYN-0697,Brantford,Brantford CMA,Brantford area 09,2 Bedroom,Apartment,1910,1619,3.5,14.5,,43.058824,-80.202683,Synthetic candidate record,Derived from CMHC baseline,"CMHC Rental Market Survey, Canada, 2025; Table 1.0",c,a
SYN-0698,Greater Sudbury,Greater Sudbury/Grand Sudbury CMA,Greater Sudbury area 09,1 Bedroom,Apartment,1195,1558,1.2,6.6,,46.505706,-80.862999,Synthetic candidate record,Derived from CMHC baseline,"CMHC Rental Market Survey, Canada, 2025; Table 1.0",a,a
SYN-0699,Thunder Bay,Thunder Bay CMA,Thunder Bay area 03,2 Bedroom,Apartment,1415,1495,4,3.4,6.8,48.366315,-89.366915,Synthetic candidate record,Derived from CMHC baseline,"CMHC Rental Market Survey, Canada, 2025; Table 1.0",b,a
SYN-0700,Greater Sudbury,Greater Sudbury/Grand Sudbury CMA,Greater Sudbury area 06,2 Bedroom,Apartment,1395,1558,1.2,6.6,,46.49848,-80.963974,Synthetic candidate record,Derived from CMHC baseline,"CMHC Rental Market Survey, Canada, 2025; Table 1.0",a,a
SYN-0701,Ottawa,Ottawa-Gatineau CMA (Ont. part),Ottawa area 06,2 Bedroom,Apartment,2010,1926,3,15.4,3.4,45.448148,-75.604263,Synthetic candidate record,Derived from CMHC baseline,"CMHC Rental Market Survey, Canada, 2025; Table 1.0",b,a
SYN-0702,London,London CMA,London area 12,2 Bedroom,Apartment,1545,1651,4,15.1,4.1,42.959913,-81.231565,Synthetic candidate record,Derived from CMHC baseline,"CMHC Rental Market Survey, Canada, 2025; Table 1.0",a,a
SYN-0703,St. Catharines,St. Catharines-Niagara CMA,St. Catharines area 10,1 Bedroom,Townhouse,1255,1527,3.9,12.8,5.5,43.204663,-79.114484,Synthetic candidate record,Derived from CMHC baseline,"CMHC Rental Market Survey, Canada, 2025; Table 1.0",b,a
SYN-0704,Barrie,Barrie CMA,Barrie area 04,2 Bedroom,Apartment,1800,1755,4.3,12.8,4.3,44.290714,-79.55473,Synthetic candidate record,Derived from CMHC baseline,"CMHC Rental Market Survey, Canada, 2025; Table 1.0",b,a
SYN-0705,Ottawa,Ottawa-Gatineau CMA (Ont. part),Ottawa area 02,Studio,Apartment,1410,1926,3,15.4,3.4,45.435634,-75.676794,Synthetic candidate record,Derived from CMHC baseline,"CMHC Rental Market Survey, Canada, 2025; Table 1.0",b,a
SYN-0706,Belleville,Belleville - Quinte West CMA,Belleville area 10,1 Bedroom,Apartment,1165,1484,3.4,16.9,,44.090482,-77.420257,Synthetic candidate record,Derived from CMHC baseline,"CMHC Rental Market Survey, Canada, 2025; Table 1.0",c,a
SYN-0707,London,London CMA,London area 12,1 Bedroom,Apartment,1440,1651,4,15.1,4.1,43.068476,-81.181252,Synthetic candidate record,Derived from CMHC baseline,"CMHC Rental Market Survey, Canada, 2025; Table 1.0",a,a
SYN-0708,Ottawa,Ottawa-Gatineau CMA (Ont. part),Ottawa area 12,2 Bedroom,Apartment,2005,1926,3,15.4,3.4,45.419155,-75.583499,Synthetic candidate record,Derived from CMHC baseline,"CMHC Rental Market Survey, Canada, 2025; Table 1.0",b,a
SYN-0709,Guelph,Guelph CMA,Guelph area 06,2 Bedroom,Apartment,2040,1802,3.1,15.1,4.6,43.521109,-80.170907,Synthetic candidate record,Derived from CMHC baseline,"CMHC Rental Market Survey, Canada, 2025; Table 1.0",b,a
SYN-0710,Peterborough,Peterborough CMA,Peterborough area 04,3 Bedroom,Townhouse,2080,1518,3.1,8.4,,44.292404,-78.216894,Synthetic candidate record,Derived from CMHC baseline,"CMHC Rental Market Survey, Canada, 2025; Table 1.0",b,a
SYN-0711,Barrie,Barrie CMA,Barrie area 06,2 Bedroom,Townhouse,2060,1755,4.3,12.8,4.3,44.353263,-79.672132,Synthetic candidate record,Derived from CMHC baseline,"CMHC Rental Market Survey, Canada, 2025; Table 1.0",b,a
SYN-0712,London,London CMA,London area 10,1 Bedroom,Townhouse,1505,1651,4,15.1,4.1,43.079108,-81.176174,Synthetic candidate record,Derived from CMHC baseline,"CMHC Rental Market Survey, Canada, 2025; Table 1.0",a,a
SYN-0713,Brantford,Brantford CMA,Brantford area 12,1 Bedroom,Apartment,1340,1619,3.5,14.5,,43.106634,-80.271018,Synthetic candidate record,Derived from CMHC baseline,"CMHC Rental Market Survey, Canada, 2025; Table 1.0",c,a
SYN-0714,Belleville,Belleville - Quinte West CMA,Belleville area 12,2 Bedroom,Apartment,1425,1484,3.4,16.9,,44.079816,-77.382692,Synthetic candidate record,Derived from CMHC baseline,"CMHC Rental Market Survey, Canada, 2025; Table 1.0",c,a
SYN-0715,Hamilton,Hamilton CMA,Hamilton area 10,2 Bedroom,Townhouse,1645,1656,3.6,13.1,1.6,43.28615,-79.954554,Synthetic candidate record,Derived from CMHC baseline,"CMHC Rental Market Survey, Canada, 2025; Table 1.0",a,a
SYN-0716,London,London CMA,London area 10,1 Bedroom,Apartment,1310,1651,4,15.1,4.1,43.040254,-81.293579,Synthetic candidate record,Derived from CMHC baseline,"CMHC Rental Market Survey, Canada, 2025; Table 1.0",a,a
SYN-0717,Brantford,Brantford CMA,Brantford area 01,Studio,Townhouse,1115,1619,3.5,14.5,,43.103548,-80.238669,Synthetic candidate record,Derived from CMHC baseline,"CMHC Rental Market Survey, Canada, 2025; Table 1.0",c,a
SYN-0718,Oshawa,Oshawa CMA,Oshawa area 08,1 Bedroom,Apartment,1485,1754,3.7,4.8,,43.920344,-78.729755,Synthetic candidate record,Derived from CMHC baseline,"CMHC Rental Market Survey, Canada, 2025; Table 1.0",b,a
SYN-0719,Hamilton,Hamilton CMA,Hamilton area 02,1 Bedroom,Apartment,1390,1656,3.6,13.1,1.6,43.307247,-79.774227,Synthetic candidate record,Derived from CMHC baseline,"CMHC Rental Market Survey, Canada, 2025; Table 1.0",a,a
SYN-0720,Belleville,Belleville - Quinte West CMA,Belleville area 01,1 Bedroom,Apartment,1300,1484,3.4,16.9,,44.23655,-77.293947,Synthetic candidate record,Derived from CMHC baseline,"CMHC Rental Market Survey, Canada, 2025; Table 1.0",c,a
SYN-0721,Ottawa,Ottawa-Gatineau CMA (Ont. part),Ottawa area 04,2 Bedroom,Apartment,1870,1926,3,15.4,3.4,45.387875,-75.628809,Synthetic candidate record,Derived from CMHC baseline,"CMHC Rental Market Survey, Canada, 2025; Table 1.0",b,a
SYN-0722,Kitchener-Waterloo,Kitchener-Cambridge-Waterloo CMA,Kitchener-Waterloo area 03,2 Bedroom,Apartment,1980,1832,4.1,16.1,3.3,43.46136,-80.458602,Synthetic candidate record,Derived from CMHC baseline,"CMHC Rental Market Survey, Canada, 2025; Table 1.0",b,a
SYN-0723,Barrie,Barrie CMA,Barrie area 05,1 Bedroom,Apartment,1440,1755,4.3,12.8,4.3,44.329539,-79.635297,Synthetic candidate record,Derived from CMHC baseline,"CMHC Rental Market Survey, Canada, 2025; Table 1.0",b,a
SYN-0724,Belleville,Belleville - Quinte West CMA,Belleville area 11,1 Bedroom,Apartment,1250,1484,3.4,16.9,,44.07612,-77.338488,Synthetic candidate record,Derived from CMHC baseline,"CMHC Rental Market Survey, Canada, 2025; Table 1.0",c,a
SYN-0725,Peterborough,Peterborough CMA,Peterborough area 09,3 Bedroom,Apartment,1790,1518,3.1,8.4,,44.286405,-78.185601,Synthetic candidate record,Derived from CMHC baseline,"CMHC Rental Market Survey, Canada, 2025; Table 1.0",b,a
SYN-0726,Guelph,Guelph CMA,Guelph area 03,3 Bedroom,Townhouse,2755,1802,3.1,15.1,4.6,43.618155,-80.239492,Synthetic candidate record,Derived from CMHC baseline,"CMHC Rental Market Survey, Canada, 2025; Table 1.0",b,a
SYN-0727,Kitchener-Waterloo,Kitchener-Cambridge-Waterloo CMA,Kitchener-Waterloo area 05,2 Bedroom,Townhouse,1760,1832,4.1,16.1,3.3,43.35955,-80.376165,Synthetic candidate record,Derived from CMHC baseline,"CMHC Rental Market Survey, Canada, 2025; Table 1.0",b,a
SYN-0728,Ottawa,Ottawa-Gatineau CMA (Ont. part),Ottawa area 06,1 Bedroom,Apartment,1510,1926,3,15.4,3.4,45.325174,-75.644681,Synthetic candidate record,Derived from CMHC baseline,"CMHC Rental Market Survey, Canada, 2025; Table 1.0",b,a
SYN-0729,Oshawa,Oshawa CMA,Oshawa area 01,1 Bedroom,Apartment,1495,1754,3.7,4.8,,43.972835,-78.757443,Synthetic candidate record,Derived from CMHC baseline,"CMHC Rental Market Survey, Canada, 2025; Table 1.0",b,a
SYN-0730,St. Catharines,St. Catharines-Niagara CMA,St. Catharines area 02,1 Bedroom,Apartment,1130,1527,3.9,12.8,5.5,43.238835,-79.203873,Synthetic candidate record,Derived from CMHC baseline,"CMHC Rental Market Survey, Canada, 2025; Table 1.0",b,a
SYN-0731,Greater Sudbury,Greater Sudbury/Grand Sudbury CMA,Greater Sudbury area 10,2 Bedroom,Apartment,1425,1558,1.2,6.6,,46.476993,-81.047503,Synthetic candidate record,Derived from CMHC baseline,"CMHC Rental Market Survey, Canada, 2025; Table 1.0",a,a
SYN-0732,Ottawa,Ottawa-Gatineau CMA (Ont. part),Ottawa area 09,1 Bedroom,Apartment,1655,1926,3,15.4,3.4,45.362851,-75.800186,Synthetic candidate record,Derived from CMHC baseline,"CMHC Rental Market Survey, Canada, 2025; Table 1.0",b,a
SYN-0733,Kitchener-Waterloo,Kitchener-Cambridge-Waterloo CMA,Kitchener-Waterloo area 03,3 Bedroom,Apartment,2115,1832,4.1,16.1,3.3,43.533513,-80.511767,Synthetic candidate record,Derived from CMHC baseline,"CMHC Rental Market Survey, Canada, 2025; Table 1.0",b,a
SYN-0734,Kingston,Kingston CMA,Kingston area 03,1 Bedroom,Apartment,1230,1764,2.4,17.3,2.4,44.168027,-76.391232,Synthetic candidate record,Derived from CMHC baseline,"CMHC Rental Market Survey, Canada, 2025; Table 1.0",a,a
SYN-0735,Barrie,Barrie CMA,Barrie area 11,2 Bedroom,Townhouse,2015,1755,4.3,12.8,4.3,44.438522,-79.600264,Synthetic candidate record,Derived from CMHC baseline,"CMHC Rental Market Survey, Canada, 2025; Table 1.0",b,a
SYN-0736,St. Catharines,St. Catharines-Niagara CMA,St. Catharines area 10,1 Bedroom,Apartment,1235,1527,3.9,12.8,5.5,43.080754,-79.333336,Synthetic candidate record,Derived from CMHC baseline,"CMHC Rental Market Survey, Canada, 2025; Table 1.0",b,a
SYN-0737,St. Catharines,St. Catharines-Niagara CMA,St. Catharines area 08,2 Bedroom,Apartment,1460,1527,3.9,12.8,5.5,43.064617,-79.362199,Synthetic candidate record,Derived from CMHC baseline,"CMHC Rental Market Survey, Canada, 2025; Table 1.0",b,a
SYN-0738,Hamilton,Hamilton CMA,Hamilton area 07,2 Bedroom,Townhouse,1735,1656,3.6,13.1,1.6,43.298104,-79.905712,Synthetic candidate record,Derived from CMHC baseline,"CMHC Rental Market Survey, Canada, 2025; Table 1.0",a,a
SYN-0739,Windsor,Windsor CMA,Windsor area 05,1 Bedroom,Apartment,1200,1454,3.7,12.2,3.6,42.367808,-83.167574,Synthetic candidate record,Derived from CMHC baseline,"CMHC Rental Market Survey, Canada, 2025; Table 1.0",b,a
SYN-0740,Thunder Bay,Thunder Bay CMA,Thunder Bay area 08,1 Bedroom,Apartment,1250,1495,4,3.4,6.8,48.432455,-89.378347,Synthetic candidate record,Derived from CMHC baseline,"CMHC Rental Market Survey, Canada, 2025; Table 1.0",b,a
SYN-0741,Windsor,Windsor CMA,Windsor area 07,2 Bedroom,Townhouse,1665,1454,3.7,12.2,3.6,42.370143,-83.007208,Synthetic candidate record,Derived from CMHC baseline,"CMHC Rental Market Survey, Canada, 2025; Table 1.0",b,a
SYN-0742,Ottawa,Ottawa-Gatineau CMA (Ont. part),Ottawa area 01,1 Bedroom,Apartment,1500,1926,3,15.4,3.4,45.42563,-75.710989,Synthetic candidate record,Derived from CMHC baseline,"CMHC Rental Market Survey, Canada, 2025; Table 1.0",b,a
SYN-0743,London,London CMA,London area 01,2 Bedroom,Townhouse,1820,1651,4,15.1,4.1,42.96238,-81.172806,Synthetic candidate record,Derived from CMHC baseline,"CMHC Rental Market Survey, Canada, 2025; Table 1.0",a,a
SYN-0744,Kitchener-Waterloo,Kitchener-Cambridge-Waterloo CMA,Kitchener-Waterloo area 05,1 Bedroom,Townhouse,1620,1832,4.1,16.1,3.3,43.52848,-80.417102,Synthetic candidate record,Derived from CMHC baseline,"CMHC Rental Market Survey, Canada, 2025; Table 1.0",b,a
SYN-0745,Toronto,Toronto CMA,Toronto area 11,1 Bedroom,Apartment,1645,2046,3,8.7,3.4,43.656594,-79.482093,Synthetic candidate record,Derived from CMHC baseline,"CMHC Rental Market Survey, Canada, 2025; Table 1.0",a,a
SYN-0746,Toronto,Toronto CMA,Toronto area 12,Studio,Apartment,1370,2046,3,8.7,3.4,43.589154,-79.35958,Synthetic candidate record,Derived from CMHC baseline,"CMHC Rental Market Survey, Canada, 2025; Table 1.0",a,a
SYN-0747,Hamilton,Hamilton CMA,Hamilton area 04,1 Bedroom,Apartment,1295,1656,3.6,13.1,1.6,43.273763,-79.812708,Synthetic candidate record,Derived from CMHC baseline,"CMHC Rental Market Survey, Canada, 2025; Table 1.0",a,a
SYN-0748,Toronto,Toronto CMA,Toronto area 03,Studio,Apartment,1410,2046,3,8.7,3.4,43.691543,-79.270651,Synthetic candidate record,Derived from CMHC baseline,"CMHC Rental Market Survey, Canada, 2025; Table 1.0",a,a
SYN-0749,Guelph,Guelph CMA,Guelph area 09,Studio,Townhouse,1295,1802,3.1,15.1,4.6,43.586256,-80.1856,Synthetic candidate record,Derived from CMHC baseline,"CMHC Rental Market Survey, Canada, 2025; Table 1.0",b,a
SYN-0750,Kingston,Kingston CMA,Kingston area 06,1 Bedroom,Townhouse,1525,1764,2.4,17.3,2.4,44.139981,-76.577863,Synthetic candidate record,Derived from CMHC baseline,"CMHC Rental Market Survey, Canada, 2025; Table 1.0",a,a
SYN-0751,Hamilton,Hamilton CMA,Hamilton area 08,1 Bedroom,Apartment,1425,1656,3.6,13.1,1.6,43.239616,-79.923408,Synthetic candidate record,Derived from CMHC baseline,"CMHC Rental Market Survey, Canada, 2025; Table 1.0",a,a
SYN-0752,Oshawa,Oshawa CMA,Oshawa area 01,2 Bedroom,Apartment,1940,1754,3.7,4.8,,43.976808,-78.738006,Synthetic candidate record,Derived from CMHC baseline,"CMHC Rental Market Survey, Canada, 2025; Table 1.0",b,a
SYN-0753,St. Catharines,St. Catharines-Niagara CMA,St. Catharines area 04,Studio,Townhouse,1185,1527,3.9,12.8,5.5,43.06055,-79.141971,Synthetic candidate record,Derived from CMHC baseline,"CMHC Rental Market Survey, Canada, 2025; Table 1.0",b,a
SYN-0754,Kitchener-Waterloo,Kitchener-Cambridge-Waterloo CMA,Kitchener-Waterloo area 10,2 Bedroom,Townhouse,1830,1832,4.1,16.1,3.3,43.442348,-80.508513,Synthetic candidate record,Derived from CMHC baseline,"CMHC Rental Market Survey, Canada, 2025; Table 1.0",b,a
SYN-0755,Barrie,Barrie CMA,Barrie area 03,1 Bedroom,Apartment,1340,1755,4.3,12.8,4.3,44.454451,-79.816547,Synthetic candidate record,Derived from CMHC baseline,"CMHC Rental Market Survey, Canada, 2025; Table 1.0",b,a
SYN-0756,Belleville,Belleville - Quinte West CMA,Belleville area 10,2 Bedroom,Apartment,1385,1484,3.4,16.9,,44.091875,-77.513557,Synthetic candidate record,Derived from CMHC baseline,"CMHC Rental Market Survey, Canada, 2025; Table 1.0",c,a
SYN-0757,Oshawa,Oshawa CMA,Oshawa area 10,1 Bedroom,Apartment,1545,1754,3.7,4.8,,43.83275,-78.818036,Synthetic candidate record,Derived from CMHC baseline,"CMHC Rental Market Survey, Canada, 2025; Table 1.0",b,a
SYN-0758,Kingston,Kingston CMA,Kingston area 05,3 Bedroom,Apartment,2220,1764,2.4,17.3,2.4,44.317496,-76.599568,Synthetic candidate record,Derived from CMHC baseline,"CMHC Rental Market Survey, Canada, 2025; Table 1.0",a,a
SYN-0759,Ottawa,Ottawa-Gatineau CMA (Ont. part),Ottawa area 08,1 Bedroom,Townhouse,1800,1926,3,15.4,3.4,45.490162,-75.821173,Synthetic candidate record,Derived from CMHC baseline,"CMHC Rental Market Survey, Canada, 2025; Table 1.0",b,a
SYN-0760,Hamilton,Hamilton CMA,Hamilton area 04,1 Bedroom,Apartment,1205,1656,3.6,13.1,1.6,43.221542,-79.894783,Synthetic candidate record,Derived from CMHC baseline,"CMHC Rental Market Survey, Canada, 2025; Table 1.0",a,a
SYN-0761,Kitchener-Waterloo,Kitchener-Cambridge-Waterloo CMA,Kitchener-Waterloo area 12,2 Bedroom,Apartment,1485,1832,4.1,16.1,3.3,43.457389,-80.606097,Synthetic candidate record,Derived from CMHC baseline,"CMHC Rental Market Survey, Canada, 2025; Table 1.0",b,a
SYN-0762,Oshawa,Oshawa CMA,Oshawa area 10,1 Bedroom,Apartment,1310,1754,3.7,4.8,,43.849032,-78.844944,Synthetic candidate record,Derived from CMHC baseline,"CMHC Rental Market Survey, Canada, 2025; Table 1.0",b,a
SYN-0763,Peterborough,Peterborough CMA,Peterborough area 10,3 Bedroom,Townhouse,1805,1518,3.1,8.4,,44.307601,-78.409164,Synthetic candidate record,Derived from CMHC baseline,"CMHC Rental Market Survey, Canada, 2025; Table 1.0",b,a
SYN-0764,London,London CMA,London area 11,2 Bedroom,Apartment,1630,1651,4,15.1,4.1,42.885216,-81.375441,Synthetic candidate record,Derived from CMHC baseline,"CMHC Rental Market Survey, Canada, 2025; Table 1.0",a,a
SYN-0765,Guelph,Guelph CMA,Guelph area 09,2 Bedroom,Apartment,1955,1802,3.1,15.1,4.6,43.527608,-80.294061,Synthetic candidate record,Derived from CMHC baseline,"CMHC Rental Market Survey, Canada, 2025; Table 1.0",b,a
SYN-0766,Kitchener-Waterloo,Kitchener-Cambridge-Waterloo CMA,Kitchener-Waterloo area 02,Studio,Apartment,915,1832,4.1,16.1,3.3,43.489603,-80.560158,Synthetic candidate record,Derived from CMHC baseline,"CMHC Rental Market Survey, Canada, 2025; Table 1.0",b,a
SYN-0767,Oshawa,Oshawa CMA,Oshawa area 10,1 Bedroom,Apartment,1445,1754,3.7,4.8,,43.863757,-78.894652,Synthetic candidate record,Derived from CMHC baseline,"CMHC Rental Market Survey, Canada, 2025; Table 1.0",b,a
SYN-0768,Barrie,Barrie CMA,Barrie area 11,2 Bedroom,Apartment,1690,1755,4.3,12.8,4.3,44.355503,-79.735658,Synthetic candidate record,Derived from CMHC baseline,"CMHC Rental Market Survey, Canada, 2025; Table 1.0",b,a
SYN-0769,Windsor,Windsor CMA,Windsor area 09,3 Bedroom,Apartment,1695,1454,3.7,12.2,3.6,42.34034,-82.93036,Synthetic candidate record,Derived from CMHC baseline,"CMHC Rental Market Survey, Canada, 2025; Table 1.0",b,a
SYN-0770,Ottawa,Ottawa-Gatineau CMA (Ont. part),Ottawa area 09,1 Bedroom,Townhouse,1590,1926,3,15.4,3.4,45.507058,-75.82371,Synthetic candidate record,Derived from CMHC baseline,"CMHC Rental Market Survey, Canada, 2025; Table 1.0",b,a
SYN-0771,Oshawa,Oshawa CMA,Oshawa area 06,2 Bedroom,Apartment,1730,1754,3.7,4.8,,43.91258,-78.912507,Synthetic candidate record,Derived from CMHC baseline,"CMHC Rental Market Survey, Canada, 2025; Table 1.0",b,a
SYN-0772,Brantford,Brantford CMA,Brantford area 07,3 Bedroom,Apartment,1980,1619,3.5,14.5,,43.207548,-80.308486,Synthetic candidate record,Derived from CMHC baseline,"CMHC Rental Market Survey, Canada, 2025; Table 1.0",c,a
SYN-0773,Kingston,Kingston CMA,Kingston area 06,2 Bedroom,Townhouse,1930,1764,2.4,17.3,2.4,44.287669,-76.539513,Synthetic candidate record,Derived from CMHC baseline,"CMHC Rental Market Survey, Canada, 2025; Table 1.0",a,a
SYN-0774,Belleville,Belleville - Quinte West CMA,Belleville area 08,1 Bedroom,Apartment,1260,1484,3.4,16.9,,44.162211,-77.456345,Synthetic candidate record,Derived from CMHC baseline,"CMHC Rental Market Survey, Canada, 2025; Table 1.0",c,a
SYN-0775,Oshawa,Oshawa CMA,Oshawa area 02,1 Bedroom,Apartment,1485,1754,3.7,4.8,,43.804579,-78.948483,Synthetic candidate record,Derived from CMHC baseline,"CMHC Rental Market Survey, Canada, 2025; Table 1.0",b,a
SYN-0776,Toronto,Toronto CMA,Toronto area 06,2 Bedroom,Townhouse,2355,2046,3,8.7,3.4,43.734191,-79.478821,Synthetic candidate record,Derived from CMHC baseline,"CMHC Rental Market Survey, Canada, 2025; Table 1.0",a,a
SYN-0777,Windsor,Windsor CMA,Windsor area 09,2 Bedroom,Apartment,1465,1454,3.7,12.2,3.6,42.38926,-82.949271,Synthetic candidate record,Derived from CMHC baseline,"CMHC Rental Market Survey, Canada, 2025; Table 1.0",b,a
SYN-0778,Hamilton,Hamilton CMA,Hamilton area 09,1 Bedroom,Apartment,1300,1656,3.6,13.1,1.6,43.247574,-79.812422,Synthetic candidate record,Derived from CMHC baseline,"CMHC Rental Market Survey, Canada, 2025; Table 1.0",a,a
SYN-0779,Guelph,Guelph CMA,Guelph area 01,Studio,Apartment,1180,1802,3.1,15.1,4.6,43.462215,-80.25734,Synthetic candidate record,Derived from CMHC baseline,"CMHC Rental Market Survey, Canada, 2025; Table 1.0",b,a
SYN-0780,Guelph,Guelph CMA,Guelph area 11,2 Bedroom,Apartment,1635,1802,3.1,15.1,4.6,43.449296,-80.176875,Synthetic candidate record,Derived from CMHC baseline,"CMHC Rental Market Survey, Canada, 2025; Table 1.0",b,a
SYN-0781,Kitchener-Waterloo,Kitchener-Cambridge-Waterloo CMA,Kitchener-Waterloo area 05,1 Bedroom,Apartment,1470,1832,4.1,16.1,3.3,43.506157,-80.445356,Synthetic candidate record,Derived from CMHC baseline,"CMHC Rental Market Survey, Canada, 2025; Table 1.0",b,a
SYN-0782,Hamilton,Hamilton CMA,Hamilton area 09,1 Bedroom,Apartment,1480,1656,3.6,13.1,1.6,43.158751,-79.837338,Synthetic candidate record,Derived from CMHC baseline,"CMHC Rental Market Survey, Canada, 2025; Table 1.0",a,a
SYN-0783,Guelph,Guelph CMA,Guelph area 10,1 Bedroom,Apartment,1395,1802,3.1,15.1,4.6,43.633456,-80.164318,Synthetic candidate record,Derived from CMHC baseline,"CMHC Rental Market Survey, Canada, 2025; Table 1.0",b,a
SYN-0784,London,London CMA,London area 08,1 Bedroom,Apartment,1330,1651,4,15.1,4.1,43.007553,-81.289389,Synthetic candidate record,Derived from CMHC baseline,"CMHC Rental Market Survey, Canada, 2025; Table 1.0",a,a
SYN-0785,Belleville,Belleville - Quinte West CMA,Belleville area 07,1 Bedroom,Townhouse,1340,1484,3.4,16.9,,44.13952,-77.498589,Synthetic candidate record,Derived from CMHC baseline,"CMHC Rental Market Survey, Canada, 2025; Table 1.0",c,a
SYN-0786,Kingston,Kingston CMA,Kingston area 04,2 Bedroom,Townhouse,1880,1764,2.4,17.3,2.4,44.254463,-76.538352,Synthetic candidate record,Derived from CMHC baseline,"CMHC Rental Market Survey, Canada, 2025; Table 1.0",a,a
SYN-0787,Brantford,Brantford CMA,Brantford area 02,3 Bedroom,Townhouse,2085,1619,3.5,14.5,,43.19987,-80.209966,Synthetic candidate record,Derived from CMHC baseline,"CMHC Rental Market Survey, Canada, 2025; Table 1.0",c,a
SYN-0788,Toronto,Toronto CMA,Toronto area 03,1 Bedroom,Townhouse,1785,2046,3,8.7,3.4,43.647309,-79.259515,Synthetic candidate record,Derived from CMHC baseline,"CMHC Rental Market Survey, Canada, 2025; Table 1.0",a,a
SYN-0789,St. Catharines,St. Catharines-Niagara CMA,St. Catharines area 06,3 Bedroom,Townhouse,2165,1527,3.9,12.8,5.5,43.125466,-79.147979,Synthetic candidate record,Derived from CMHC baseline,"CMHC Rental Market Survey, Canada, 2025; Table 1.0",b,a
SYN-0790,Toronto,Toronto CMA,Toronto area 08,1 Bedroom,Apartment,1935,2046,3,8.7,3.4,43.648267,-79.424265,Synthetic candidate record,Derived from CMHC baseline,"CMHC Rental Market Survey, Canada, 2025; Table 1.0",a,a
SYN-0791,Kingston,Kingston CMA,Kingston area 02,1 Bedroom,Apartment,1400,1764,2.4,17.3,2.4,44.151786,-76.397364,Synthetic candidate record,Derived from CMHC baseline,"CMHC Rental Market Survey, Canada, 2025; Table 1.0",a,a
SYN-0792,Ottawa,Ottawa-Gatineau CMA (Ont. part),Ottawa area 07,2 Bedroom,Apartment,1880,1926,3,15.4,3.4,45.479986,-75.687869,Synthetic candidate record,Derived from CMHC baseline,"CMHC Rental Market Survey, Canada, 2025; Table 1.0",b,a
SYN-0793,Thunder Bay,Thunder Bay CMA,Thunder Bay area 12,1 Bedroom,Apartment,990,1495,4,3.4,6.8,48.357663,-89.295665,Synthetic candidate record,Derived from CMHC baseline,"CMHC Rental Market Survey, Canada, 2025; Table 1.0",b,a
SYN-0794,Thunder Bay,Thunder Bay CMA,Thunder Bay area 12,2 Bedroom,Townhouse,1520,1495,4,3.4,6.8,48.394342,-89.295217,Synthetic candidate record,Derived from CMHC baseline,"CMHC Rental Market Survey, Canada, 2025; Table 1.0",b,a
SYN-0795,London,London CMA,London area 10,1 Bedroom,Apartment,1345,1651,4,15.1,4.1,43.05225,-81.350743,Synthetic candidate record,Derived from CMHC baseline,"CMHC Rental Market Survey, Canada, 2025; Table 1.0",a,a
SYN-0796,Toronto,Toronto CMA,Toronto area 07,1 Bedroom,Apartment,1480,2046,3,8.7,3.4,43.717605,-79.472713,Synthetic candidate record,Derived from CMHC baseline,"CMHC Rental Market Survey, Canada, 2025; Table 1.0",a,a
SYN-0797,Brantford,Brantford CMA,Brantford area 03,2 Bedroom,Townhouse,1660,1619,3.5,14.5,,43.051696,-80.341799,Synthetic candidate record,Derived from CMHC baseline,"CMHC Rental Market Survey, Canada, 2025; Table 1.0",c,a
SYN-0798,Barrie,Barrie CMA,Barrie area 10,2 Bedroom,Apartment,1920,1755,4.3,12.8,4.3,44.379995,-79.748653,Synthetic candidate record,Derived from CMHC baseline,"CMHC Rental Market Survey, Canada, 2025; Table 1.0",b,a
SYN-0799,Toronto,Toronto CMA,Toronto area 07,1 Bedroom,Apartment,1610,2046,3,8.7,3.4,43.689112,-79.267517,Synthetic candidate record,Derived from CMHC baseline,"CMHC Rental Market Survey, Canada, 2025; Table 1.0",a,a
SYN-0800,Peterborough,Peterborough CMA,Peterborough area 03,3 Bedroom,Apartment,2105,1518,3.1,8.4,,44.331398,-78.316787,Synthetic candidate record,Derived from CMHC baseline,"CMHC Rental Market Survey, Canada, 2025; Table 1.0",b,a
SYN-0801,Oshawa,Oshawa CMA,Oshawa area 05,Studio,Apartment,1305,1754,3.7,4.8,,43.992839,-78.974129,Synthetic candidate record,Derived from CMHC baseline,"CMHC Rental Market Survey, Canada, 2025; Table 1.0",b,a
SYN-0802,Barrie,Barrie CMA,Barrie area 07,1 Bedroom,Townhouse,1555,1755,4.3,12.8,4.3,44.414443,-79.63103,Synthetic candidate record,Derived from CMHC baseline,"CMHC Rental Market Survey, Canada, 2025; Table 1.0",b,a
SYN-0803,Greater Sudbury,Greater Sudbury/Grand Sudbury CMA,Greater Sudbury area 06,1 Bedroom,Apartment,1220,1558,1.2,6.6,,46.429345,-81.026526,Synthetic candidate record,Derived from CMHC baseline,"CMHC Rental Market Survey, Canada, 2025; Table 1.0",a,a
SYN-0804,Thunder Bay,Thunder Bay CMA,Thunder Bay area 01,1 Bedroom,Apartment,1135,1495,4,3.4,6.8,48.307755,-89.376658,Synthetic candidate record,Derived from CMHC baseline,"CMHC Rental Market Survey, Canada, 2025; Table 1.0",b,a
SYN-0805,Hamilton,Hamilton CMA,Hamilton area 07,2 Bedroom,Townhouse,1590,1656,3.6,13.1,1.6,43.182855,-79.970723,Synthetic candidate record,Derived from CMHC baseline,"CMHC Rental Market Survey, Canada, 2025; Table 1.0",a,a
SYN-0806,Toronto,Toronto CMA,Toronto area 07,3 Bedroom,Townhouse,2255,2046,3,8.7,3.4,43.67785,-79.395806,Synthetic candidate record,Derived from CMHC baseline,"CMHC Rental Market Survey, Canada, 2025; Table 1.0",a,a
SYN-0807,Toronto,Toronto CMA,Toronto area 04,1 Bedroom,Apartment,1745,2046,3,8.7,3.4,43.668788,-79.287336,Synthetic candidate record,Derived from CMHC baseline,"CMHC Rental Market Survey, Canada, 2025; Table 1.0",a,a
SYN-0808,St. Catharines,St. Catharines-Niagara CMA,St. Catharines area 08,1 Bedroom,Apartment,1370,1527,3.9,12.8,5.5,43.066092,-79.373607,Synthetic candidate record,Derived from CMHC baseline,"CMHC Rental Market Survey, Canada, 2025; Table 1.0",b,a
SYN-0809,Peterborough,Peterborough CMA,Peterborough area 05,Studio,Townhouse,1150,1518,3.1,8.4,,44.355137,-78.312319,Synthetic candidate record,Derived from CMHC baseline,"CMHC Rental Market Survey, Canada, 2025; Table 1.0",b,a
SYN-0810,Toronto,Toronto CMA,Toronto area 11,2 Bedroom,Apartment,2030,2046,3,8.7,3.4,43.602246,-79.347082,Synthetic candidate record,Derived from CMHC baseline,"CMHC Rental Market Survey, Canada, 2025; Table 1.0",a,a
SYN-0811,Brantford,Brantford CMA,Brantford area 08,2 Bedroom,Apartment,1420,1619,3.5,14.5,,43.146407,-80.398488,Synthetic candidate record,Derived from CMHC baseline,"CMHC Rental Market Survey, Canada, 2025; Table 1.0",c,a
SYN-0812,Windsor,Windsor CMA,Windsor area 05,2 Bedroom,Apartment,1300,1454,3.7,12.2,3.6,42.299103,-82.911827,Synthetic candidate record,Derived from CMHC baseline,"CMHC Rental Market Survey, Canada, 2025; Table 1.0",b,a
SYN-0813,Oshawa,Oshawa CMA,Oshawa area 03,1 Bedroom,Apartment,1420,1754,3.7,4.8,,43.809384,-78.873249,Synthetic candidate record,Derived from CMHC baseline,"CMHC Rental Market Survey, Canada, 2025; Table 1.0",b,a
SYN-0814,Belleville,Belleville - Quinte West CMA,Belleville area 05,2 Bedroom,Apartment,1340,1484,3.4,16.9,,44.224579,-77.348541,Synthetic candidate record,Derived from CMHC baseline,"CMHC Rental Market Survey, Canada, 2025; Table 1.0",c,a
SYN-0815,Windsor,Windsor CMA,Windsor area 05,Studio,Apartment,1025,1454,3.7,12.2,3.6,42.241408,-83.09564,Synthetic candidate record,Derived from CMHC baseline,"CMHC Rental Market Survey, Canada, 2025; Table 1.0",b,a
SYN-0816,Barrie,Barrie CMA,Barrie area 11,2 Bedroom,Apartment,1670,1755,4.3,12.8,4.3,44.471426,-79.623419,Synthetic candidate record,Derived from CMHC baseline,"CMHC Rental Market Survey, Canada, 2025; Table 1.0",b,a
SYN-0817,Toronto,Toronto CMA,Toronto area 01,1 Bedroom,Apartment,1665,2046,3,8.7,3.4,43.650184,-79.300447,Synthetic candidate record,Derived from CMHC baseline,"CMHC Rental Market Survey, Canada, 2025; Table 1.0",a,a
SYN-0818,Ottawa,Ottawa-Gatineau CMA (Ont. part),Ottawa area 08,3 Bedroom,Apartment,2645,1926,3,15.4,3.4,45.440609,-75.605526,Synthetic candidate record,Derived from CMHC baseline,"CMHC Rental Market Survey, Canada, 2025; Table 1.0",b,a
SYN-0819,Thunder Bay,Thunder Bay CMA,Thunder Bay area 06,2 Bedroom,Apartment,1400,1495,4,3.4,6.8,48.314357,-89.224285,Synthetic candidate record,Derived from CMHC baseline,"CMHC Rental Market Survey, Canada, 2025; Table 1.0",b,a
SYN-0820,Belleville,Belleville - Quinte West CMA,Belleville area 08,2 Bedroom,Apartment,1330,1484,3.4,16.9,,44.073305,-77.393233,Synthetic candidate record,Derived from CMHC baseline,"CMHC Rental Market Survey, Canada, 2025; Table 1.0",c,a
SYN-0821,Oshawa,Oshawa CMA,Oshawa area 07,1 Bedroom,Apartment,1315,1754,3.7,4.8,,43.892018,-78.964289,Synthetic candidate record,Derived from CMHC baseline,"CMHC Rental Market Survey, Canada, 2025; Table 1.0",b,a
SYN-0822,Barrie,Barrie CMA,Barrie area 09,1 Bedroom,Townhouse,1680,1755,4.3,12.8,4.3,44.365801,-79.741884,Synthetic candidate record,Derived from CMHC baseline,"CMHC Rental Market Survey, Canada, 2025; Table 1.0",b,a
SYN-0823,Belleville,Belleville - Quinte West CMA,Belleville area 06,Studio,Apartment,1085,1484,3.4,16.9,,44.246408,-77.283291,Synthetic candidate record,Derived from CMHC baseline,"CMHC Rental Market Survey, Canada, 2025; Table 1.0",c,a
SYN-0824,St. Catharines,St. Catharines-Niagara CMA,St. Catharines area 08,1 Bedroom,Apartment,1225,1527,3.9,12.8,5.5,43.110469,-79.223821,Synthetic candidate record,Derived from CMHC baseline,"CMHC Rental Market Survey, Canada, 2025; Table 1.0",b,a
SYN-0825,London,London CMA,London area 01,2 Bedroom,Apartment,1465,1651,4,15.1,4.1,43.083543,-81.296352,Synthetic candidate record,Derived from CMHC baseline,"CMHC Rental Market Survey, Canada, 2025; Table 1.0",a,a
SYN-0826,Barrie,Barrie CMA,Barrie area 11,2 Bedroom,Apartment,1730,1755,4.3,12.8,4.3,44.37165,-79.683229,Synthetic candidate record,Derived from CMHC baseline,"CMHC Rental Market Survey, Canada, 2025; Table 1.0",b,a
SYN-0827,Toronto,Toronto CMA,Toronto area 10,1 Bedroom,Apartment,1675,2046,3,8.7,3.4,43.677079,-79.505688,Synthetic candidate record,Derived from CMHC baseline,"CMHC Rental Market Survey, Canada, 2025; Table 1.0",a,a
SYN-0828,Kitchener-Waterloo,Kitchener-Cambridge-Waterloo CMA,Kitchener-Waterloo area 10,3 Bedroom,Apartment,2300,1832,4.1,16.1,3.3,43.493215,-80.597196,Synthetic candidate record,Derived from CMHC baseline,"CMHC Rental Market Survey, Canada, 2025; Table 1.0",b,a
SYN-0829,Hamilton,Hamilton CMA,Hamilton area 02,1 Bedroom,Apartment,1485,1656,3.6,13.1,1.6,43.206367,-79.880174,Synthetic candidate record,Derived from CMHC baseline,"CMHC Rental Market Survey, Canada, 2025; Table 1.0",a,a
SYN-0830,Toronto,Toronto CMA,Toronto area 11,3 Bedroom,Apartment,2340,2046,3,8.7,3.4,43.707072,-79.330066,Synthetic candidate record,Derived from CMHC baseline,"CMHC Rental Market Survey, Canada, 2025; Table 1.0",a,a
SYN-0831,Ottawa,Ottawa-Gatineau CMA (Ont. part),Ottawa area 05,1 Bedroom,Apartment,1570,1926,3,15.4,3.4,45.399218,-75.555878,Synthetic candidate record,Derived from CMHC baseline,"CMHC Rental Market Survey, Canada, 2025; Table 1.0",b,a
SYN-0832,St. Catharines,St. Catharines-Niagara CMA,St. Catharines area 10,1 Bedroom,Apartment,1285,1527,3.9,12.8,5.5,43.157744,-79.129391,Synthetic candidate record,Derived from CMHC baseline,"CMHC Rental Market Survey, Canada, 2025; Table 1.0",b,a
SYN-0833,Greater Sudbury,Greater Sudbury/Grand Sudbury CMA,Greater Sudbury area 02,1 Bedroom,Townhouse,1480,1558,1.2,6.6,,46.477951,-80.959892,Synthetic candidate record,Derived from CMHC baseline,"CMHC Rental Market Survey, Canada, 2025; Table 1.0",a,a
SYN-0834,Toronto,Toronto CMA,Toronto area 12,2 Bedroom,Apartment,2165,2046,3,8.7,3.4,43.560172,-79.501948,Synthetic candidate record,Derived from CMHC baseline,"CMHC Rental Market Survey, Canada, 2025; Table 1.0",a,a
SYN-0835,St. Catharines,St. Catharines-Niagara CMA,St. Catharines area 11,2 Bedroom,Apartment,1580,1527,3.9,12.8,5.5,43.187467,-79.12821,Synthetic candidate record,Derived from CMHC baseline,"CMHC Rental Market Survey, Canada, 2025; Table 1.0",b,a
SYN-0836,Greater Sudbury,Greater Sudbury/Grand Sudbury CMA,Greater Sudbury area 09,1 Bedroom,Apartment,1245,1558,1.2,6.6,,46.572624,-80.971317,Synthetic candidate record,Derived from CMHC baseline,"CMHC Rental Market Survey, Canada, 2025; Table 1.0",a,a
SYN-0837,Windsor,Windsor CMA,Windsor area 01,1 Bedroom,Townhouse,1380,1454,3.7,12.2,3.6,42.371976,-83.025546,Synthetic candidate record,Derived from CMHC baseline,"CMHC Rental Market Survey, Canada, 2025; Table 1.0",b,a
SYN-0838,Greater Sudbury,Greater Sudbury/Grand Sudbury CMA,Greater Sudbury area 06,3 Bedroom,Townhouse,1845,1558,1.2,6.6,,46.415941,-80.982744,Synthetic candidate record,Derived from CMHC baseline,"CMHC Rental Market Survey, Canada, 2025; Table 1.0",a,a
SYN-0839,Ottawa,Ottawa-Gatineau CMA (Ont. part),Ottawa area 06,2 Bedroom,Townhouse,2580,1926,3,15.4,3.4,45.450915,-75.735567,Synthetic candidate record,Derived from CMHC baseline,"CMHC Rental Market Survey, Canada, 2025; Table 1.0",b,a
SYN-0840,Brantford,Brantford CMA,Brantford area 01,2 Bedroom,Apartment,1760,1619,3.5,14.5,,43.168959,-80.353035,Synthetic candidate record,Derived from CMHC baseline,"CMHC Rental Market Survey, Canada, 2025; Table 1.0",c,a
SYN-0841,Greater Sudbury,Greater Sudbury/Grand Sudbury CMA,Greater Sudbury area 02,2 Bedroom,Apartment,1475,1558,1.2,6.6,,46.517823,-81.033885,Synthetic candidate record,Derived from CMHC baseline,"CMHC Rental Market Survey, Canada, 2025; Table 1.0",a,a
SYN-0842,Toronto,Toronto CMA,Toronto area 10,2 Bedroom,Apartment,1740,2046,3,8.7,3.4,43.56034,-79.5144,Synthetic candidate record,Derived from CMHC baseline,"CMHC Rental Market Survey, Canada, 2025; Table 1.0",a,a
SYN-0843,London,London CMA,London area 08,1 Bedroom,Apartment,1395,1651,4,15.1,4.1,42.984837,-81.118182,Synthetic candidate record,Derived from CMHC baseline,"CMHC Rental Market Survey, Canada, 2025; Table 1.0",a,a
SYN-0844,Barrie,Barrie CMA,Barrie area 07,Studio,Apartment,1070,1755,4.3,12.8,4.3,44.356944,-79.628444,Synthetic candidate record,Derived from CMHC baseline,"CMHC Rental Market Survey, Canada, 2025; Table 1.0",b,a
SYN-0845,Guelph,Guelph CMA,Guelph area 04,1 Bedroom,Townhouse,1820,1802,3.1,15.1,4.6,43.552112,-80.181688,Synthetic candidate record,Derived from CMHC baseline,"CMHC Rental Market Survey, Canada, 2025; Table 1.0",b,a
SYN-0846,Brantford,Brantford CMA,Brantford area 10,Studio,Apartment,1040,1619,3.5,14.5,,43.137179,-80.396219,Synthetic candidate record,Derived from CMHC baseline,"CMHC Rental Market Survey, Canada, 2025; Table 1.0",c,a
SYN-0847,Belleville,Belleville - Quinte West CMA,Belleville area 02,1 Bedroom,Apartment,1345,1484,3.4,16.9,,44.243732,-77.293778,Synthetic candidate record,Derived from CMHC baseline,"CMHC Rental Market Survey, Canada, 2025; Table 1.0",c,a
SYN-0848,Toronto,Toronto CMA,Toronto area 08,2 Bedroom,Apartment,2065,2046,3,8.7,3.4,43.71676,-79.492019,Synthetic candidate record,Derived from CMHC baseline,"CMHC Rental Market Survey, Canada, 2025; Table 1.0",a,a
SYN-0849,London,London CMA,London area 06,Studio,Apartment,985,1651,4,15.1,4.1,43.081339,-81.196526,Synthetic candidate record,Derived from CMHC baseline,"CMHC Rental Market Survey, Canada, 2025; Table 1.0",a,a
SYN-0850,Guelph,Guelph CMA,Guelph area 04,3 Bedroom,Apartment,2350,1802,3.1,15.1,4.6,43.509118,-80.11998,Synthetic candidate record,Derived from CMHC baseline,"CMHC Rental Market Survey, Canada, 2025; Table 1.0",b,a
SYN-0851,Belleville,Belleville - Quinte West CMA,Belleville area 06,2 Bedroom,Apartment,1565,1484,3.4,16.9,,44.21431,-77.475747,Synthetic candidate record,Derived from CMHC baseline,"CMHC Rental Market Survey, Canada, 2025; Table 1.0",c,a
SYN-0852,Kingston,Kingston CMA,Kingston area 11,1 Bedroom,Apartment,1480,1764,2.4,17.3,2.4,44.157874,-76.404761,Synthetic candidate record,Derived from CMHC baseline,"CMHC Rental Market Survey, Canada, 2025; Table 1.0",a,a
SYN-0853,Greater Sudbury,Greater Sudbury/Grand Sudbury CMA,Greater Sudbury area 12,2 Bedroom,Apartment,1595,1558,1.2,6.6,,46.393145,-80.869206,Synthetic candidate record,Derived from CMHC baseline,"CMHC Rental Market Survey, Canada, 2025; Table 1.0",a,a
SYN-0854,Oshawa,Oshawa CMA,Oshawa area 11,1 Bedroom,Townhouse,1520,1754,3.7,4.8,,43.935572,-78.947356,Synthetic candidate record,Derived from CMHC baseline,"CMHC Rental Market Survey, Canada, 2025; Table 1.0",b,a
SYN-0855,St. Catharines,St. Catharines-Niagara CMA,St. Catharines area 12,2 Bedroom,Townhouse,1655,1527,3.9,12.8,5.5,43.197735,-79.220504,Synthetic candidate record,Derived from CMHC baseline,"CMHC Rental Market Survey, Canada, 2025; Table 1.0",b,a
SYN-0856,Windsor,Windsor CMA,Windsor area 06,2 Bedroom,Apartment,1520,1454,3.7,12.2,3.6,42.340338,-82.95997,Synthetic candidate record,Derived from CMHC baseline,"CMHC Rental Market Survey, Canada, 2025; Table 1.0",b,a
SYN-0857,Thunder Bay,Thunder Bay CMA,Thunder Bay area 09,Studio,Apartment,1095,1495,4,3.4,6.8,48.476258,-89.21189,Synthetic candidate record,Derived from CMHC baseline,"CMHC Rental Market Survey, Canada, 2025; Table 1.0",b,a
SYN-0858,London,London CMA,London area 03,1 Bedroom,Apartment,1630,1651,4,15.1,4.1,42.940185,-81.329037,Synthetic candidate record,Derived from CMHC baseline,"CMHC Rental Market Survey, Canada, 2025; Table 1.0",a,a
SYN-0859,Windsor,Windsor CMA,Windsor area 07,1 Bedroom,Apartment,1180,1454,3.7,12.2,3.6,42.343872,-83.094533,Synthetic candidate record,Derived from CMHC baseline,"CMHC Rental Market Survey, Canada, 2025; Table 1.0",b,a
SYN-0860,St. Catharines,St. Catharines-Niagara CMA,St. Catharines area 09,1 Bedroom,Townhouse,1325,1527,3.9,12.8,5.5,43.068063,-79.180983,Synthetic candidate record,Derived from CMHC baseline,"CMHC Rental Market Survey, Canada, 2025; Table 1.0",b,a
SYN-0861,Kingston,Kingston CMA,Kingston area 10,1 Bedroom,Apartment,1395,1764,2.4,17.3,2.4,44.310216,-76.424201,Synthetic candidate record,Derived from CMHC baseline,"CMHC Rental Market Survey, Canada, 2025; Table 1.0",a,a
SYN-0862,Ottawa,Ottawa-Gatineau CMA (Ont. part),Ottawa area 04,1 Bedroom,Apartment,1585,1926,3,15.4,3.4,45.367513,-75.808291,Synthetic candidate record,Derived from CMHC baseline,"CMHC Rental Market Survey, Canada, 2025; Table 1.0",b,a
SYN-0863,Guelph,Guelph CMA,Guelph area 08,1 Bedroom,Townhouse,1675,1802,3.1,15.1,4.6,43.488933,-80.256204,Synthetic candidate record,Derived from CMHC baseline,"CMHC Rental Market Survey, Canada, 2025; Table 1.0",b,a
SYN-0864,Belleville,Belleville - Quinte West CMA,Belleville area 03,3 Bedroom,Apartment,1730,1484,3.4,16.9,,44.106033,-77.35269,Synthetic candidate record,Derived from CMHC baseline,"CMHC Rental Market Survey, Canada, 2025; Table 1.0",c,a
SYN-0865,Greater Sudbury,Greater Sudbury/Grand Sudbury CMA,Greater Sudbury area 03,1 Bedroom,Townhouse,1350,1558,1.2,6.6,,46.586811,-81.079509,Synthetic candidate record,Derived from CMHC baseline,"CMHC Rental Market Survey, Canada, 2025; Table 1.0",a,a
SYN-0866,Belleville,Belleville - Quinte West CMA,Belleville area 08,2 Bedroom,Apartment,1330,1484,3.4,16.9,,44.118921,-77.491622,Synthetic candidate record,Derived from CMHC baseline,"CMHC Rental Market Survey, Canada, 2025; Table 1.0",c,a
SYN-0867,Toronto,Toronto CMA,Toronto area 10,1 Bedroom,Apartment,1700,2046,3,8.7,3.4,43.584558,-79.301776,Synthetic candidate record,Derived from CMHC baseline,"CMHC Rental Market Survey, Canada, 2025; Table 1.0",a,a
SYN-0868,Kingston,Kingston CMA,Kingston area 08,2 Bedroom,Apartment,1875,1764,2.4,17.3,2.4,44.148495,-76.386361,Synthetic candidate record,Derived from CMHC baseline,"CMHC Rental Market Survey, Canada, 2025; Table 1.0",a,a
SYN-0869,Kitchener-Waterloo,Kitchener-Cambridge-Waterloo CMA,Kitchener-Waterloo area 06,2 Bedroom,Townhouse,1935,1832,4.1,16.1,3.3,43.498836,-80.562297,Synthetic candidate record,Derived from CMHC baseline,"CMHC Rental Market Survey, Canada, 2025; Table 1.0",b,a
SYN-0870,Thunder Bay,Thunder Bay CMA,Thunder Bay area 07,2 Bedroom,Apartment,1675,1495,4,3.4,6.8,48.463651,-89.127776,Synthetic candidate record,Derived from CMHC baseline,"CMHC Rental Market Survey, Canada, 2025; Table 1.0",b,a
SYN-0871,Belleville,Belleville - Quinte West CMA,Belleville area 12,Studio,Townhouse,1080,1484,3.4,16.9,,44.14794,-77.412663,Synthetic candidate record,Derived from CMHC baseline,"CMHC Rental Market Survey, Canada, 2025; Table 1.0",c,a
SYN-0872,Guelph,Guelph CMA,Guelph area 12,1 Bedroom,Apartment,1345,1802,3.1,15.1,4.6,43.461418,-80.178369,Synthetic candidate record,Derived from CMHC baseline,"CMHC Rental Market Survey, Canada, 2025; Table 1.0",b,a
SYN-0873,Thunder Bay,Thunder Bay CMA,Thunder Bay area 11,3 Bedroom,Apartment,1775,1495,4,3.4,6.8,48.48069,-89.393466,Synthetic candidate record,Derived from CMHC baseline,"CMHC Rental Market Survey, Canada, 2025; Table 1.0",b,a
SYN-0874,Oshawa,Oshawa CMA,Oshawa area 01,1 Bedroom,Townhouse,1620,1754,3.7,4.8,,43.968684,-78.797165,Synthetic candidate record,Derived from CMHC baseline,"CMHC Rental Market Survey, Canada, 2025; Table 1.0",b,a
SYN-0875,Toronto,Toronto CMA,Toronto area 08,1 Bedroom,Apartment,1770,2046,3,8.7,3.4,43.711172,-79.419019,Synthetic candidate record,Derived from CMHC baseline,"CMHC Rental Market Survey, Canada, 2025; Table 1.0",a,a
SYN-0876,Barrie,Barrie CMA,Barrie area 09,3 Bedroom,Apartment,2040,1755,4.3,12.8,4.3,44.366376,-79.636913,Synthetic candidate record,Derived from CMHC baseline,"CMHC Rental Market Survey, Canada, 2025; Table 1.0",b,a
SYN-0877,Belleville,Belleville - Quinte West CMA,Belleville area 11,1 Bedroom,Apartment,1175,1484,3.4,16.9,,44.177846,-77.464847,Synthetic candidate record,Derived from CMHC baseline,"CMHC Rental Market Survey, Canada, 2025; Table 1.0",c,a
SYN-0878,Brantford,Brantford CMA,Brantford area 11,2 Bedroom,Apartment,1460,1619,3.5,14.5,,43.186552,-80.386421,Synthetic candidate record,Derived from CMHC baseline,"CMHC Rental Market Survey, Canada, 2025; Table 1.0",c,a
SYN-0879,Peterborough,Peterborough CMA,Peterborough area 11,3 Bedroom,Apartment,1750,1518,3.1,8.4,,44.217275,-78.357031,Synthetic candidate record,Derived from CMHC baseline,"CMHC Rental Market Survey, Canada, 2025; Table 1.0",b,a
SYN-0880,Brantford,Brantford CMA,Brantford area 09,2 Bedroom,Apartment,1710,1619,3.5,14.5,,43.067081,-80.309644,Synthetic candidate record,Derived from CMHC baseline,"CMHC Rental Market Survey, Canada, 2025; Table 1.0",c,a
SYN-0881,Guelph,Guelph CMA,Guelph area 09,2 Bedroom,Apartment,1805,1802,3.1,15.1,4.6,43.508893,-80.138401,Synthetic candidate record,Derived from CMHC baseline,"CMHC Rental Market Survey, Canada, 2025; Table 1.0",b,a
SYN-0882,Thunder Bay,Thunder Bay CMA,Thunder Bay area 09,1 Bedroom,Apartment,1070,1495,4,3.4,6.8,48.355463,-89.26203,Synthetic candidate record,Derived from CMHC baseline,"CMHC Rental Market Survey, Canada, 2025; Table 1.0",b,a
SYN-0883,Guelph,Guelph CMA,Guelph area 02,1 Bedroom,Apartment,1375,1802,3.1,15.1,4.6,43.579461,-80.194885,Synthetic candidate record,Derived from CMHC baseline,"CMHC Rental Market Survey, Canada, 2025; Table 1.0",b,a
SYN-0884,Kitchener-Waterloo,Kitchener-Cambridge-Waterloo CMA,Kitchener-Waterloo area 03,3 Bedroom,Townhouse,2485,1832,4.1,16.1,3.3,43.369062,-80.522617,Synthetic candidate record,Derived from CMHC baseline,"CMHC Rental Market Survey, Canada, 2025; Table 1.0",b,a
SYN-0885,Oshawa,Oshawa CMA,Oshawa area 04,3 Bedroom,Apartment,2260,1754,3.7,4.8,,43.936516,-78.866819,Synthetic candidate record,Derived from CMHC baseline,"CMHC Rental Market Survey, Canada, 2025; Table 1.0",b,a
SYN-0886,Barrie,Barrie CMA,Barrie area 12,1 Bedroom,Apartment,1495,1755,4.3,12.8,4.3,44.384181,-79.712654,Synthetic candidate record,Derived from CMHC baseline,"CMHC Rental Market Survey, Canada, 2025; Table 1.0",b,a
SYN-0887,Barrie,Barrie CMA,Barrie area 06,1 Bedroom,Apartment,1630,1755,4.3,12.8,4.3,44.45639,-79.684809,Synthetic candidate record,Derived from CMHC baseline,"CMHC Rental Market Survey, Canada, 2025; Table 1.0",b,a
SYN-0888,Thunder Bay,Thunder Bay CMA,Thunder Bay area 09,2 Bedroom,Apartment,1525,1495,4,3.4,6.8,48.37813,-89.197757,Synthetic candidate record,Derived from CMHC baseline,"CMHC Rental Market Survey, Canada, 2025; Table 1.0",b,a
SYN-0889,Toronto,Toronto CMA,Toronto area 06,1 Bedroom,Apartment,1765,2046,3,8.7,3.4,43.711054,-79.458724,Synthetic candidate record,Derived from CMHC baseline,"CMHC Rental Market Survey, Canada, 2025; Table 1.0",a,a
SYN-0890,Oshawa,Oshawa CMA,Oshawa area 03,2 Bedroom,Apartment,1685,1754,3.7,4.8,,43.826768,-78.925645,Synthetic candidate record,Derived from CMHC baseline,"CMHC Rental Market Survey, Canada, 2025; Table 1.0",b,a
SYN-0891,Kingston,Kingston CMA,Kingston area 03,2 Bedroom,Apartment,1800,1764,2.4,17.3,2.4,44.272822,-76.373036,Synthetic candidate record,Derived from CMHC baseline,"CMHC Rental Market Survey, Canada, 2025; Table 1.0",a,a
SYN-0892,Kingston,Kingston CMA,Kingston area 08,1 Bedroom,Apartment,1510,1764,2.4,17.3,2.4,44.329955,-76.465198,Synthetic candidate record,Derived from CMHC baseline,"CMHC Rental Market Survey, Canada, 2025; Table 1.0",a,a
SYN-0893,St. Catharines,St. Catharines-Niagara CMA,St. Catharines area 06,1 Bedroom,Apartment,1230,1527,3.9,12.8,5.5,43.122789,-79.289714,Synthetic candidate record,Derived from CMHC baseline,"CMHC Rental Market Survey, Canada, 2025; Table 1.0",b,a
SYN-0894,Toronto,Toronto CMA,Toronto area 01,2 Bedroom,Apartment,2030,2046,3,8.7,3.4,43.659929,-79.487829,Synthetic candidate record,Derived from CMHC baseline,"CMHC Rental Market Survey, Canada, 2025; Table 1.0",a,a
SYN-0895,Greater Sudbury,Greater Sudbury/Grand Sudbury CMA,Greater Sudbury area 09,3 Bedroom,Apartment,2230,1558,1.2,6.6,,46.422911,-80.85642,Synthetic candidate record,Derived from CMHC baseline,"CMHC Rental Market Survey, Canada, 2025; Table 1.0",a,a
SYN-0896,Ottawa,Ottawa-Gatineau CMA (Ont. part),Ottawa area 10,2 Bedroom,Apartment,1820,1926,3,15.4,3.4,45.416282,-75.757088,Synthetic candidate record,Derived from CMHC baseline,"CMHC Rental Market Survey, Canada, 2025; Table 1.0",b,a
SYN-0897,Hamilton,Hamilton CMA,Hamilton area 11,2 Bedroom,Townhouse,1755,1656,3.6,13.1,1.6,43.251496,-79.997399,Synthetic candidate record,Derived from CMHC baseline,"CMHC Rental Market Survey, Canada, 2025; Table 1.0",a,a
SYN-0898,Guelph,Guelph CMA,Guelph area 06,1 Bedroom,Townhouse,1645,1802,3.1,15.1,4.6,43.568304,-80.325358,Synthetic candidate record,Derived from CMHC baseline,"CMHC Rental Market Survey, Canada, 2025; Table 1.0",b,a
SYN-0899,Brantford,Brantford CMA,Brantford area 01,1 Bedroom,Apartment,1265,1619,3.5,14.5,,43.226533,-80.325268,Synthetic candidate record,Derived from CMHC baseline,"CMHC Rental Market Survey, Canada, 2025; Table 1.0",c,a
SYN-0900,Brantford,Brantford CMA,Brantford area 09,2 Bedroom,Townhouse,1700,1619,3.5,14.5,,43.174813,-80.138971,Synthetic candidate record,Derived from CMHC baseline,"CMHC Rental Market Survey, Canada, 2025; Table 1.0",c,a
SYN-0901,Greater Sudbury,Greater Sudbury/Grand Sudbury CMA,Greater Sudbury area 07,1 Bedroom,Apartment,1185,1558,1.2,6.6,,46.40291,-80.944554,Synthetic candidate record,Derived from CMHC baseline,"CMHC Rental Market Survey, Canada, 2025; Table 1.0",a,a
SYN-0902,Hamilton,Hamilton CMA,Hamilton area 05,2 Bedroom,Townhouse,1690,1656,3.6,13.1,1.6,43.229626,-79.906022,Synthetic candidate record,Derived from CMHC baseline,"CMHC Rental Market Survey, Canada, 2025; Table 1.0",a,a
SYN-0903,Peterborough,Peterborough CMA,Peterborough area 07,1 Bedroom,Townhouse,1375,1518,3.1,8.4,,44.354671,-78.33529,Synthetic candidate record,Derived from CMHC baseline,"CMHC Rental Market Survey, Canada, 2025; Table 1.0",b,a
SYN-0904,Toronto,Toronto CMA,Toronto area 10,1 Bedroom,Townhouse,1770,2046,3,8.7,3.4,43.698921,-79.406919,Synthetic candidate record,Derived from CMHC baseline,"CMHC Rental Market Survey, Canada, 2025; Table 1.0",a,a
SYN-0905,Brantford,Brantford CMA,Brantford area 10,1 Bedroom,Apartment,1130,1619,3.5,14.5,,43.236728,-80.383323,Synthetic candidate record,Derived from CMHC baseline,"CMHC Rental Market Survey, Canada, 2025; Table 1.0",c,a
SYN-0906,Greater Sudbury,Greater Sudbury/Grand Sudbury CMA,Greater Sudbury area 03,Studio,Townhouse,1170,1558,1.2,6.6,,46.519461,-81.058849,Synthetic candidate record,Derived from CMHC baseline,"CMHC Rental Market Survey, Canada, 2025; Table 1.0",a,a
SYN-0907,Toronto,Toronto CMA,Toronto area 05,2 Bedroom,Apartment,2135,2046,3,8.7,3.4,43.611093,-79.385802,Synthetic candidate record,Derived from CMHC baseline,"CMHC Rental Market Survey, Canada, 2025; Table 1.0",a,a
SYN-0908,Oshawa,Oshawa CMA,Oshawa area 03,1 Bedroom,Townhouse,1760,1754,3.7,4.8,,43.842004,-78.784971,Synthetic candidate record,Derived from CMHC baseline,"CMHC Rental Market Survey, Canada, 2025; Table 1.0",b,a
SYN-0909,St. Catharines,St. Catharines-Niagara CMA,St. Catharines area 12,1 Bedroom,Townhouse,1460,1527,3.9,12.8,5.5,43.116938,-79.334809,Synthetic candidate record,Derived from CMHC baseline,"CMHC Rental Market Survey, Canada, 2025; Table 1.0",b,a
SYN-0910,London,London CMA,London area 10,Studio,Apartment,1210,1651,4,15.1,4.1,42.98351,-81.116632,Synthetic candidate record,Derived from CMHC baseline,"CMHC Rental Market Survey, Canada, 2025; Table 1.0",a,a
SYN-0911,Peterborough,Peterborough CMA,Peterborough area 02,2 Bedroom,Townhouse,1755,1518,3.1,8.4,,44.304308,-78.26541,Synthetic candidate record,Derived from CMHC baseline,"CMHC Rental Market Survey, Canada, 2025; Table 1.0",b,a
SYN-0912,Peterborough,Peterborough CMA,Peterborough area 01,2 Bedroom,Apartment,1400,1518,3.1,8.4,,44.378156,-78.413932,Synthetic candidate record,Derived from CMHC baseline,"CMHC Rental Market Survey, Canada, 2025; Table 1.0",b,a
SYN-0913,Hamilton,Hamilton CMA,Hamilton area 06,1 Bedroom,Apartment,1335,1656,3.6,13.1,1.6,43.227933,-79.833685,Synthetic candidate record,Derived from CMHC baseline,"CMHC Rental Market Survey, Canada, 2025; Table 1.0",a,a
SYN-0914,Belleville,Belleville - Quinte West CMA,Belleville area 03,1 Bedroom,Apartment,1240,1484,3.4,16.9,,44.165573,-77.308916,Synthetic candidate record,Derived from CMHC baseline,"CMHC Rental Market Survey, Canada, 2025; Table 1.0",c,a
SYN-0915,Guelph,Guelph CMA,Guelph area 05,2 Bedroom,Apartment,1540,1802,3.1,15.1,4.6,43.610164,-80.197163,Synthetic candidate record,Derived from CMHC baseline,"CMHC Rental Market Survey, Canada, 2025; Table 1.0",b,a
SYN-0916,St. Catharines,St. Catharines-Niagara CMA,St. Catharines area 03,2 Bedroom,Apartment,1465,1527,3.9,12.8,5.5,43.078567,-79.224953,Synthetic candidate record,Derived from CMHC baseline,"CMHC Rental Market Survey, Canada, 2025; Table 1.0",b,a
SYN-0917,Barrie,Barrie CMA,Barrie area 02,1 Bedroom,Apartment,1350,1755,4.3,12.8,4.3,44.357463,-79.57533,Synthetic candidate record,Derived from CMHC baseline,"CMHC Rental Market Survey, Canada, 2025; Table 1.0",b,a
SYN-0918,Kitchener-Waterloo,Kitchener-Cambridge-Waterloo CMA,Kitchener-Waterloo area 09,1 Bedroom,Apartment,1595,1832,4.1,16.1,3.3,43.517915,-80.411198,Synthetic candidate record,Derived from CMHC baseline,"CMHC Rental Market Survey, Canada, 2025; Table 1.0",b,a
SYN-0919,Guelph,Guelph CMA,Guelph area 12,1 Bedroom,Apartment,1520,1802,3.1,15.1,4.6,43.448276,-80.290083,Synthetic candidate record,Derived from CMHC baseline,"CMHC Rental Market Survey, Canada, 2025; Table 1.0",b,a
SYN-0920,Peterborough,Peterborough CMA,Peterborough area 06,1 Bedroom,Townhouse,1380,1518,3.1,8.4,,44.387045,-78.292408,Synthetic candidate record,Derived from CMHC baseline,"CMHC Rental Market Survey, Canada, 2025; Table 1.0",b,a
SYN-0921,Kingston,Kingston CMA,Kingston area 12,2 Bedroom,Apartment,1760,1764,2.4,17.3,2.4,44.156943,-76.431782,Synthetic candidate record,Derived from CMHC baseline,"CMHC Rental Market Survey, Canada, 2025; Table 1.0",a,a
SYN-0922,London,London CMA,London area 12,1 Bedroom,Apartment,1305,1651,4,15.1,4.1,42.910944,-81.360509,Synthetic candidate record,Derived from CMHC baseline,"CMHC Rental Market Survey, Canada, 2025; Table 1.0",a,a
SYN-0923,Guelph,Guelph CMA,Guelph area 09,Studio,Townhouse,1325,1802,3.1,15.1,4.6,43.466363,-80.167339,Synthetic candidate record,Derived from CMHC baseline,"CMHC Rental Market Survey, Canada, 2025; Table 1.0",b,a
SYN-0924,Belleville,Belleville - Quinte West CMA,Belleville area 01,1 Bedroom,Apartment,1190,1484,3.4,16.9,,44.071456,-77.438501,Synthetic candidate record,Derived from CMHC baseline,"CMHC Rental Market Survey, Canada, 2025; Table 1.0",c,a
SYN-0925,Guelph,Guelph CMA,Guelph area 03,2 Bedroom,Apartment,1725,1802,3.1,15.1,4.6,43.57892,-80.378089,Synthetic candidate record,Derived from CMHC baseline,"CMHC Rental Market Survey, Canada, 2025; Table 1.0",b,a
SYN-0926,St. Catharines,St. Catharines-Niagara CMA,St. Catharines area 12,3 Bedroom,Apartment,1830,1527,3.9,12.8,5.5,43.129841,-79.149529,Synthetic candidate record,Derived from CMHC baseline,"CMHC Rental Market Survey, Canada, 2025; Table 1.0",b,a
SYN-0927,London,London CMA,London area 04,2 Bedroom,Apartment,1785,1651,4,15.1,4.1,42.887697,-81.322672,Synthetic candidate record,Derived from CMHC baseline,"CMHC Rental Market Survey, Canada, 2025; Table 1.0",a,a
SYN-0928,Oshawa,Oshawa CMA,Oshawa area 04,1 Bedroom,Apartment,1520,1754,3.7,4.8,,43.991816,-78.977186,Synthetic candidate record,Derived from CMHC baseline,"CMHC Rental Market Survey, Canada, 2025; Table 1.0",b,a
SYN-0929,Windsor,Windsor CMA,Windsor area 07,1 Bedroom,Apartment,985,1454,3.7,12.2,3.6,42.25107,-83.075666,Synthetic candidate record,Derived from CMHC baseline,"CMHC Rental Market Survey, Canada, 2025; Table 1.0",b,a
SYN-0930,Thunder Bay,Thunder Bay CMA,Thunder Bay area 06,1 Bedroom,Apartment,1310,1495,4,3.4,6.8,48.362416,-89.168983,Synthetic candidate record,Derived from CMHC baseline,"CMHC Rental Market Survey, Canada, 2025; Table 1.0",b,a
SYN-0931,Guelph,Guelph CMA,Guelph area 02,1 Bedroom,Apartment,1375,1802,3.1,15.1,4.6,43.502454,-80.186907,Synthetic candidate record,Derived from CMHC baseline,"CMHC Rental Market Survey, Canada, 2025; Table 1.0",b,a
SYN-0932,Ottawa,Ottawa-Gatineau CMA (Ont. part),Ottawa area 05,1 Bedroom,Townhouse,1710,1926,3,15.4,3.4,45.378222,-75.668594,Synthetic candidate record,Derived from CMHC baseline,"CMHC Rental Market Survey, Canada, 2025; Table 1.0",b,a
SYN-0933,Toronto,Toronto CMA,Toronto area 08,1 Bedroom,Townhouse,1745,2046,3,8.7,3.4,43.590957,-79.50217,Synthetic candidate record,Derived from CMHC baseline,"CMHC Rental Market Survey, Canada, 2025; Table 1.0",a,a
SYN-0934,Peterborough,Peterborough CMA,Peterborough area 09,1 Bedroom,Townhouse,1535,1518,3.1,8.4,,44.343519,-78.348664,Synthetic candidate record,Derived from CMHC baseline,"CMHC Rental Market Survey, Canada, 2025; Table 1.0",b,a
SYN-0935,Brantford,Brantford CMA,Brantford area 03,Studio,Townhouse,1090,1619,3.5,14.5,,43.059744,-80.147833,Synthetic candidate record,Derived from CMHC baseline,"CMHC Rental Market Survey, Canada, 2025; Table 1.0",c,a
SYN-0936,Brantford,Brantford CMA,Brantford area 07,1 Bedroom,Apartment,1405,1619,3.5,14.5,,43.107126,-80.238372,Synthetic candidate record,Derived from CMHC baseline,"CMHC Rental Market Survey, Canada, 2025; Table 1.0",c,a
SYN-0937,Guelph,Guelph CMA,Guelph area 05,1 Bedroom,Townhouse,1580,1802,3.1,15.1,4.6,43.587499,-80.225597,Synthetic candidate record,Derived from CMHC baseline,"CMHC Rental Market Survey, Canada, 2025; Table 1.0",b,a
SYN-0938,Greater Sudbury,Greater Sudbury/Grand Sudbury CMA,Greater Sudbury area 03,1 Bedroom,Townhouse,1295,1558,1.2,6.6,,46.589205,-80.989684,Synthetic candidate record,Derived from CMHC baseline,"CMHC Rental Market Survey, Canada, 2025; Table 1.0",a,a
SYN-0939,Toronto,Toronto CMA,Toronto area 12,Studio,Apartment,1315,2046,3,8.7,3.4,43.741681,-79.513195,Synthetic candidate record,Derived from CMHC baseline,"CMHC Rental Market Survey, Canada, 2025; Table 1.0",a,a
SYN-0940,Belleville,Belleville - Quinte West CMA,Belleville area 07,2 Bedroom,Townhouse,1610,1484,3.4,16.9,,44.198421,-77.251587,Synthetic candidate record,Derived from CMHC baseline,"CMHC Rental Market Survey, Canada, 2025; Table 1.0",c,a
SYN-0941,Ottawa,Ottawa-Gatineau CMA (Ont. part),Ottawa area 08,1 Bedroom,Apartment,1590,1926,3,15.4,3.4,45.42549,-75.699426,Synthetic candidate record,Derived from CMHC baseline,"CMHC Rental Market Survey, Canada, 2025; Table 1.0",b,a
SYN-0942,Kitchener-Waterloo,Kitchener-Cambridge-Waterloo CMA,Kitchener-Waterloo area 06,1 Bedroom,Townhouse,1445,1832,4.1,16.1,3.3,43.44965,-80.558161,Synthetic candidate record,Derived from CMHC baseline,"CMHC Rental Market Survey, Canada, 2025; Table 1.0",b,a
SYN-0943,Barrie,Barrie CMA,Barrie area 07,3 Bedroom,Apartment,2490,1755,4.3,12.8,4.3,44.313227,-79.704261,Synthetic candidate record,Derived from CMHC baseline,"CMHC Rental Market Survey, Canada, 2025; Table 1.0",b,a
SYN-0944,Toronto,Toronto CMA,Toronto area 05,1 Bedroom,Apartment,1665,2046,3,8.7,3.4,43.588574,-79.339135,Synthetic candidate record,Derived from CMHC baseline,"CMHC Rental Market Survey, Canada, 2025; Table 1.0",a,a
SYN-0945,Kingston,Kingston CMA,Kingston area 08,1 Bedroom,Apartment,1405,1764,2.4,17.3,2.4,44.284002,-76.466781,Synthetic candidate record,Derived from CMHC baseline,"CMHC Rental Market Survey, Canada, 2025; Table 1.0",a,a
SYN-0946,Windsor,Windsor CMA,Windsor area 08,1 Bedroom,Apartment,1275,1454,3.7,12.2,3.6,42.316237,-83.065777,Synthetic candidate record,Derived from CMHC baseline,"CMHC Rental Market Survey, Canada, 2025; Table 1.0",b,a
SYN-0947,Greater Sudbury,Greater Sudbury/Grand Sudbury CMA,Greater Sudbury area 03,2 Bedroom,Apartment,1570,1558,1.2,6.6,,46.403985,-80.96672,Synthetic candidate record,Derived from CMHC baseline,"CMHC Rental Market Survey, Canada, 2025; Table 1.0",a,a
SYN-0948,Peterborough,Peterborough CMA,Peterborough area 07,1 Bedroom,Apartment,1170,1518,3.1,8.4,,44.362139,-78.284721,Synthetic candidate record,Derived from CMHC baseline,"CMHC Rental Market Survey, Canada, 2025; Table 1.0",b,a
SYN-0949,Guelph,Guelph CMA,Guelph area 05,1 Bedroom,Apartment,1445,1802,3.1,15.1,4.6,43.493646,-80.321424,Synthetic candidate record,Derived from CMHC baseline,"CMHC Rental Market Survey, Canada, 2025; Table 1.0",b,a
SYN-0950,Brantford,Brantford CMA,Brantford area 03,3 Bedroom,Apartment,2020,1619,3.5,14.5,,43.213188,-80.370069,Synthetic candidate record,Derived from CMHC baseline,"CMHC Rental Market Survey, Canada, 2025; Table 1.0",c,a
SYN-0951,Barrie,Barrie CMA,Barrie area 05,2 Bedroom,Apartment,1500,1755,4.3,12.8,4.3,44.40301,-79.577955,Synthetic candidate record,Derived from CMHC baseline,"CMHC Rental Market Survey, Canada, 2025; Table 1.0",b,a
SYN-0952,Barrie,Barrie CMA,Barrie area 07,2 Bedroom,Apartment,1820,1755,4.3,12.8,4.3,44.486553,-79.724518,Synthetic candidate record,Derived from CMHC baseline,"CMHC Rental Market Survey, Canada, 2025; Table 1.0",b,a
SYN-0953,Ottawa,Ottawa-Gatineau CMA (Ont. part),Ottawa area 11,2 Bedroom,Townhouse,2270,1926,3,15.4,3.4,45.388693,-75.696411,Synthetic candidate record,Derived from CMHC baseline,"CMHC Rental Market Survey, Canada, 2025; Table 1.0",b,a
SYN-0954,Ottawa,Ottawa-Gatineau CMA (Ont. part),Ottawa area 08,1 Bedroom,Apartment,1685,1926,3,15.4,3.4,45.394167,-75.715439,Synthetic candidate record,Derived from CMHC baseline,"CMHC Rental Market Survey, Canada, 2025; Table 1.0",b,a
SYN-0955,Brantford,Brantford CMA,Brantford area 04,2 Bedroom,Apartment,1610,1619,3.5,14.5,,43.238646,-80.291253,Synthetic candidate record,Derived from CMHC baseline,"CMHC Rental Market Survey, Canada, 2025; Table 1.0",c,a
SYN-0956,Brantford,Brantford CMA,Brantford area 10,2 Bedroom,Apartment,1655,1619,3.5,14.5,,43.157773,-80.326518,Synthetic candidate record,Derived from CMHC baseline,"CMHC Rental Market Survey, Canada, 2025; Table 1.0",c,a
SYN-0957,Windsor,Windsor CMA,Windsor area 07,1 Bedroom,Apartment,1230,1454,3.7,12.2,3.6,42.275269,-82.954143,Synthetic candidate record,Derived from CMHC baseline,"CMHC Rental Market Survey, Canada, 2025; Table 1.0",b,a
SYN-0958,Ottawa,Ottawa-Gatineau CMA (Ont. part),Ottawa area 11,1 Bedroom,Townhouse,1530,1926,3,15.4,3.4,45.371753,-75.692821,Synthetic candidate record,Derived from CMHC baseline,"CMHC Rental Market Survey, Canada, 2025; Table 1.0",b,a
SYN-0959,Kingston,Kingston CMA,Kingston area 08,3 Bedroom,Apartment,2070,1764,2.4,17.3,2.4,44.323623,-76.418394,Synthetic candidate record,Derived from CMHC baseline,"CMHC Rental Market Survey, Canada, 2025; Table 1.0",a,a
SYN-0960,St. Catharines,St. Catharines-Niagara CMA,St. Catharines area 01,3 Bedroom,Townhouse,1980,1527,3.9,12.8,5.5,43.246327,-79.184767,Synthetic candidate record,Derived from CMHC baseline,"CMHC Rental Market Survey, Canada, 2025; Table 1.0",b,a
SYN-0961,Kitchener-Waterloo,Kitchener-Cambridge-Waterloo CMA,Kitchener-Waterloo area 07,1 Bedroom,Apartment,1515,1832,4.1,16.1,3.3,43.504706,-80.397695,Synthetic candidate record,Derived from CMHC baseline,"CMHC Rental Market Survey, Canada, 2025; Table 1.0",b,a
SYN-0962,Ottawa,Ottawa-Gatineau CMA (Ont. part),Ottawa area 05,3 Bedroom,Apartment,2665,1926,3,15.4,3.4,45.448285,-75.598618,Synthetic candidate record,Derived from CMHC baseline,"CMHC Rental Market Survey, Canada, 2025; Table 1.0",b,a
SYN-0963,Oshawa,Oshawa CMA,Oshawa area 01,2 Bedroom,Apartment,1715,1754,3.7,4.8,,43.844797,-78.962954,Synthetic candidate record,Derived from CMHC baseline,"CMHC Rental Market Survey, Canada, 2025; Table 1.0",b,a
SYN-0964,London,London CMA,London area 07,2 Bedroom,Apartment,1565,1651,4,15.1,4.1,42.977732,-81.228944,Synthetic candidate record,Derived from CMHC baseline,"CMHC Rental Market Survey, Canada, 2025; Table 1.0",a,a
SYN-0965,Thunder Bay,Thunder Bay CMA,Thunder Bay area 05,2 Bedroom,Apartment,1520,1495,4,3.4,6.8,48.286728,-89.160473,Synthetic candidate record,Derived from CMHC baseline,"CMHC Rental Market Survey, Canada, 2025; Table 1.0",b,a
SYN-0966,Kingston,Kingston CMA,Kingston area 01,2 Bedroom,Apartment,1865,1764,2.4,17.3,2.4,44.323957,-76.489952,Synthetic candidate record,Derived from CMHC baseline,"CMHC Rental Market Survey, Canada, 2025; Table 1.0",a,a
SYN-0967,Belleville,Belleville - Quinte West CMA,Belleville area 06,2 Bedroom,Apartment,1445,1484,3.4,16.9,,44.075516,-77.256322,Synthetic candidate record,Derived from CMHC baseline,"CMHC Rental Market Survey, Canada, 2025; Table 1.0",c,a
SYN-0968,Brantford,Brantford CMA,Brantford area 09,1 Bedroom,Apartment,1405,1619,3.5,14.5,,43.086608,-80.244947,Synthetic candidate record,Derived from CMHC baseline,"CMHC Rental Market Survey, Canada, 2025; Table 1.0",c,a
SYN-0969,Guelph,Guelph CMA,Guelph area 06,2 Bedroom,Apartment,1745,1802,3.1,15.1,4.6,43.564764,-80.17282,Synthetic candidate record,Derived from CMHC baseline,"CMHC Rental Market Survey, Canada, 2025; Table 1.0",b,a
SYN-0970,Ottawa,Ottawa-Gatineau CMA (Ont. part),Ottawa area 07,2 Bedroom,Townhouse,2080,1926,3,15.4,3.4,45.482668,-75.627685,Synthetic candidate record,Derived from CMHC baseline,"CMHC Rental Market Survey, Canada, 2025; Table 1.0",b,a
SYN-0971,Kitchener-Waterloo,Kitchener-Cambridge-Waterloo CMA,Kitchener-Waterloo area 01,1 Bedroom,Apartment,1520,1832,4.1,16.1,3.3,43.433275,-80.392521,Synthetic candidate record,Derived from CMHC baseline,"CMHC Rental Market Survey, Canada, 2025; Table 1.0",b,a
SYN-0972,Windsor,Windsor CMA,Windsor area 11,2 Bedroom,Apartment,1540,1454,3.7,12.2,3.6,42.278198,-83.057015,Synthetic candidate record,Derived from CMHC baseline,"CMHC Rental Market Survey, Canada, 2025; Table 1.0",b,a
SYN-0973,London,London CMA,London area 10,3 Bedroom,Apartment,1875,1651,4,15.1,4.1,43.049173,-81.376238,Synthetic candidate record,Derived from CMHC baseline,"CMHC Rental Market Survey, Canada, 2025; Table 1.0",a,a
SYN-0974,Belleville,Belleville - Quinte West CMA,Belleville area 04,2 Bedroom,Apartment,1620,1484,3.4,16.9,,44.200936,-77.302682,Synthetic candidate record,Derived from CMHC baseline,"CMHC Rental Market Survey, Canada, 2025; Table 1.0",c,a
SYN-0975,St. Catharines,St. Catharines-Niagara CMA,St. Catharines area 09,2 Bedroom,Apartment,1415,1527,3.9,12.8,5.5,43.240031,-79.196109,Synthetic candidate record,Derived from CMHC baseline,"CMHC Rental Market Survey, Canada, 2025; Table 1.0",b,a
SYN-0976,London,London CMA,London area 05,2 Bedroom,Townhouse,1625,1651,4,15.1,4.1,42.886473,-81.119332,Synthetic candidate record,Derived from CMHC baseline,"CMHC Rental Market Survey, Canada, 2025; Table 1.0",a,a
SYN-0977,Oshawa,Oshawa CMA,Oshawa area 06,Studio,Apartment,1140,1754,3.7,4.8,,43.829145,-78.882773,Synthetic candidate record,Derived from CMHC baseline,"CMHC Rental Market Survey, Canada, 2025; Table 1.0",b,a
SYN-0978,Thunder Bay,Thunder Bay CMA,Thunder Bay area 08,2 Bedroom,Apartment,1705,1495,4,3.4,6.8,48.454189,-89.150377,Synthetic candidate record,Derived from CMHC baseline,"CMHC Rental Market Survey, Canada, 2025; Table 1.0",b,a
SYN-0979,Windsor,Windsor CMA,Windsor area 12,2 Bedroom,Apartment,1410,1454,3.7,12.2,3.6,42.378948,-82.94866,Synthetic candidate record,Derived from CMHC baseline,"CMHC Rental Market Survey, Canada, 2025; Table 1.0",b,a
SYN-0980,St. Catharines,St. Catharines-Niagara CMA,St. Catharines area 09,2 Bedroom,Apartment,1300,1527,3.9,12.8,5.5,43.143574,-79.18405,Synthetic candidate record,Derived from CMHC baseline,"CMHC Rental Market Survey, Canada, 2025; Table 1.0",b,a
SYN-0981,Ottawa,Ottawa-Gatineau CMA (Ont. part),Ottawa area 11,1 Bedroom,Apartment,1590,1926,3,15.4,3.4,45.358248,-75.713327,Synthetic candidate record,Derived from CMHC baseline,"CMHC Rental Market Survey, Canada, 2025; Table 1.0",b,a
SYN-0982,Hamilton,Hamilton CMA,Hamilton area 02,Studio,Apartment,1005,1656,3.6,13.1,1.6,43.281359,-79.922254,Synthetic candidate record,Derived from CMHC baseline,"CMHC Rental Market Survey, Canada, 2025; Table 1.0",a,a
SYN-0983,Guelph,Guelph CMA,Guelph area 08,1 Bedroom,Apartment,1575,1802,3.1,15.1,4.6,43.603328,-80.298032,Synthetic candidate record,Derived from CMHC baseline,"CMHC Rental Market Survey, Canada, 2025; Table 1.0",b,a
SYN-0984,Hamilton,Hamilton CMA,Hamilton area 07,1 Bedroom,Apartment,1230,1656,3.6,13.1,1.6,43.315606,-79.95385,Synthetic candidate record,Derived from CMHC baseline,"CMHC Rental Market Survey, Canada, 2025; Table 1.0",a,a
SYN-0985,Peterborough,Peterborough CMA,Peterborough area 09,1 Bedroom,Townhouse,1540,1518,3.1,8.4,,44.253997,-78.194457,Synthetic candidate record,Derived from CMHC baseline,"CMHC Rental Market Survey, Canada, 2025; Table 1.0",b,a
SYN-0986,London,London CMA,London area 03,3 Bedroom,Townhouse,2075,1651,4,15.1,4.1,42.924553,-81.190276,Synthetic candidate record,Derived from CMHC baseline,"CMHC Rental Market Survey, Canada, 2025; Table 1.0",a,a
SYN-0987,Belleville,Belleville - Quinte West CMA,Belleville area 10,1 Bedroom,Townhouse,1270,1484,3.4,16.9,,44.254407,-77.475169,Synthetic candidate record,Derived from CMHC baseline,"CMHC Rental Market Survey, Canada, 2025; Table 1.0",c,a
SYN-0988,Guelph,Guelph CMA,Guelph area 11,Studio,Townhouse,1290,1802,3.1,15.1,4.6,43.599472,-80.130026,Synthetic candidate record,Derived from CMHC baseline,"CMHC Rental Market Survey, Canada, 2025; Table 1.0",b,a
SYN-0989,Windsor,Windsor CMA,Windsor area 08,Studio,Apartment,1045,1454,3.7,12.2,3.6,42.371324,-83.09375,Synthetic candidate record,Derived from CMHC baseline,"CMHC Rental Market Survey, Canada, 2025; Table 1.0",b,a
SYN-0990,Greater Sudbury,Greater Sudbury/Grand Sudbury CMA,Greater Sudbury area 05,1 Bedroom,Apartment,1455,1558,1.2,6.6,,46.511717,-80.84914,Synthetic candidate record,Derived from CMHC baseline,"CMHC Rental Market Survey, Canada, 2025; Table 1.0",a,a
SYN-0991,Kitchener-Waterloo,Kitchener-Cambridge-Waterloo CMA,Kitchener-Waterloo area 08,1 Bedroom,Townhouse,1630,1832,4.1,16.1,3.3,43.546826,-80.565373,Synthetic candidate record,Derived from CMHC baseline,"CMHC Rental Market Survey, Canada, 2025; Table 1.0",b,a
SYN-0992,London,London CMA,London area 06,1 Bedroom,Townhouse,1435,1651,4,15.1,4.1,42.902048,-81.253808,Synthetic candidate record,Derived from CMHC baseline,"CMHC Rental Market Survey, Canada, 2025; Table 1.0",a,a
SYN-0993,Greater Sudbury,Greater Sudbury/Grand Sudbury CMA,Greater Sudbury area 01,2 Bedroom,Townhouse,1630,1558,1.2,6.6,,46.442945,-81.110573,Synthetic candidate record,Derived from CMHC baseline,"CMHC Rental Market Survey, Canada, 2025; Table 1.0",a,a
SYN-0994,Belleville,Belleville - Quinte West CMA,Belleville area 10,1 Bedroom,Apartment,1075,1484,3.4,16.9,,44.156986,-77.423821,Synthetic candidate record,Derived from CMHC baseline,"CMHC Rental Market Survey, Canada, 2025; Table 1.0",c,a
SYN-0995,Belleville,Belleville - Quinte West CMA,Belleville area 09,Studio,Townhouse,1065,1484,3.4,16.9,,44.13698,-77.252706,Synthetic candidate record,Derived from CMHC baseline,"CMHC Rental Market Survey, Canada, 2025; Table 1.0",c,a
SYN-0996,Belleville,Belleville - Quinte West CMA,Belleville area 06,2 Bedroom,Apartment,1590,1484,3.4,16.9,,44.096773,-77.385196,Synthetic candidate record,Derived from CMHC baseline,"CMHC Rental Market Survey, Canada, 2025; Table 1.0",c,a
SYN-0997,Toronto,Toronto CMA,Toronto area 03,1 Bedroom,Apartment,1645,2046,3,8.7,3.4,43.605281,-79.434816,Synthetic candidate record,Derived from CMHC baseline,"CMHC Rental Market Survey, Canada, 2025; Table 1.0",a,a
SYN-0998,Windsor,Windsor CMA,Windsor area 05,3 Bedroom,Apartment,1650,1454,3.7,12.2,3.6,42.364465,-82.921116,Synthetic candidate record,Derived from CMHC baseline,"CMHC Rental Market Survey, Canada, 2025; Table 1.0",b,a
SYN-0999,St. Catharines,St. Catharines-Niagara CMA,St. Catharines area 08,2 Bedroom,Apartment,1405,1527,3.9,12.8,5.5,43.092397,-79.181956,Synthetic candidate record,Derived from CMHC baseline,"CMHC Rental Market Survey, Canada, 2025; Table 1.0",b,a
SYN-1000,Hamilton,Hamilton CMA,Hamilton area 04,2 Bedroom,Townhouse,1775,1656,3.6,13.1,1.6,43.166344,-79.967593,Synthetic candidate record,Derived from CMHC baseline,"CMHC Rental Market Survey, Canada, 2025; Table 1.0",a,a
SYN-1001,Kingston,Kingston CMA,Kingston area 08,Studio,Apartment,1250,1764,2.4,17.3,2.4,44.154405,-76.375698,Synthetic candidate record,Derived from CMHC baseline,"CMHC Rental Market Survey, Canada, 2025; Table 1.0",a,a
SYN-1002,Belleville,Belleville - Quinte West CMA,Belleville area 12,1 Bedroom,Townhouse,1410,1484,3.4,16.9,,44.154352,-77.491237,Synthetic candidate record,Derived from CMHC baseline,"CMHC Rental Market Survey, Canada, 2025; Table 1.0",c,a
SYN-1003,Hamilton,Hamilton CMA,Hamilton area 05,1 Bedroom,Apartment,1380,1656,3.6,13.1,1.6,43.322691,-79.802465,Synthetic candidate record,Derived from CMHC baseline,"CMHC Rental Market Survey, Canada, 2025; Table 1.0",a,a
SYN-1004,Kitchener-Waterloo,Kitchener-Cambridge-Waterloo CMA,Kitchener-Waterloo area 07,2 Bedroom,Apartment,1940,1832,4.1,16.1,3.3,43.456803,-80.472998,Synthetic candidate record,Derived from CMHC baseline,"CMHC Rental Market Survey, Canada, 2025; Table 1.0",b,a
SYN-1005,Brantford,Brantford CMA,Brantford area 11,1 Bedroom,Townhouse,1335,1619,3.5,14.5,,43.044592,-80.214704,Synthetic candidate record,Derived from CMHC baseline,"CMHC Rental Market Survey, Canada, 2025; Table 1.0",c,a
SYN-1006,Guelph,Guelph CMA,Guelph area 02,1 Bedroom,Apartment,1270,1802,3.1,15.1,4.6,43.612195,-80.343732,Synthetic candidate record,Derived from CMHC baseline,"CMHC Rental Market Survey, Canada, 2025; Table 1.0",b,a
SYN-1007,Toronto,Toronto CMA,Toronto area 01,2 Bedroom,Townhouse,1815,2046,3,8.7,3.4,43.672041,-79.519806,Synthetic candidate record,Derived from CMHC baseline,"CMHC Rental Market Survey, Canada, 2025; Table 1.0",a,a
SYN-1008,Toronto,Toronto CMA,Toronto area 11,1 Bedroom,Apartment,1765,2046,3,8.7,3.4,43.595473,-79.507954,Synthetic candidate record,Derived from CMHC baseline,"CMHC Rental Market Survey, Canada, 2025; Table 1.0",a,a
SYN-1009,Oshawa,Oshawa CMA,Oshawa area 05,1 Bedroom,Apartment,1435,1754,3.7,4.8,,43.917558,-78.978888,Synthetic candidate record,Derived from CMHC baseline,"CMHC Rental Market Survey, Canada, 2025; Table 1.0",b,a
SYN-1010,Kingston,Kingston CMA,Kingston area 03,1 Bedroom,Townhouse,1415,1764,2.4,17.3,2.4,44.149038,-76.387652,Synthetic candidate record,Derived from CMHC baseline,"CMHC Rental Market Survey, Canada, 2025; Table 1.0",a,a
SYN-1011,Greater Sudbury,Greater Sudbury/Grand Sudbury CMA,Greater Sudbury area 07,2 Bedroom,Apartment,1385,1558,1.2,6.6,,46.422527,-81.051523,Synthetic candidate record,Derived from CMHC baseline,"CMHC Rental Market Survey, Canada, 2025; Table 1.0",a,a
SYN-1012,Oshawa,Oshawa CMA,Oshawa area 06,3 Bedroom,Apartment,1835,1754,3.7,4.8,,43.868909,-78.9779,Synthetic candidate record,Derived from CMHC baseline,"CMHC Rental Market Survey, Canada, 2025; Table 1.0",b,a
SYN-1013,Kitchener-Waterloo,Kitchener-Cambridge-Waterloo CMA,Kitchener-Waterloo area 06,1 Bedroom,Townhouse,1470,1832,4.1,16.1,3.3,43.436214,-80.421837,Synthetic candidate record,Derived from CMHC baseline,"CMHC Rental Market Survey, Canada, 2025; Table 1.0",b,a
SYN-1014,Kingston,Kingston CMA,Kingston area 08,1 Bedroom,Townhouse,1585,1764,2.4,17.3,2.4,44.149789,-76.482276,Synthetic candidate record,Derived from CMHC baseline,"CMHC Rental Market Survey, Canada, 2025; Table 1.0",a,a
SYN-1015,London,London CMA,London area 08,2 Bedroom,Apartment,1790,1651,4,15.1,4.1,43.014345,-81.359042,Synthetic candidate record,Derived from CMHC baseline,"CMHC Rental Market Survey, Canada, 2025; Table 1.0",a,a
SYN-1016,Thunder Bay,Thunder Bay CMA,Thunder Bay area 11,Studio,Townhouse,1055,1495,4,3.4,6.8,48.340979,-89.101899,Synthetic candidate record,Derived from CMHC baseline,"CMHC Rental Market Survey, Canada, 2025; Table 1.0",b,a
SYN-1017,Oshawa,Oshawa CMA,Oshawa area 02,2 Bedroom,Townhouse,1880,1754,3.7,4.8,,43.812407,-78.99206,Synthetic candidate record,Derived from CMHC baseline,"CMHC Rental Market Survey, Canada, 2025; Table 1.0",b,a
SYN-1018,Thunder Bay,Thunder Bay CMA,Thunder Bay area 05,1 Bedroom,Townhouse,1355,1495,4,3.4,6.8,48.413071,-89.227079,Synthetic candidate record,Derived from CMHC baseline,"CMHC Rental Market Survey, Canada, 2025; Table 1.0",b,a
SYN-1019,Peterborough,Peterborough CMA,Peterborough area 03,1 Bedroom,Apartment,1245,1518,3.1,8.4,,44.357203,-78.330075,Synthetic candidate record,Derived from CMHC baseline,"CMHC Rental Market Survey, Canada, 2025; Table 1.0",b,a
SYN-1020,Greater Sudbury,Greater Sudbury/Grand Sudbury CMA,Greater Sudbury area 10,Studio,Townhouse,1130,1558,1.2,6.6,,46.567051,-81.051784,Synthetic candidate record,Derived from CMHC baseline,"CMHC Rental Market Survey, Canada, 2025; Table 1.0",a,a
SYN-1021,Toronto,Toronto CMA,Toronto area 03,2 Bedroom,Townhouse,2115,2046,3,8.7,3.4,43.746544,-79.280552,Synthetic candidate record,Derived from CMHC baseline,"CMHC Rental Market Survey, Canada, 2025; Table 1.0",a,a
SYN-1022,Kitchener-Waterloo,Kitchener-Cambridge-Waterloo CMA,Kitchener-Waterloo area 09,1 Bedroom,Apartment,1440,1832,4.1,16.1,3.3,43.525923,-80.600955,Synthetic candidate record,Derived from CMHC baseline,"CMHC Rental Market Survey, Canada, 2025; Table 1.0",b,a
SYN-1023,Barrie,Barrie CMA,Barrie area 11,Studio,Apartment,1325,1755,4.3,12.8,4.3,44.381433,-79.716863,Synthetic candidate record,Derived from CMHC baseline,"CMHC Rental Market Survey, Canada, 2025; Table 1.0",b,a
SYN-1024,Windsor,Windsor CMA,Windsor area 11,1 Bedroom,Apartment,1205,1454,3.7,12.2,3.6,42.353032,-82.911135,Synthetic candidate record,Derived from CMHC baseline,"CMHC Rental Market Survey, Canada, 2025; Table 1.0",b,a
SYN-1025,Greater Sudbury,Greater Sudbury/Grand Sudbury CMA,Greater Sudbury area 04,2 Bedroom,Apartment,1570,1558,1.2,6.6,,46.414083,-81.133637,Synthetic candidate record,Derived from CMHC baseline,"CMHC Rental Market Survey, Canada, 2025; Table 1.0",a,a
SYN-1026,Barrie,Barrie CMA,Barrie area 11,1 Bedroom,Apartment,1450,1755,4.3,12.8,4.3,44.419348,-79.708271,Synthetic candidate record,Derived from CMHC baseline,"CMHC Rental Market Survey, Canada, 2025; Table 1.0",b,a
SYN-1027,Kitchener-Waterloo,Kitchener-Cambridge-Waterloo CMA,Kitchener-Waterloo area 12,Studio,Townhouse,1410,1832,4.1,16.1,3.3,43.374892,-80.381635,Synthetic candidate record,Derived from CMHC baseline,"CMHC Rental Market Survey, Canada, 2025; Table 1.0",b,a
SYN-1028,Toronto,Toronto CMA,Toronto area 04,3 Bedroom,Townhouse,2890,2046,3,8.7,3.4,43.557126,-79.397155,Synthetic candidate record,Derived from CMHC baseline,"CMHC Rental Market Survey, Canada, 2025; Table 1.0",a,a
SYN-1029,Kitchener-Waterloo,Kitchener-Cambridge-Waterloo CMA,Kitchener-Waterloo area 07,1 Bedroom,Townhouse,1635,1832,4.1,16.1,3.3,43.477682,-80.433793,Synthetic candidate record,Derived from CMHC baseline,"CMHC Rental Market Survey, Canada, 2025; Table 1.0",b,a
SYN-1030,Windsor,Windsor CMA,Windsor area 09,2 Bedroom,Apartment,1460,1454,3.7,12.2,3.6,42.222303,-83.063533,Synthetic candidate record,Derived from CMHC baseline,"CMHC Rental Market Survey, Canada, 2025; Table 1.0",b,a
SYN-1031,Windsor,Windsor CMA,Windsor area 11,1 Bedroom,Apartment,1100,1454,3.7,12.2,3.6,42.27807,-83.154457,Synthetic candidate record,Derived from CMHC baseline,"CMHC Rental Market Survey, Canada, 2025; Table 1.0",b,a
SYN-1032,Thunder Bay,Thunder Bay CMA,Thunder Bay area 06,3 Bedroom,Apartment,1815,1495,4,3.4,6.8,48.379858,-89.115517,Synthetic candidate record,Derived from CMHC baseline,"CMHC Rental Market Survey, Canada, 2025; Table 1.0",b,a
SYN-1033,Toronto,Toronto CMA,Toronto area 09,2 Bedroom,Apartment,2175,2046,3,8.7,3.4,43.647048,-79.400308,Synthetic candidate record,Derived from CMHC baseline,"CMHC Rental Market Survey, Canada, 2025; Table 1.0",a,a
SYN-1034,London,London CMA,London area 12,2 Bedroom,Apartment,1820,1651,4,15.1,4.1,43.069247,-81.148666,Synthetic candidate record,Derived from CMHC baseline,"CMHC Rental Market Survey, Canada, 2025; Table 1.0",a,a
SYN-1035,Toronto,Toronto CMA,Toronto area 11,1 Bedroom,Apartment,1655,2046,3,8.7,3.4,43.636572,-79.261243,Synthetic candidate record,Derived from CMHC baseline,"CMHC Rental Market Survey, Canada, 2025; Table 1.0",a,a
SYN-1036,Peterborough,Peterborough CMA,Peterborough area 12,2 Bedroom,Apartment,1405,1518,3.1,8.4,,44.333468,-78.380502,Synthetic candidate record,Derived from CMHC baseline,"CMHC Rental Market Survey, Canada, 2025; Table 1.0",b,a
SYN-1037,Brantford,Brantford CMA,Brantford area 08,2 Bedroom,Apartment,1650,1619,3.5,14.5,,43.137837,-80.18396,Synthetic candidate record,Derived from CMHC baseline,"CMHC Rental Market Survey, Canada, 2025; Table 1.0",c,a
SYN-1038,Oshawa,Oshawa CMA,Oshawa area 05,1 Bedroom,Apartment,1495,1754,3.7,4.8,,43.996952,-78.904994,Synthetic candidate record,Derived from CMHC baseline,"CMHC Rental Market Survey, Canada, 2025; Table 1.0",b,a
SYN-1039,Peterborough,Peterborough CMA,Peterborough area 07,2 Bedroom,Apartment,1630,1518,3.1,8.4,,44.215494,-78.441652,Synthetic candidate record,Derived from CMHC baseline,"CMHC Rental Market Survey, Canada, 2025; Table 1.0",b,a
SYN-1040,Guelph,Guelph CMA,Guelph area 06,2 Bedroom,Apartment,1550,1802,3.1,15.1,4.6,43.557196,-80.251962,Synthetic candidate record,Derived from CMHC baseline,"CMHC Rental Market Survey, Canada, 2025; Table 1.0",b,a
SYN-1041,Peterborough,Peterborough CMA,Peterborough area 02,2 Bedroom,Apartment,1695,1518,3.1,8.4,,44.383839,-78.290552,Synthetic candidate record,Derived from CMHC baseline,"CMHC Rental Market Survey, Canada, 2025; Table 1.0",b,a
SYN-1042,Belleville,Belleville - Quinte West CMA,Belleville area 02,3 Bedroom,Townhouse,1795,1484,3.4,16.9,,44.222597,-77.254215,Synthetic candidate record,Derived from CMHC baseline,"CMHC Rental Market Survey, Canada, 2025; Table 1.0",c,a
SYN-1043,Guelph,Guelph CMA,Guelph area 04,2 Bedroom,Apartment,1820,1802,3.1,15.1,4.6,43.465882,-80.21235,Synthetic candidate record,Derived from CMHC baseline,"CMHC Rental Market Survey, Canada, 2025; Table 1.0",b,a
SYN-1044,Peterborough,Peterborough CMA,Peterborough area 08,1 Bedroom,Apartment,1220,1518,3.1,8.4,,44.350733,-78.246483,Synthetic candidate record,Derived from CMHC baseline,"CMHC Rental Market Survey, Canada, 2025; Table 1.0",b,a
SYN-1045,Guelph,Guelph CMA,Guelph area 07,1 Bedroom,Apartment,1445,1802,3.1,15.1,4.6,43.614519,-80.265001,Synthetic candidate record,Derived from CMHC baseline,"CMHC Rental Market Survey, Canada, 2025; Table 1.0",b,a
SYN-1046,Barrie,Barrie CMA,Barrie area 02,1 Bedroom,Townhouse,1610,1755,4.3,12.8,4.3,44.357664,-79.688894,Synthetic candidate record,Derived from CMHC baseline,"CMHC Rental Market Survey, Canada, 2025; Table 1.0",b,a
SYN-1047,St. Catharines,St. Catharines-Niagara CMA,St. Catharines area 07,1 Bedroom,Townhouse,1255,1527,3.9,12.8,5.5,43.089722,-79.177394,Synthetic candidate record,Derived from CMHC baseline,"CMHC Rental Market Survey, Canada, 2025; Table 1.0",b,a
SYN-1048,London,London CMA,London area 08,1 Bedroom,Townhouse,1585,1651,4,15.1,4.1,42.967582,-81.270095,Synthetic candidate record,Derived from CMHC baseline,"CMHC Rental Market Survey, Canada, 2025; Table 1.0",a,a
SYN-1049,Peterborough,Peterborough CMA,Peterborough area 02,3 Bedroom,Townhouse,2030,1518,3.1,8.4,,44.370349,-78.195705,Synthetic candidate record,Derived from CMHC baseline,"CMHC Rental Market Survey, Canada, 2025; Table 1.0",b,a
SYN-1050,Ottawa,Ottawa-Gatineau CMA (Ont. part),Ottawa area 01,1 Bedroom,Apartment,1595,1926,3,15.4,3.4,45.408314,-75.727613,Synthetic candidate record,Derived from CMHC baseline,"CMHC Rental Market Survey, Canada, 2025; Table 1.0",b,a
SYN-1051,Hamilton,Hamilton CMA,Hamilton area 05,3 Bedroom,Apartment,2460,1656,3.6,13.1,1.6,43.315514,-79.767898,Synthetic candidate record,Derived from CMHC baseline,"CMHC Rental Market Survey, Canada, 2025; Table 1.0",a,a
SYN-1052,Thunder Bay,Thunder Bay CMA,Thunder Bay area 06,1 Bedroom,Apartment,1190,1495,4,3.4,6.8,48.42521,-89.303801,Synthetic candidate record,Derived from CMHC baseline,"CMHC Rental Market Survey, Canada, 2025; Table 1.0",b,a
SYN-1053,Barrie,Barrie CMA,Barrie area 10,2 Bedroom,Apartment,1710,1755,4.3,12.8,4.3,44.330427,-79.677866,Synthetic candidate record,Derived from CMHC baseline,"CMHC Rental Market Survey, Canada, 2025; Table 1.0",b,a
SYN-1054,Toronto,Toronto CMA,Toronto area 02,2 Bedroom,Townhouse,2040,2046,3,8.7,3.4,43.70828,-79.27789,Synthetic candidate record,Derived from CMHC baseline,"CMHC Rental Market Survey, Canada, 2025; Table 1.0",a,a
SYN-1055,Belleville,Belleville - Quinte West CMA,Belleville area 05,2 Bedroom,Townhouse,1570,1484,3.4,16.9,,44.088001,-77.246052,Synthetic candidate record,Derived from CMHC baseline,"CMHC Rental Market Survey, Canada, 2025; Table 1.0",c,a
SYN-1056,Kitchener-Waterloo,Kitchener-Cambridge-Waterloo CMA,Kitchener-Waterloo area 03,Studio,Apartment,1095,1832,4.1,16.1,3.3,43.455867,-80.421684,Synthetic candidate record,Derived from CMHC baseline,"CMHC Rental Market Survey, Canada, 2025; Table 1.0",b,a
SYN-1057,Barrie,Barrie CMA,Barrie area 02,Studio,Apartment,1200,1755,4.3,12.8,4.3,44.434702,-79.554013,Synthetic candidate record,Derived from CMHC baseline,"CMHC Rental Market Survey, Canada, 2025; Table 1.0",b,a
SYN-1058,Belleville,Belleville - Quinte West CMA,Belleville area 01,2 Bedroom,Apartment,1675,1484,3.4,16.9,,44.188198,-77.423773,Synthetic candidate record,Derived from CMHC baseline,"CMHC Rental Market Survey, Canada, 2025; Table 1.0",c,a
SYN-1059,Guelph,Guelph CMA,Guelph area 10,1 Bedroom,Apartment,1175,1802,3.1,15.1,4.6,43.605878,-80.113273,Synthetic candidate record,Derived from CMHC baseline,"CMHC Rental Market Survey, Canada, 2025; Table 1.0",b,a
SYN-1060,London,London CMA,London area 10,1 Bedroom,Apartment,1440,1651,4,15.1,4.1,43.018284,-81.159158,Synthetic candidate record,Derived from CMHC baseline,"CMHC Rental Market Survey, Canada, 2025; Table 1.0",a,a
SYN-1061,Hamilton,Hamilton CMA,Hamilton area 08,2 Bedroom,Apartment,1775,1656,3.6,13.1,1.6,43.194211,-79.794607,Synthetic candidate record,Derived from CMHC baseline,"CMHC Rental Market Survey, Canada, 2025; Table 1.0",a,a
SYN-1062,Guelph,Guelph CMA,Guelph area 01,1 Bedroom,Townhouse,1685,1802,3.1,15.1,4.6,43.610488,-80.363551,Synthetic candidate record,Derived from CMHC baseline,"CMHC Rental Market Survey, Canada, 2025; Table 1.0",b,a
SYN-1063,Thunder Bay,Thunder Bay CMA,Thunder Bay area 09,3 Bedroom,Townhouse,2000,1495,4,3.4,6.8,48.416264,-89.276983,Synthetic candidate record,Derived from CMHC baseline,"CMHC Rental Market Survey, Canada, 2025; Table 1.0",b,a
SYN-1064,Greater Sudbury,Greater Sudbury/Grand Sudbury CMA,Greater Sudbury area 12,3 Bedroom,Townhouse,2130,1558,1.2,6.6,,46.518992,-80.848762,Synthetic candidate record,Derived from CMHC baseline,"CMHC Rental Market Survey, Canada, 2025; Table 1.0",a,a
SYN-1065,Windsor,Windsor CMA,Windsor area 03,2 Bedroom,Townhouse,1600,1454,3.7,12.2,3.6,42.240325,-82.97929,Synthetic candidate record,Derived from CMHC baseline,"CMHC Rental Market Survey, Canada, 2025; Table 1.0",b,a
SYN-1066,Guelph,Guelph CMA,Guelph area 09,2 Bedroom,Townhouse,1875,1802,3.1,15.1,4.6,43.539471,-80.180186,Synthetic candidate record,Derived from CMHC baseline,"CMHC Rental Market Survey, Canada, 2025; Table 1.0",b,a
SYN-1067,Peterborough,Peterborough CMA,Peterborough area 01,3 Bedroom,Apartment,1750,1518,3.1,8.4,,44.233273,-78.299642,Synthetic candidate record,Derived from CMHC baseline,"CMHC Rental Market Survey, Canada, 2025; Table 1.0",b,a
SYN-1068,Hamilton,Hamilton CMA,Hamilton area 08,Studio,Apartment,1075,1656,3.6,13.1,1.6,43.353904,-79.925127,Synthetic candidate record,Derived from CMHC baseline,"CMHC Rental Market Survey, Canada, 2025; Table 1.0",a,a
SYN-1069,Barrie,Barrie CMA,Barrie area 05,2 Bedroom,Apartment,1785,1755,4.3,12.8,4.3,44.476764,-79.74483,Synthetic candidate record,Derived from CMHC baseline,"CMHC Rental Market Survey, Canada, 2025; Table 1.0",b,a
SYN-1070,Kitchener-Waterloo,Kitchener-Cambridge-Waterloo CMA,Kitchener-Waterloo area 02,1 Bedroom,Townhouse,1500,1832,4.1,16.1,3.3,43.352017,-80.479404,Synthetic candidate record,Derived from CMHC baseline,"CMHC Rental Market Survey, Canada, 2025; Table 1.0",b,a
SYN-1071,Belleville,Belleville - Quinte West CMA,Belleville area 12,1 Bedroom,Apartment,1035,1484,3.4,16.9,,44.21907,-77.390107,Synthetic candidate record,Derived from CMHC baseline,"CMHC Rental Market Survey, Canada, 2025; Table 1.0",c,a
SYN-1072,Hamilton,Hamilton CMA,Hamilton area 03,2 Bedroom,Townhouse,1675,1656,3.6,13.1,1.6,43.308036,-79.825179,Synthetic candidate record,Derived from CMHC baseline,"CMHC Rental Market Survey, Canada, 2025; Table 1.0",a,a
SYN-1073,Ottawa,Ottawa-Gatineau CMA (Ont. part),Ottawa area 11,Studio,Townhouse,1240,1926,3,15.4,3.4,45.3893,-75.826617,Synthetic candidate record,Derived from CMHC baseline,"CMHC Rental Market Survey, Canada, 2025; Table 1.0",b,a
SYN-1074,Toronto,Toronto CMA,Toronto area 10,2 Bedroom,Apartment,2260,2046,3,8.7,3.4,43.726391,-79.325923,Synthetic candidate record,Derived from CMHC baseline,"CMHC Rental Market Survey, Canada, 2025; Table 1.0",a,a
SYN-1075,Oshawa,Oshawa CMA,Oshawa area 01,2 Bedroom,Apartment,1720,1754,3.7,4.8,,43.988134,-78.854189,Synthetic candidate record,Derived from CMHC baseline,"CMHC Rental Market Survey, Canada, 2025; Table 1.0",b,a
SYN-1076,Kitchener-Waterloo,Kitchener-Cambridge-Waterloo CMA,Kitchener-Waterloo area 03,2 Bedroom,Apartment,1785,1832,4.1,16.1,3.3,43.375657,-80.372332,Synthetic candidate record,Derived from CMHC baseline,"CMHC Rental Market Survey, Canada, 2025; Table 1.0",b,a
SYN-1077,Barrie,Barrie CMA,Barrie area 09,1 Bedroom,Apartment,1445,1755,4.3,12.8,4.3,44.466931,-79.705909,Synthetic candidate record,Derived from CMHC baseline,"CMHC Rental Market Survey, Canada, 2025; Table 1.0",b,a
SYN-1078,Ottawa,Ottawa-Gatineau CMA (Ont. part),Ottawa area 06,1 Bedroom,Apartment,1765,1926,3,15.4,3.4,45.419795,-75.573576,Synthetic candidate record,Derived from CMHC baseline,"CMHC Rental Market Survey, Canada, 2025; Table 1.0",b,a
SYN-1079,Thunder Bay,Thunder Bay CMA,Thunder Bay area 02,1 Bedroom,Apartment,1275,1495,4,3.4,6.8,48.332336,-89.36374,Synthetic candidate record,Derived from CMHC baseline,"CMHC Rental Market Survey, Canada, 2025; Table 1.0",b,a
SYN-1080,Kingston,Kingston CMA,Kingston area 05,1 Bedroom,Apartment,1375,1764,2.4,17.3,2.4,44.182311,-76.600544,Synthetic candidate record,Derived from CMHC baseline,"CMHC Rental Market Survey, Canada, 2025; Table 1.0",a,a
SYN-1081,Thunder Bay,Thunder Bay CMA,Thunder Bay area 07,2 Bedroom,Apartment,1420,1495,4,3.4,6.8,48.286334,-89.380646,Synthetic candidate record,Derived from CMHC baseline,"CMHC Rental Market Survey, Canada, 2025; Table 1.0",b,a
SYN-1082,Guelph,Guelph CMA,Guelph area 02,1 Bedroom,Townhouse,1525,1802,3.1,15.1,4.6,43.623402,-80.314992,Synthetic candidate record,Derived from CMHC baseline,"CMHC Rental Market Survey, Canada, 2025; Table 1.0",b,a
SYN-1083,Belleville,Belleville - Quinte West CMA,Belleville area 01,1 Bedroom,Apartment,1065,1484,3.4,16.9,,44.13981,-77.490515,Synthetic candidate record,Derived from CMHC baseline,"CMHC Rental Market Survey, Canada, 2025; Table 1.0",c,a
SYN-1084,Ottawa,Ottawa-Gatineau CMA (Ont. part),Ottawa area 11,1 Bedroom,Townhouse,1715,1926,3,15.4,3.4,45.334592,-75.831437,Synthetic candidate record,Derived from CMHC baseline,"CMHC Rental Market Survey, Canada, 2025; Table 1.0",b,a
SYN-1085,London,London CMA,London area 09,3 Bedroom,Apartment,1985,1651,4,15.1,4.1,43.019919,-81.314657,Synthetic candidate record,Derived from CMHC baseline,"CMHC Rental Market Survey, Canada, 2025; Table 1.0",a,a
SYN-1086,Hamilton,Hamilton CMA,Hamilton area 09,1 Bedroom,Townhouse,1745,1656,3.6,13.1,1.6,43.244896,-79.776008,Synthetic candidate record,Derived from CMHC baseline,"CMHC Rental Market Survey, Canada, 2025; Table 1.0",a,a
SYN-1087,Kitchener-Waterloo,Kitchener-Cambridge-Waterloo CMA,Kitchener-Waterloo area 07,2 Bedroom,Apartment,1555,1832,4.1,16.1,3.3,43.508005,-80.482159,Synthetic candidate record,Derived from CMHC baseline,"CMHC Rental Market Survey, Canada, 2025; Table 1.0",b,a
SYN-1088,Toronto,Toronto CMA,Toronto area 11,Studio,Townhouse,1735,2046,3,8.7,3.4,43.745423,-79.349828,Synthetic candidate record,Derived from CMHC baseline,"CMHC Rental Market Survey, Canada, 2025; Table 1.0",a,a
SYN-1089,Kingston,Kingston CMA,Kingston area 11,Studio,Townhouse,1285,1764,2.4,17.3,2.4,44.2672,-76.34665,Synthetic candidate record,Derived from CMHC baseline,"CMHC Rental Market Survey, Canada, 2025; Table 1.0",a,a
SYN-1090,Kitchener-Waterloo,Kitchener-Cambridge-Waterloo CMA,Kitchener-Waterloo area 10,2 Bedroom,Apartment,1935,1832,4.1,16.1,3.3,43.360697,-80.426605,Synthetic candidate record,Derived from CMHC baseline,"CMHC Rental Market Survey, Canada, 2025; Table 1.0",b,a
SYN-1091,Brantford,Brantford CMA,Brantford area 07,1 Bedroom,Townhouse,1370,1619,3.5,14.5,,43.184415,-80.127679,Synthetic candidate record,Derived from CMHC baseline,"CMHC Rental Market Survey, Canada, 2025; Table 1.0",c,a
SYN-1092,Kitchener-Waterloo,Kitchener-Cambridge-Waterloo CMA,Kitchener-Waterloo area 11,2 Bedroom,Apartment,1585,1832,4.1,16.1,3.3,43.528386,-80.36979,Synthetic candidate record,Derived from CMHC baseline,"CMHC Rental Market Survey, Canada, 2025; Table 1.0",b,a
SYN-1093,St. Catharines,St. Catharines-Niagara CMA,St. Catharines area 10,3 Bedroom,Townhouse,1995,1527,3.9,12.8,5.5,43.123728,-79.326241,Synthetic candidate record,Derived from CMHC baseline,"CMHC Rental Market Survey, Canada, 2025; Table 1.0",b,a
SYN-1094,Ottawa,Ottawa-Gatineau CMA (Ont. part),Ottawa area 08,Studio,Apartment,1455,1926,3,15.4,3.4,45.450789,-75.83909,Synthetic candidate record,Derived from CMHC baseline,"CMHC Rental Market Survey, Canada, 2025; Table 1.0",b,a
SYN-1095,Barrie,Barrie CMA,Barrie area 09,3 Bedroom,Apartment,1865,1755,4.3,12.8,4.3,44.43006,-79.616842,Synthetic candidate record,Derived from CMHC baseline,"CMHC Rental Market Survey, Canada, 2025; Table 1.0",b,a
SYN-1096,Brantford,Brantford CMA,Brantford area 11,2 Bedroom,Apartment,1755,1619,3.5,14.5,,43.14713,-80.156801,Synthetic candidate record,Derived from CMHC baseline,"CMHC Rental Market Survey, Canada, 2025; Table 1.0",c,a
SYN-1097,Toronto,Toronto CMA,Toronto area 12,2 Bedroom,Apartment,2195,2046,3,8.7,3.4,43.673462,-79.414505,Synthetic candidate record,Derived from CMHC baseline,"CMHC Rental Market Survey, Canada, 2025; Table 1.0",a,a
SYN-1098,Barrie,Barrie CMA,Barrie area 04,1 Bedroom,Apartment,1420,1755,4.3,12.8,4.3,44.47665,-79.705811,Synthetic candidate record,Derived from CMHC baseline,"CMHC Rental Market Survey, Canada, 2025; Table 1.0",b,a
SYN-1099,Barrie,Barrie CMA,Barrie area 04,2 Bedroom,Apartment,1840,1755,4.3,12.8,4.3,44.414447,-79.603982,Synthetic candidate record,Derived from CMHC baseline,"CMHC Rental Market Survey, Canada, 2025; Table 1.0",b,a
SYN-1100,London,London CMA,London area 12,3 Bedroom,Apartment,2290,1651,4,15.1,4.1,42.892259,-81.247258,Synthetic candidate record,Derived from CMHC baseline,"CMHC Rental Market Survey, Canada, 2025; Table 1.0",a,a
SYN-1101,Kitchener-Waterloo,Kitchener-Cambridge-Waterloo CMA,Kitchener-Waterloo area 04,Studio,Townhouse,1410,1832,4.1,16.1,3.3,43.451665,-80.583283,Synthetic candidate record,Derived from CMHC baseline,"CMHC Rental Market Survey, Canada, 2025; Table 1.0",b,a
SYN-1102,Kingston,Kingston CMA,Kingston area 10,Studio,Apartment,1245,1764,2.4,17.3,2.4,44.280395,-76.589992,Synthetic candidate record,Derived from CMHC baseline,"CMHC Rental Market Survey, Canada, 2025; Table 1.0",a,a
SYN-1103,London,London CMA,London area 09,3 Bedroom,Apartment,2115,1651,4,15.1,4.1,43.08329,-81.192538,Synthetic candidate record,Derived from CMHC baseline,"CMHC Rental Market Survey, Canada, 2025; Table 1.0",a,a
SYN-1104,St. Catharines,St. Catharines-Niagara CMA,St. Catharines area 11,2 Bedroom,Townhouse,1825,1527,3.9,12.8,5.5,43.059791,-79.266884,Synthetic candidate record,Derived from CMHC baseline,"CMHC Rental Market Survey, Canada, 2025; Table 1.0",b,a
SYN-1105,Belleville,Belleville - Quinte West CMA,Belleville area 08,2 Bedroom,Apartment,1155,1484,3.4,16.9,,44.117607,-77.332968,Synthetic candidate record,Derived from CMHC baseline,"CMHC Rental Market Survey, Canada, 2025; Table 1.0",c,a
SYN-1106,Windsor,Windsor CMA,Windsor area 05,1 Bedroom,Apartment,1310,1454,3.7,12.2,3.6,42.39166,-83.110901,Synthetic candidate record,Derived from CMHC baseline,"CMHC Rental Market Survey, Canada, 2025; Table 1.0",b,a
SYN-1107,Thunder Bay,Thunder Bay CMA,Thunder Bay area 01,2 Bedroom,Apartment,1570,1495,4,3.4,6.8,48.297262,-89.226073,Synthetic candidate record,Derived from CMHC baseline,"CMHC Rental Market Survey, Canada, 2025; Table 1.0",b,a
SYN-1108,London,London CMA,London area 04,3 Bedroom,Townhouse,2195,1651,4,15.1,4.1,43.076455,-81.131294,Synthetic candidate record,Derived from CMHC baseline,"CMHC Rental Market Survey, Canada, 2025; Table 1.0",a,a
SYN-1109,Kingston,Kingston CMA,Kingston area 10,1 Bedroom,Apartment,1410,1764,2.4,17.3,2.4,44.227193,-76.400014,Synthetic candidate record,Derived from CMHC baseline,"CMHC Rental Market Survey, Canada, 2025; Table 1.0",a,a
SYN-1110,Ottawa,Ottawa-Gatineau CMA (Ont. part),Ottawa area 06,2 Bedroom,Apartment,1880,1926,3,15.4,3.4,45.343068,-75.771754,Synthetic candidate record,Derived from CMHC baseline,"CMHC Rental Market Survey, Canada, 2025; Table 1.0",b,a
SYN-1111,Belleville,Belleville - Quinte West CMA,Belleville area 11,2 Bedroom,Apartment,1665,1484,3.4,16.9,,44.186713,-77.30957,Synthetic candidate record,Derived from CMHC baseline,"CMHC Rental Market Survey, Canada, 2025; Table 1.0",c,a
SYN-1112,Toronto,Toronto CMA,Toronto area 07,2 Bedroom,Apartment,1955,2046,3,8.7,3.4,43.748105,-79.268011,Synthetic candidate record,Derived from CMHC baseline,"CMHC Rental Market Survey, Canada, 2025; Table 1.0",a,a
SYN-1113,Ottawa,Ottawa-Gatineau CMA (Ont. part),Ottawa area 10,3 Bedroom,Apartment,2380,1926,3,15.4,3.4,45.481977,-75.824061,Synthetic candidate record,Derived from CMHC baseline,"CMHC Rental Market Survey, Canada, 2025; Table 1.0",b,a
SYN-1114,Thunder Bay,Thunder Bay CMA,Thunder Bay area 07,Studio,Apartment,990,1495,4,3.4,6.8,48.392752,-89.309456,Synthetic candidate record,Derived from CMHC baseline,"CMHC Rental Market Survey, Canada, 2025; Table 1.0",b,a
SYN-1115,Greater Sudbury,Greater Sudbury/Grand Sudbury CMA,Greater Sudbury area 07,Studio,Townhouse,1155,1558,1.2,6.6,,46.523645,-81.135171,Synthetic candidate record,Derived from CMHC baseline,"CMHC Rental Market Survey, Canada, 2025; Table 1.0",a,a
SYN-1116,Toronto,Toronto CMA,Toronto area 01,2 Bedroom,Apartment,2250,2046,3,8.7,3.4,43.621123,-79.262242,Synthetic candidate record,Derived from CMHC baseline,"CMHC Rental Market Survey, Canada, 2025; Table 1.0",a,a
SYN-1117,Toronto,Toronto CMA,Toronto area 04,2 Bedroom,Apartment,2065,2046,3,8.7,3.4,43.69586,-79.357524,Synthetic candidate record,Derived from CMHC baseline,"CMHC Rental Market Survey, Canada, 2025; Table 1.0",a,a
SYN-1118,Hamilton,Hamilton CMA,Hamilton area 10,2 Bedroom,Apartment,1670,1656,3.6,13.1,1.6,43.226778,-79.876208,Synthetic candidate record,Derived from CMHC baseline,"CMHC Rental Market Survey, Canada, 2025; Table 1.0",a,a
SYN-1119,Toronto,Toronto CMA,Toronto area 11,1 Bedroom,Apartment,1690,2046,3,8.7,3.4,43.615533,-79.400933,Synthetic candidate record,Derived from CMHC baseline,"CMHC Rental Market Survey, Canada, 2025; Table 1.0",a,a
SYN-1120,Peterborough,Peterborough CMA,Peterborough area 06,1 Bedroom,Apartment,1215,1518,3.1,8.4,,44.238582,-78.373174,Synthetic candidate record,Derived from CMHC baseline,"CMHC Rental Market Survey, Canada, 2025; Table 1.0",b,a
SYN-1121,Oshawa,Oshawa CMA,Oshawa area 09,1 Bedroom,Apartment,1280,1754,3.7,4.8,,43.82602,-78.938689,Synthetic candidate record,Derived from CMHC baseline,"CMHC Rental Market Survey, Canada, 2025; Table 1.0",b,a
SYN-1122,Belleville,Belleville - Quinte West CMA,Belleville area 04,1 Bedroom,Apartment,1200,1484,3.4,16.9,,44.258102,-77.344013,Synthetic candidate record,Derived from CMHC baseline,"CMHC Rental Market Survey, Canada, 2025; Table 1.0",c,a
SYN-1123,Brantford,Brantford CMA,Brantford area 10,1 Bedroom,Townhouse,1330,1619,3.5,14.5,,43.159352,-80.310681,Synthetic candidate record,Derived from CMHC baseline,"CMHC Rental Market Survey, Canada, 2025; Table 1.0",c,a
SYN-1124,Ottawa,Ottawa-Gatineau CMA (Ont. part),Ottawa area 01,2 Bedroom,Townhouse,1665,1926,3,15.4,3.4,45.387224,-75.809797,Synthetic candidate record,Derived from CMHC baseline,"CMHC Rental Market Survey, Canada, 2025; Table 1.0",b,a
SYN-1125,Windsor,Windsor CMA,Windsor area 08,1 Bedroom,Apartment,1105,1454,3.7,12.2,3.6,42.308207,-83.113987,Synthetic candidate record,Derived from CMHC baseline,"CMHC Rental Market Survey, Canada, 2025; Table 1.0",b,a
SYN-1126,Ottawa,Ottawa-Gatineau CMA (Ont. part),Ottawa area 01,2 Bedroom,Townhouse,1895,1926,3,15.4,3.4,45.362563,-75.787173,Synthetic candidate record,Derived from CMHC baseline,"CMHC Rental Market Survey, Canada, 2025; Table 1.0",b,a
SYN-1127,Peterborough,Peterborough CMA,Peterborough area 10,Studio,Apartment,1070,1518,3.1,8.4,,44.267215,-78.405112,Synthetic candidate record,Derived from CMHC baseline,"CMHC Rental Market Survey, Canada, 2025; Table 1.0",b,a
SYN-1128,Peterborough,Peterborough CMA,Peterborough area 04,Studio,Apartment,1040,1518,3.1,8.4,,44.248925,-78.380042,Synthetic candidate record,Derived from CMHC baseline,"CMHC Rental Market Survey, Canada, 2025; Table 1.0",b,a
SYN-1129,St. Catharines,St. Catharines-Niagara CMA,St. Catharines area 05,2 Bedroom,Apartment,1575,1527,3.9,12.8,5.5,43.098598,-79.335712,Synthetic candidate record,Derived from CMHC baseline,"CMHC Rental Market Survey, Canada, 2025; Table 1.0",b,a
SYN-1130,Guelph,Guelph CMA,Guelph area 02,Studio,Apartment,1170,1802,3.1,15.1,4.6,43.520585,-80.168895,Synthetic candidate record,Derived from CMHC baseline,"CMHC Rental Market Survey, Canada, 2025; Table 1.0",b,a
SYN-1131,Ottawa,Ottawa-Gatineau CMA (Ont. part),Ottawa area 09,3 Bedroom,Apartment,2205,1926,3,15.4,3.4,45.39597,-75.790845,Synthetic candidate record,Derived from CMHC baseline,"CMHC Rental Market Survey, Canada, 2025; Table 1.0",b,a
SYN-1132,Thunder Bay,Thunder Bay CMA,Thunder Bay area 03,3 Bedroom,Apartment,1875,1495,4,3.4,6.8,48.304599,-89.132452,Synthetic candidate record,Derived from CMHC baseline,"CMHC Rental Market Survey, Canada, 2025; Table 1.0",b,a
SYN-1133,Kitchener-Waterloo,Kitchener-Cambridge-Waterloo CMA,Kitchener-Waterloo area 01,1 Bedroom,Townhouse,1585,1832,4.1,16.1,3.3,43.437508,-80.454993,Synthetic candidate record,Derived from CMHC baseline,"CMHC Rental Market Survey, Canada, 2025; Table 1.0",b,a
SYN-1134,Kitchener-Waterloo,Kitchener-Cambridge-Waterloo CMA,Kitchener-Waterloo area 01,2 Bedroom,Apartment,1720,1832,4.1,16.1,3.3,43.509518,-80.539974,Synthetic candidate record,Derived from CMHC baseline,"CMHC Rental Market Survey, Canada, 2025; Table 1.0",b,a
SYN-1135,St. Catharines,St. Catharines-Niagara CMA,St. Catharines area 02,3 Bedroom,Townhouse,2045,1527,3.9,12.8,5.5,43.153533,-79.202071,Synthetic candidate record,Derived from CMHC baseline,"CMHC Rental Market Survey, Canada, 2025; Table 1.0",b,a
SYN-1136,Kingston,Kingston CMA,Kingston area 06,2 Bedroom,Apartment,1815,1764,2.4,17.3,2.4,44.230918,-76.495974,Synthetic candidate record,Derived from CMHC baseline,"CMHC Rental Market Survey, Canada, 2025; Table 1.0",a,a
SYN-1137,Peterborough,Peterborough CMA,Peterborough area 10,2 Bedroom,Townhouse,1610,1518,3.1,8.4,,44.262767,-78.347385,Synthetic candidate record,Derived from CMHC baseline,"CMHC Rental Market Survey, Canada, 2025; Table 1.0",b,a
SYN-1138,Belleville,Belleville - Quinte West CMA,Belleville area 04,1 Bedroom,Apartment,1115,1484,3.4,16.9,,44.153216,-77.457253,Synthetic candidate record,Derived from CMHC baseline,"CMHC Rental Market Survey, Canada, 2025; Table 1.0",c,a
SYN-1139,Oshawa,Oshawa CMA,Oshawa area 03,1 Bedroom,Townhouse,1310,1754,3.7,4.8,,43.871921,-78.851769,Synthetic candidate record,Derived from CMHC baseline,"CMHC Rental Market Survey, Canada, 2025; Table 1.0",b,a
SYN-1140,Brantford,Brantford CMA,Brantford area 09,1 Bedroom,Apartment,1225,1619,3.5,14.5,,43.085436,-80.390167,Synthetic candidate record,Derived from CMHC baseline,"CMHC Rental Market Survey, Canada, 2025; Table 1.0",c,a
SYN-1141,Ottawa,Ottawa-Gatineau CMA (Ont. part),Ottawa area 01,1 Bedroom,Townhouse,1595,1926,3,15.4,3.4,45.421009,-75.761877,Synthetic candidate record,Derived from CMHC baseline,"CMHC Rental Market Survey, Canada, 2025; Table 1.0",b,a
SYN-1142,Kingston,Kingston CMA,Kingston area 02,1 Bedroom,Apartment,1490,1764,2.4,17.3,2.4,44.260271,-76.52533,Synthetic candidate record,Derived from CMHC baseline,"CMHC Rental Market Survey, Canada, 2025; Table 1.0",a,a
SYN-1143,Oshawa,Oshawa CMA,Oshawa area 01,2 Bedroom,Apartment,1820,1754,3.7,4.8,,43.816782,-78.984773,Synthetic candidate record,Derived from CMHC baseline,"CMHC Rental Market Survey, Canada, 2025; Table 1.0",b,a
SYN-1144,Kitchener-Waterloo,Kitchener-Cambridge-Waterloo CMA,Kitchener-Waterloo area 11,1 Bedroom,Apartment,1250,1832,4.1,16.1,3.3,43.401605,-80.424945,Synthetic candidate record,Derived from CMHC baseline,"CMHC Rental Market Survey, Canada, 2025; Table 1.0",b,a
SYN-1145,St. Catharines,St. Catharines-Niagara CMA,St. Catharines area 01,1 Bedroom,Apartment,1410,1527,3.9,12.8,5.5,43.207364,-79.133834,Synthetic candidate record,Derived from CMHC baseline,"CMHC Rental Market Survey, Canada, 2025; Table 1.0",b,a
SYN-1146,Oshawa,Oshawa CMA,Oshawa area 07,1 Bedroom,Apartment,1435,1754,3.7,4.8,,43.953726,-78.892497,Synthetic candidate record,Derived from CMHC baseline,"CMHC Rental Market Survey, Canada, 2025; Table 1.0",b,a
SYN-1147,Barrie,Barrie CMA,Barrie area 04,1 Bedroom,Apartment,1490,1755,4.3,12.8,4.3,44.434067,-79.771499,Synthetic candidate record,Derived from CMHC baseline,"CMHC Rental Market Survey, Canada, 2025; Table 1.0",b,a
SYN-1148,Toronto,Toronto CMA,Toronto area 04,2 Bedroom,Townhouse,2120,2046,3,8.7,3.4,43.621332,-79.497673,Synthetic candidate record,Derived from CMHC baseline,"CMHC Rental Market Survey, Canada, 2025; Table 1.0",a,a
SYN-1149,Thunder Bay,Thunder Bay CMA,Thunder Bay area 10,2 Bedroom,Townhouse,1650,1495,4,3.4,6.8,48.392589,-89.285431,Synthetic candidate record,Derived from CMHC baseline,"CMHC Rental Market Survey, Canada, 2025; Table 1.0",b,a
SYN-1150,Hamilton,Hamilton CMA,Hamilton area 06,1 Bedroom,Apartment,1465,1656,3.6,13.1,1.6,43.25566,-79.827479,Synthetic candidate record,Derived from CMHC baseline,"CMHC Rental Market Survey, Canada, 2025; Table 1.0",a,a
SYN-1151,Ottawa,Ottawa-Gatineau CMA (Ont. part),Ottawa area 06,1 Bedroom,Townhouse,1655,1926,3,15.4,3.4,45.477229,-75.686485,Synthetic candidate record,Derived from CMHC baseline,"CMHC Rental Market Survey, Canada, 2025; Table 1.0",b,a
SYN-1152,Barrie,Barrie CMA,Barrie area 06,2 Bedroom,Apartment,1630,1755,4.3,12.8,4.3,44.473829,-79.787224,Synthetic candidate record,Derived from CMHC baseline,"CMHC Rental Market Survey, Canada, 2025; Table 1.0",b,a
SYN-1153,Greater Sudbury,Greater Sudbury/Grand Sudbury CMA,Greater Sudbury area 06,3 Bedroom,Apartment,1965,1558,1.2,6.6,,46.468987,-81.000327,Synthetic candidate record,Derived from CMHC baseline,"CMHC Rental Market Survey, Canada, 2025; Table 1.0",a,a
SYN-1154,Toronto,Toronto CMA,Toronto area 09,2 Bedroom,Apartment,2030,2046,3,8.7,3.4,43.571848,-79.492577,Synthetic candidate record,Derived from CMHC baseline,"CMHC Rental Market Survey, Canada, 2025; Table 1.0",a,a
SYN-1155,Kingston,Kingston CMA,Kingston area 04,Studio,Townhouse,1360,1764,2.4,17.3,2.4,44.313469,-76.51785,Synthetic candidate record,Derived from CMHC baseline,"CMHC Rental Market Survey, Canada, 2025; Table 1.0",a,a
SYN-1156,London,London CMA,London area 01,1 Bedroom,Apartment,1365,1651,4,15.1,4.1,42.975833,-81.28121,Synthetic candidate record,Derived from CMHC baseline,"CMHC Rental Market Survey, Canada, 2025; Table 1.0",a,a
SYN-1157,Kingston,Kingston CMA,Kingston area 12,1 Bedroom,Townhouse,1290,1764,2.4,17.3,2.4,44.157028,-76.508773,Synthetic candidate record,Derived from CMHC baseline,"CMHC Rental Market Survey, Canada, 2025; Table 1.0",a,a
SYN-1158,Brantford,Brantford CMA,Brantford area 07,1 Bedroom,Apartment,1520,1619,3.5,14.5,,43.065386,-80.34507,Synthetic candidate record,Derived from CMHC baseline,"CMHC Rental Market Survey, Canada, 2025; Table 1.0",c,a
SYN-1159,Windsor,Windsor CMA,Windsor area 01,1 Bedroom,Apartment,1100,1454,3.7,12.2,3.6,42.351867,-83.097136,Synthetic candidate record,Derived from CMHC baseline,"CMHC Rental Market Survey, Canada, 2025; Table 1.0",b,a
SYN-1160,Hamilton,Hamilton CMA,Hamilton area 06,1 Bedroom,Townhouse,1400,1656,3.6,13.1,1.6,43.27667,-79.940621,Synthetic candidate record,Derived from CMHC baseline,"CMHC Rental Market Survey, Canada, 2025; Table 1.0",a,a
SYN-1161,Windsor,Windsor CMA,Windsor area 12,1 Bedroom,Apartment,1185,1454,3.7,12.2,3.6,42.391099,-83.048218,Synthetic candidate record,Derived from CMHC baseline,"CMHC Rental Market Survey, Canada, 2025; Table 1.0",b,a
SYN-1162,Oshawa,Oshawa CMA,Oshawa area 10,1 Bedroom,Apartment,1350,1754,3.7,4.8,,43.880111,-78.954734,Synthetic candidate record,Derived from CMHC baseline,"CMHC Rental Market Survey, Canada, 2025; Table 1.0",b,a
SYN-1163,Thunder Bay,Thunder Bay CMA,Thunder Bay area 03,1 Bedroom,Apartment,1215,1495,4,3.4,6.8,48.420629,-89.385114,Synthetic candidate record,Derived from CMHC baseline,"CMHC Rental Market Survey, Canada, 2025; Table 1.0",b,a
SYN-1164,St. Catharines,St. Catharines-Niagara CMA,St. Catharines area 12,3 Bedroom,Apartment,1820,1527,3.9,12.8,5.5,43.192731,-79.365689,Synthetic candidate record,Derived from CMHC baseline,"CMHC Rental Market Survey, Canada, 2025; Table 1.0",b,a
SYN-1165,Kitchener-Waterloo,Kitchener-Cambridge-Waterloo CMA,Kitchener-Waterloo area 02,3 Bedroom,Townhouse,2665,1832,4.1,16.1,3.3,43.550663,-80.609165,Synthetic candidate record,Derived from CMHC baseline,"CMHC Rental Market Survey, Canada, 2025; Table 1.0",b,a
SYN-1166,Ottawa,Ottawa-Gatineau CMA (Ont. part),Ottawa area 08,1 Bedroom,Apartment,1570,1926,3,15.4,3.4,45.372053,-75.695472,Synthetic candidate record,Derived from CMHC baseline,"CMHC Rental Market Survey, Canada, 2025; Table 1.0",b,a
SYN-1167,Barrie,Barrie CMA,Barrie area 01,Studio,Townhouse,1170,1755,4.3,12.8,4.3,44.460555,-79.719218,Synthetic candidate record,Derived from CMHC baseline,"CMHC Rental Market Survey, Canada, 2025; Table 1.0",b,a
SYN-1168,St. Catharines,St. Catharines-Niagara CMA,St. Catharines area 08,Studio,Apartment,1125,1527,3.9,12.8,5.5,43.124822,-79.178719,Synthetic candidate record,Derived from CMHC baseline,"CMHC Rental Market Survey, Canada, 2025; Table 1.0",b,a
SYN-1169,Toronto,Toronto CMA,Toronto area 03,Studio,Apartment,1365,2046,3,8.7,3.4,43.647358,-79.44425,Synthetic candidate record,Derived from CMHC baseline,"CMHC Rental Market Survey, Canada, 2025; Table 1.0",a,a
SYN-1170,Kingston,Kingston CMA,Kingston area 12,2 Bedroom,Apartment,1625,1764,2.4,17.3,2.4,44.166647,-76.590908,Synthetic candidate record,Derived from CMHC baseline,"CMHC Rental Market Survey, Canada, 2025; Table 1.0",a,a
SYN-1171,Greater Sudbury,Greater Sudbury/Grand Sudbury CMA,Greater Sudbury area 01,1 Bedroom,Apartment,1255,1558,1.2,6.6,,46.463317,-81.075308,Synthetic candidate record,Derived from CMHC baseline,"CMHC Rental Market Survey, Canada, 2025; Table 1.0",a,a
SYN-1172,Kitchener-Waterloo,Kitchener-Cambridge-Waterloo CMA,Kitchener-Waterloo area 11,1 Bedroom,Apartment,1445,1832,4.1,16.1,3.3,43.5189,-80.406679,Synthetic candidate record,Derived from CMHC baseline,"CMHC Rental Market Survey, Canada, 2025; Table 1.0",b,a
SYN-1173,Guelph,Guelph CMA,Guelph area 04,1 Bedroom,Apartment,1335,1802,3.1,15.1,4.6,43.454533,-80.28203,Synthetic candidate record,Derived from CMHC baseline,"CMHC Rental Market Survey, Canada, 2025; Table 1.0",b,a
SYN-1174,London,London CMA,London area 01,1 Bedroom,Apartment,1400,1651,4,15.1,4.1,42.924897,-81.377614,Synthetic candidate record,Derived from CMHC baseline,"CMHC Rental Market Survey, Canada, 2025; Table 1.0",a,a
SYN-1175,Barrie,Barrie CMA,Barrie area 11,1 Bedroom,Apartment,1420,1755,4.3,12.8,4.3,44.481149,-79.803201,Synthetic candidate record,Derived from CMHC baseline,"CMHC Rental Market Survey, Canada, 2025; Table 1.0",b,a
SYN-1176,Kingston,Kingston CMA,Kingston area 06,2 Bedroom,Apartment,1720,1764,2.4,17.3,2.4,44.214336,-76.595504,Synthetic candidate record,Derived from CMHC baseline,"CMHC Rental Market Survey, Canada, 2025; Table 1.0",a,a
SYN-1177,Ottawa,Ottawa-Gatineau CMA (Ont. part),Ottawa area 04,2 Bedroom,Apartment,1685,1926,3,15.4,3.4,45.400513,-75.71775,Synthetic candidate record,Derived from CMHC baseline,"CMHC Rental Market Survey, Canada, 2025; Table 1.0",b,a
SYN-1178,Kitchener-Waterloo,Kitchener-Cambridge-Waterloo CMA,Kitchener-Waterloo area 06,Studio,Apartment,1090,1832,4.1,16.1,3.3,43.386324,-80.51946,Synthetic candidate record,Derived from CMHC baseline,"CMHC Rental Market Survey, Canada, 2025; Table 1.0",b,a
SYN-1179,Barrie,Barrie CMA,Barrie area 01,1 Bedroom,Townhouse,1585,1755,4.3,12.8,4.3,44.345092,-79.655621,Synthetic candidate record,Derived from CMHC baseline,"CMHC Rental Market Survey, Canada, 2025; Table 1.0",b,a
SYN-1180,Brantford,Brantford CMA,Brantford area 02,3 Bedroom,Townhouse,2385,1619,3.5,14.5,,43.099707,-80.237301,Synthetic candidate record,Derived from CMHC baseline,"CMHC Rental Market Survey, Canada, 2025; Table 1.0",c,a
SYN-1181,Kingston,Kingston CMA,Kingston area 12,1 Bedroom,Apartment,1200,1764,2.4,17.3,2.4,44.270463,-76.436344,Synthetic candidate record,Derived from CMHC baseline,"CMHC Rental Market Survey, Canada, 2025; Table 1.0",a,a
SYN-1182,Hamilton,Hamilton CMA,Hamilton area 02,1 Bedroom,Apartment,1190,1656,3.6,13.1,1.6,43.351304,-79.825413,Synthetic candidate record,Derived from CMHC baseline,"CMHC Rental Market Survey, Canada, 2025; Table 1.0",a,a
SYN-1183,Ottawa,Ottawa-Gatineau CMA (Ont. part),Ottawa area 01,Studio,Townhouse,1300,1926,3,15.4,3.4,45.367985,-75.672276,Synthetic candidate record,Derived from CMHC baseline,"CMHC Rental Market Survey, Canada, 2025; Table 1.0",b,a
SYN-1184,London,London CMA,London area 04,Studio,Apartment,1205,1651,4,15.1,4.1,42.94667,-81.180255,Synthetic candidate record,Derived from CMHC baseline,"CMHC Rental Market Survey, Canada, 2025; Table 1.0",a,a
SYN-1185,Brantford,Brantford CMA,Brantford area 04,Studio,Apartment,1045,1619,3.5,14.5,,43.11455,-80.225469,Synthetic candidate record,Derived from CMHC baseline,"CMHC Rental Market Survey, Canada, 2025; Table 1.0",c,a
SYN-1186,Toronto,Toronto CMA,Toronto area 01,2 Bedroom,Apartment,2045,2046,3,8.7,3.4,43.580053,-79.433636,Synthetic candidate record,Derived from CMHC baseline,"CMHC Rental Market Survey, Canada, 2025; Table 1.0",a,a
SYN-1187,Thunder Bay,Thunder Bay CMA,Thunder Bay area 04,2 Bedroom,Apartment,1495,1495,4,3.4,6.8,48.427475,-89.295058,Synthetic candidate record,Derived from CMHC baseline,"CMHC Rental Market Survey, Canada, 2025; Table 1.0",b,a
SYN-1188,Belleville,Belleville - Quinte West CMA,Belleville area 04,3 Bedroom,Apartment,1725,1484,3.4,16.9,,44.22309,-77.328478,Synthetic candidate record,Derived from CMHC baseline,"CMHC Rental Market Survey, Canada, 2025; Table 1.0",c,a
SYN-1189,Greater Sudbury,Greater Sudbury/Grand Sudbury CMA,Greater Sudbury area 04,2 Bedroom,Apartment,1545,1558,1.2,6.6,,46.565673,-81.117921,Synthetic candidate record,Derived from CMHC baseline,"CMHC Rental Market Survey, Canada, 2025; Table 1.0",a,a
SYN-1190,Belleville,Belleville - Quinte West CMA,Belleville area 03,2 Bedroom,Apartment,1490,1484,3.4,16.9,,44.250455,-77.487593,Synthetic candidate record,Derived from CMHC baseline,"CMHC Rental Market Survey, Canada, 2025; Table 1.0",c,a
SYN-1191,Kitchener-Waterloo,Kitchener-Cambridge-Waterloo CMA,Kitchener-Waterloo area 07,1 Bedroom,Apartment,1390,1832,4.1,16.1,3.3,43.384432,-80.575828,Synthetic candidate record,Derived from CMHC baseline,"CMHC Rental Market Survey, Canada, 2025; Table 1.0",b,a
SYN-1192,Kingston,Kingston CMA,Kingston area 11,2 Bedroom,Apartment,1830,1764,2.4,17.3,2.4,44.188271,-76.500439,Synthetic candidate record,Derived from CMHC baseline,"CMHC Rental Market Survey, Canada, 2025; Table 1.0",a,a
SYN-1193,Kitchener-Waterloo,Kitchener-Cambridge-Waterloo CMA,Kitchener-Waterloo area 08,1 Bedroom,Townhouse,1910,1832,4.1,16.1,3.3,43.431249,-80.58403,Synthetic candidate record,Derived from CMHC baseline,"CMHC Rental Market Survey, Canada, 2025; Table 1.0",b,a
SYN-1194,Thunder Bay,Thunder Bay CMA,Thunder Bay area 08,2 Bedroom,Townhouse,1770,1495,4,3.4,6.8,48.432965,-89.151459,Synthetic candidate record,Derived from CMHC baseline,"CMHC Rental Market Survey, Canada, 2025; Table 1.0",b,a
SYN-1195,Barrie,Barrie CMA,Barrie area 03,2 Bedroom,Townhouse,2040,1755,4.3,12.8,4.3,44.473706,-79.66366,Synthetic candidate record,Derived from CMHC baseline,"CMHC Rental Market Survey, Canada, 2025; Table 1.0",b,a
SYN-1196,Kingston,Kingston CMA,Kingston area 09,1 Bedroom,Townhouse,1405,1764,2.4,17.3,2.4,44.192369,-76.546507,Synthetic candidate record,Derived from CMHC baseline,"CMHC Rental Market Survey, Canada, 2025; Table 1.0",a,a
SYN-1197,Windsor,Windsor CMA,Windsor area 09,Studio,Apartment,980,1454,3.7,12.2,3.6,42.398126,-83.170504,Synthetic candidate record,Derived from CMHC baseline,"CMHC Rental Market Survey, Canada, 2025; Table 1.0",b,a
SYN-1198,Peterborough,Peterborough CMA,Peterborough area 06,1 Bedroom,Townhouse,1280,1518,3.1,8.4,,44.397157,-78.188201,Synthetic candidate record,Derived from CMHC baseline,"CMHC Rental Market Survey, Canada, 2025; Table 1.0",b,a
SYN-1199,Greater Sudbury,Greater Sudbury/Grand Sudbury CMA,Greater Sudbury area 10,1 Bedroom,Apartment,1255,1558,1.2,6.6,,46.576021,-81.026458,Synthetic candidate record,Derived from CMHC baseline,"CMHC Rental Market Survey, Canada, 2025; Table 1.0",a,a
SYN-1200,Kingston,Kingston CMA,Kingston area 12,1 Bedroom,Townhouse,1580,1764,2.4,17.3,2.4,44.322619,-76.410282,Synthetic candidate record,Derived from CMHC baseline,"CMHC Rental Market Survey, Canada, 2025; Table 1.0",a,a
SYN-1201,Peterborough,Peterborough CMA,Peterborough area 07,2 Bedroom,Townhouse,1560,1518,3.1,8.4,,44.220641,-78.351749,Synthetic candidate record,Derived from CMHC baseline,"CMHC Rental Market Survey, Canada, 2025; Table 1.0",b,a
SYN-1202,London,London CMA,London area 12,1 Bedroom,Apartment,1280,1651,4,15.1,4.1,43.069194,-81.283189,Synthetic candidate record,Derived from CMHC baseline,"CMHC Rental Market Survey, Canada, 2025; Table 1.0",a,a
SYN-1203,Barrie,Barrie CMA,Barrie area 10,2 Bedroom,Apartment,1745,1755,4.3,12.8,4.3,44.425613,-79.759069,Synthetic candidate record,Derived from CMHC baseline,"CMHC Rental Market Survey, Canada, 2025; Table 1.0",b,a
SYN-1204,Kingston,Kingston CMA,Kingston area 07,Studio,Apartment,1300,1764,2.4,17.3,2.4,44.260079,-76.369639,Synthetic candidate record,Derived from CMHC baseline,"CMHC Rental Market Survey, Canada, 2025; Table 1.0",a,a
SYN-1205,Brantford,Brantford CMA,Brantford area 09,2 Bedroom,Apartment,1670,1619,3.5,14.5,,43.124774,-80.21182,Synthetic candidate record,Derived from CMHC baseline,"CMHC Rental Market Survey, Canada, 2025; Table 1.0",c,a
SYN-1206,Greater Sudbury,Greater Sudbury/Grand Sudbury CMA,Greater Sudbury area 02,2 Bedroom,Townhouse,1630,1558,1.2,6.6,,46.542192,-80.869733,Synthetic candidate record,Derived from CMHC baseline,"CMHC Rental Market Survey, Canada, 2025; Table 1.0",a,a
SYN-1207,Guelph,Guelph CMA,Guelph area 12,2 Bedroom,Apartment,1845,1802,3.1,15.1,4.6,43.486705,-80.179691,Synthetic candidate record,Derived from CMHC baseline,"CMHC Rental Market Survey, Canada, 2025; Table 1.0",b,a
SYN-1208,Oshawa,Oshawa CMA,Oshawa area 02,Studio,Apartment,1130,1754,3.7,4.8,,43.960378,-79.004138,Synthetic candidate record,Derived from CMHC baseline,"CMHC Rental Market Survey, Canada, 2025; Table 1.0",b,a
SYN-1209,Thunder Bay,Thunder Bay CMA,Thunder Bay area 04,2 Bedroom,Apartment,1490,1495,4,3.4,6.8,48.35583,-89.186256,Synthetic candidate record,Derived from CMHC baseline,"CMHC Rental Market Survey, Canada, 2025; Table 1.0",b,a
SYN-1210,Windsor,Windsor CMA,Windsor area 03,1 Bedroom,Apartment,1140,1454,3.7,12.2,3.6,42.305032,-82.951373,Synthetic candidate record,Derived from CMHC baseline,"CMHC Rental Market Survey, Canada, 2025; Table 1.0",b,a
SYN-1211,Kitchener-Waterloo,Kitchener-Cambridge-Waterloo CMA,Kitchener-Waterloo area 08,Studio,Apartment,1270,1832,4.1,16.1,3.3,43.548189,-80.39012,Synthetic candidate record,Derived from CMHC baseline,"CMHC Rental Market Survey, Canada, 2025; Table 1.0",b,a
SYN-1212,Guelph,Guelph CMA,Guelph area 02,3 Bedroom,Apartment,2115,1802,3.1,15.1,4.6,43.460762,-80.362514,Synthetic candidate record,Derived from CMHC baseline,"CMHC Rental Market Survey, Canada, 2025; Table 1.0",b,a
SYN-1213,St. Catharines,St. Catharines-Niagara CMA,St. Catharines area 01,Studio,Apartment,960,1527,3.9,12.8,5.5,43.193961,-79.356349,Synthetic candidate record,Derived from CMHC baseline,"CMHC Rental Market Survey, Canada, 2025; Table 1.0",b,a
SYN-1214,St. Catharines,St. Catharines-Niagara CMA,St. Catharines area 01,2 Bedroom,Apartment,1460,1527,3.9,12.8,5.5,43.192464,-79.167606,Synthetic candidate record,Derived from CMHC baseline,"CMHC Rental Market Survey, Canada, 2025; Table 1.0",b,a
SYN-1215,Guelph,Guelph CMA,Guelph area 08,1 Bedroom,Apartment,1380,1802,3.1,15.1,4.6,43.637212,-80.312812,Synthetic candidate record,Derived from CMHC baseline,"CMHC Rental Market Survey, Canada, 2025; Table 1.0",b,a
SYN-1216,Windsor,Windsor CMA,Windsor area 06,2 Bedroom,Townhouse,1670,1454,3.7,12.2,3.6,42.28221,-82.987212,Synthetic candidate record,Derived from CMHC baseline,"CMHC Rental Market Survey, Canada, 2025; Table 1.0",b,a
SYN-1217,Ottawa,Ottawa-Gatineau CMA (Ont. part),Ottawa area 06,2 Bedroom,Apartment,1855,1926,3,15.4,3.4,45.332948,-75.738224,Synthetic candidate record,Derived from CMHC baseline,"CMHC Rental Market Survey, Canada, 2025; Table 1.0",b,a
SYN-1218,Guelph,Guelph CMA,Guelph area 03,Studio,Townhouse,1240,1802,3.1,15.1,4.6,43.589844,-80.141149,Synthetic candidate record,Derived from CMHC baseline,"CMHC Rental Market Survey, Canada, 2025; Table 1.0",b,a
SYN-1219,Barrie,Barrie CMA,Barrie area 11,2 Bedroom,Apartment,1965,1755,4.3,12.8,4.3,44.339108,-79.703757,Synthetic candidate record,Derived from CMHC baseline,"CMHC Rental Market Survey, Canada, 2025; Table 1.0",b,a
SYN-1220,Windsor,Windsor CMA,Windsor area 06,2 Bedroom,Apartment,1400,1454,3.7,12.2,3.6,42.215526,-82.999055,Synthetic candidate record,Derived from CMHC baseline,"CMHC Rental Market Survey, Canada, 2025; Table 1.0",b,a
SYN-1221,Barrie,Barrie CMA,Barrie area 08,2 Bedroom,Apartment,1965,1755,4.3,12.8,4.3,44.424986,-79.764871,Synthetic candidate record,Derived from CMHC baseline,"CMHC Rental Market Survey, Canada, 2025; Table 1.0",b,a
SYN-1222,Greater Sudbury,Greater Sudbury/Grand Sudbury CMA,Greater Sudbury area 08,2 Bedroom,Apartment,1520,1558,1.2,6.6,,46.461367,-80.865444,Synthetic candidate record,Derived from CMHC baseline,"CMHC Rental Market Survey, Canada, 2025; Table 1.0",a,a
SYN-1223,Guelph,Guelph CMA,Guelph area 12,2 Bedroom,Apartment,1635,1802,3.1,15.1,4.6,43.618772,-80.144388,Synthetic candidate record,Derived from CMHC baseline,"CMHC Rental Market Survey, Canada, 2025; Table 1.0",b,a
SYN-1224,Belleville,Belleville - Quinte West CMA,Belleville area 09,1 Bedroom,Apartment,1125,1484,3.4,16.9,,44.12307,-77.33495,Synthetic candidate record,Derived from CMHC baseline,"CMHC Rental Market Survey, Canada, 2025; Table 1.0",c,a
SYN-1225,Toronto,Toronto CMA,Toronto area 03,1 Bedroom,Townhouse,1960,2046,3,8.7,3.4,43.661334,-79.454142,Synthetic candidate record,Derived from CMHC baseline,"CMHC Rental Market Survey, Canada, 2025; Table 1.0",a,a
SYN-1226,Brantford,Brantford CMA,Brantford area 07,Studio,Apartment,1075,1619,3.5,14.5,,43.071447,-80.146825,Synthetic candidate record,Derived from CMHC baseline,"CMHC Rental Market Survey, Canada, 2025; Table 1.0",c,a
SYN-1227,St. Catharines,St. Catharines-Niagara CMA,St. Catharines area 09,1 Bedroom,Apartment,1135,1527,3.9,12.8,5.5,43.19352,-79.20153,Synthetic candidate record,Derived from CMHC baseline,"CMHC Rental Market Survey, Canada, 2025; Table 1.0",b,a
SYN-1228,Windsor,Windsor CMA,Windsor area 10,Studio,Apartment,830,1454,3.7,12.2,3.6,42.389288,-82.919617,Synthetic candidate record,Derived from CMHC baseline,"CMHC Rental Market Survey, Canada, 2025; Table 1.0",b,a
SYN-1229,Brantford,Brantford CMA,Brantford area 09,2 Bedroom,Townhouse,1930,1619,3.5,14.5,,43.184406,-80.222212,Synthetic candidate record,Derived from CMHC baseline,"CMHC Rental Market Survey, Canada, 2025; Table 1.0",c,a
SYN-1230,Thunder Bay,Thunder Bay CMA,Thunder Bay area 02,2 Bedroom,Apartment,1395,1495,4,3.4,6.8,48.332719,-89.310642,Synthetic candidate record,Derived from CMHC baseline,"CMHC Rental Market Survey, Canada, 2025; Table 1.0",b,a
SYN-1231,Brantford,Brantford CMA,Brantford area 07,1 Bedroom,Apartment,1325,1619,3.5,14.5,,43.112947,-80.167556,Synthetic candidate record,Derived from CMHC baseline,"CMHC Rental Market Survey, Canada, 2025; Table 1.0",c,a
SYN-1232,Barrie,Barrie CMA,Barrie area 06,1 Bedroom,Apartment,1385,1755,4.3,12.8,4.3,44.458824,-79.556002,Synthetic candidate record,Derived from CMHC baseline,"CMHC Rental Market Survey, Canada, 2025; Table 1.0",b,a
SYN-1233,Peterborough,Peterborough CMA,Peterborough area 09,2 Bedroom,Apartment,1365,1518,3.1,8.4,,44.253528,-78.348959,Synthetic candidate record,Derived from CMHC baseline,"CMHC Rental Market Survey, Canada, 2025; Table 1.0",b,a
SYN-1234,Toronto,Toronto CMA,Toronto area 08,1 Bedroom,Apartment,1655,2046,3,8.7,3.4,43.720643,-79.383246,Synthetic candidate record,Derived from CMHC baseline,"CMHC Rental Market Survey, Canada, 2025; Table 1.0",a,a
SYN-1235,Hamilton,Hamilton CMA,Hamilton area 06,2 Bedroom,Apartment,1650,1656,3.6,13.1,1.6,43.32125,-79.998974,Synthetic candidate record,Derived from CMHC baseline,"CMHC Rental Market Survey, Canada, 2025; Table 1.0",a,a
SYN-1236,Oshawa,Oshawa CMA,Oshawa area 10,2 Bedroom,Apartment,1500,1754,3.7,4.8,,43.851791,-78.769304,Synthetic candidate record,Derived from CMHC baseline,"CMHC Rental Market Survey, Canada, 2025; Table 1.0",b,a
SYN-1237,Windsor,Windsor CMA,Windsor area 06,2 Bedroom,Apartment,1285,1454,3.7,12.2,3.6,42.290242,-82.906266,Synthetic candidate record,Derived from CMHC baseline,"CMHC Rental Market Survey, Canada, 2025; Table 1.0",b,a
SYN-1238,Hamilton,Hamilton CMA,Hamilton area 04,2 Bedroom,Apartment,1660,1656,3.6,13.1,1.6,43.325314,-79.7518,Synthetic candidate record,Derived from CMHC baseline,"CMHC Rental Market Survey, Canada, 2025; Table 1.0",a,a
SYN-1239,Belleville,Belleville - Quinte West CMA,Belleville area 03,3 Bedroom,Apartment,1965,1484,3.4,16.9,,44.12262,-77.295375,Synthetic candidate record,Derived from CMHC baseline,"CMHC Rental Market Survey, Canada, 2025; Table 1.0",c,a
SYN-1240,Barrie,Barrie CMA,Barrie area 06,2 Bedroom,Apartment,1590,1755,4.3,12.8,4.3,44.373887,-79.697739,Synthetic candidate record,Derived from CMHC baseline,"CMHC Rental Market Survey, Canada, 2025; Table 1.0",b,a
SYN-1241,Greater Sudbury,Greater Sudbury/Grand Sudbury CMA,Greater Sudbury area 02,1 Bedroom,Apartment,1235,1558,1.2,6.6,,46.531922,-80.979053,Synthetic candidate record,Derived from CMHC baseline,"CMHC Rental Market Survey, Canada, 2025; Table 1.0",a,a
SYN-1242,Hamilton,Hamilton CMA,Hamilton area 08,1 Bedroom,Apartment,1585,1656,3.6,13.1,1.6,43.325662,-79.813545,Synthetic candidate record,Derived from CMHC baseline,"CMHC Rental Market Survey, Canada, 2025; Table 1.0",a,a
SYN-1243,Kingston,Kingston CMA,Kingston area 12,2 Bedroom,Townhouse,1865,1764,2.4,17.3,2.4,44.160165,-76.564674,Synthetic candidate record,Derived from CMHC baseline,"CMHC Rental Market Survey, Canada, 2025; Table 1.0",a,a
SYN-1244,Kitchener-Waterloo,Kitchener-Cambridge-Waterloo CMA,Kitchener-Waterloo area 02,2 Bedroom,Apartment,1725,1832,4.1,16.1,3.3,43.424045,-80.394383,Synthetic candidate record,Derived from CMHC baseline,"CMHC Rental Market Survey, Canada, 2025; Table 1.0",b,a
SYN-1245,Hamilton,Hamilton CMA,Hamilton area 08,1 Bedroom,Townhouse,1440,1656,3.6,13.1,1.6,43.166966,-79.910758,Synthetic candidate record,Derived from CMHC baseline,"CMHC Rental Market Survey, Canada, 2025; Table 1.0",a,a
SYN-1246,Kingston,Kingston CMA,Kingston area 10,3 Bedroom,Apartment,2080,1764,2.4,17.3,2.4,44.327255,-76.444104,Synthetic candidate record,Derived from CMHC baseline,"CMHC Rental Market Survey, Canada, 2025; Table 1.0",a,a
SYN-1247,Thunder Bay,Thunder Bay CMA,Thunder Bay area 10,3 Bedroom,Townhouse,1990,1495,4,3.4,6.8,48.360229,-89.307115,Synthetic candidate record,Derived from CMHC baseline,"CMHC Rental Market Survey, Canada, 2025; Table 1.0",b,a
SYN-1248,Kingston,Kingston CMA,Kingston area 11,2 Bedroom,Townhouse,1975,1764,2.4,17.3,2.4,44.28637,-76.348905,Synthetic candidate record,Derived from CMHC baseline,"CMHC Rental Market Survey, Canada, 2025; Table 1.0",a,a
SYN-1249,Brantford,Brantford CMA,Brantford area 02,2 Bedroom,Townhouse,1720,1619,3.5,14.5,,43.112865,-80.368553,Synthetic candidate record,Derived from CMHC baseline,"CMHC Rental Market Survey, Canada, 2025; Table 1.0",c,a
SYN-1250,Guelph,Guelph CMA,Guelph area 10,1 Bedroom,Apartment,1635,1802,3.1,15.1,4.6,43.449405,-80.228063,Synthetic candidate record,Derived from CMHC baseline,"CMHC Rental Market Survey, Canada, 2025; Table 1.0",b,a
SYN-1251,Windsor,Windsor CMA,Windsor area 07,1 Bedroom,Apartment,1210,1454,3.7,12.2,3.6,42.311738,-82.997291,Synthetic candidate record,Derived from CMHC baseline,"CMHC Rental Market Survey, Canada, 2025; Table 1.0",b,a
SYN-1252,Oshawa,Oshawa CMA,Oshawa area 09,2 Bedroom,Apartment,1675,1754,3.7,4.8,,43.862146,-78.806468,Synthetic candidate record,Derived from CMHC baseline,"CMHC Rental Market Survey, Canada, 2025; Table 1.0",b,a
SYN-1253,Kingston,Kingston CMA,Kingston area 02,1 Bedroom,Apartment,1290,1764,2.4,17.3,2.4,44.287895,-76.477602,Synthetic candidate record,Derived from CMHC baseline,"CMHC Rental Market Survey, Canada, 2025; Table 1.0",a,a
SYN-1254,Guelph,Guelph CMA,Guelph area 03,2 Bedroom,Apartment,1955,1802,3.1,15.1,4.6,43.637936,-80.138492,Synthetic candidate record,Derived from CMHC baseline,"CMHC Rental Market Survey, Canada, 2025; Table 1.0",b,a
SYN-1255,Kingston,Kingston CMA,Kingston area 03,Studio,Townhouse,1310,1764,2.4,17.3,2.4,44.156963,-76.567998,Synthetic candidate record,Derived from CMHC baseline,"CMHC Rental Market Survey, Canada, 2025; Table 1.0",a,a
SYN-1256,Brantford,Brantford CMA,Brantford area 05,2 Bedroom,Apartment,1560,1619,3.5,14.5,,43.056322,-80.367261,Synthetic candidate record,Derived from CMHC baseline,"CMHC Rental Market Survey, Canada, 2025; Table 1.0",c,a
SYN-1257,Peterborough,Peterborough CMA,Peterborough area 09,3 Bedroom,Apartment,1570,1518,3.1,8.4,,44.209117,-78.375431,Synthetic candidate record,Derived from CMHC baseline,"CMHC Rental Market Survey, Canada, 2025; Table 1.0",b,a
SYN-1258,Oshawa,Oshawa CMA,Oshawa area 06,2 Bedroom,Townhouse,2055,1754,3.7,4.8,,43.825071,-78.868453,Synthetic candidate record,Derived from CMHC baseline,"CMHC Rental Market Survey, Canada, 2025; Table 1.0",b,a
SYN-1259,Peterborough,Peterborough CMA,Peterborough area 03,2 Bedroom,Apartment,1455,1518,3.1,8.4,,44.218047,-78.44918,Synthetic candidate record,Derived from CMHC baseline,"CMHC Rental Market Survey, Canada, 2025; Table 1.0",b,a
SYN-1260,Oshawa,Oshawa CMA,Oshawa area 04,2 Bedroom,Apartment,1575,1754,3.7,4.8,,43.988585,-78.83745,Synthetic candidate record,Derived from CMHC baseline,"CMHC Rental Market Survey, Canada, 2025; Table 1.0",b,a
SYN-1261,Peterborough,Peterborough CMA,Peterborough area 07,1 Bedroom,Townhouse,1415,1518,3.1,8.4,,44.285456,-78.20688,Synthetic candidate record,Derived from CMHC baseline,"CMHC Rental Market Survey, Canada, 2025; Table 1.0",b,a
SYN-1262,Toronto,Toronto CMA,Toronto area 03,Studio,Apartment,1425,2046,3,8.7,3.4,43.688505,-79.261519,Synthetic candidate record,Derived from CMHC baseline,"CMHC Rental Market Survey, Canada, 2025; Table 1.0",a,a
SYN-1263,Kitchener-Waterloo,Kitchener-Cambridge-Waterloo CMA,Kitchener-Waterloo area 11,Studio,Apartment,1390,1832,4.1,16.1,3.3,43.390125,-80.527725,Synthetic candidate record,Derived from CMHC baseline,"CMHC Rental Market Survey, Canada, 2025; Table 1.0",b,a
SYN-1264,Kingston,Kingston CMA,Kingston area 07,1 Bedroom,Apartment,1440,1764,2.4,17.3,2.4,44.194472,-76.405673,Synthetic candidate record,Derived from CMHC baseline,"CMHC Rental Market Survey, Canada, 2025; Table 1.0",a,a
SYN-1265,Barrie,Barrie CMA,Barrie area 02,3 Bedroom,Apartment,2230,1755,4.3,12.8,4.3,44.311398,-79.676763,Synthetic candidate record,Derived from CMHC baseline,"CMHC Rental Market Survey, Canada, 2025; Table 1.0",b,a
SYN-1266,Ottawa,Ottawa-Gatineau CMA (Ont. part),Ottawa area 03,2 Bedroom,Apartment,1960,1926,3,15.4,3.4,45.503349,-75.617965,Synthetic candidate record,Derived from CMHC baseline,"CMHC Rental Market Survey, Canada, 2025; Table 1.0",b,a
SYN-1267,London,London CMA,London area 02,1 Bedroom,Apartment,1160,1651,4,15.1,4.1,42.960626,-81.353292,Synthetic candidate record,Derived from CMHC baseline,"CMHC Rental Market Survey, Canada, 2025; Table 1.0",a,a
SYN-1268,Kingston,Kingston CMA,Kingston area 02,2 Bedroom,Apartment,2005,1764,2.4,17.3,2.4,44.248965,-76.400366,Synthetic candidate record,Derived from CMHC baseline,"CMHC Rental Market Survey, Canada, 2025; Table 1.0",a,a
SYN-1269,Peterborough,Peterborough CMA,Peterborough area 07,2 Bedroom,Apartment,1370,1518,3.1,8.4,,44.388414,-78.411724,Synthetic candidate record,Derived from CMHC baseline,"CMHC Rental Market Survey, Canada, 2025; Table 1.0",b,a
SYN-1270,Kingston,Kingston CMA,Kingston area 01,1 Bedroom,Townhouse,1510,1764,2.4,17.3,2.4,44.226572,-76.589953,Synthetic candidate record,Derived from CMHC baseline,"CMHC Rental Market Survey, Canada, 2025; Table 1.0",a,a
SYN-1271,Hamilton,Hamilton CMA,Hamilton area 06,2 Bedroom,Apartment,1510,1656,3.6,13.1,1.6,43.166273,-79.809197,Synthetic candidate record,Derived from CMHC baseline,"CMHC Rental Market Survey, Canada, 2025; Table 1.0",a,a
SYN-1272,London,London CMA,London area 06,2 Bedroom,Townhouse,1935,1651,4,15.1,4.1,43.026257,-81.331939,Synthetic candidate record,Derived from CMHC baseline,"CMHC Rental Market Survey, Canada, 2025; Table 1.0",a,a
SYN-1273,Toronto,Toronto CMA,Toronto area 04,2 Bedroom,Apartment,2225,2046,3,8.7,3.4,43.696893,-79.266049,Synthetic candidate record,Derived from CMHC baseline,"CMHC Rental Market Survey, Canada, 2025; Table 1.0",a,a
SYN-1274,Oshawa,Oshawa CMA,Oshawa area 06,2 Bedroom,Apartment,1705,1754,3.7,4.8,,43.986591,-78.891747,Synthetic candidate record,Derived from CMHC baseline,"CMHC Rental Market Survey, Canada, 2025; Table 1.0",b,a
SYN-1275,Brantford,Brantford CMA,Brantford area 12,2 Bedroom,Apartment,1580,1619,3.5,14.5,,43.072423,-80.385708,Synthetic candidate record,Derived from CMHC baseline,"CMHC Rental Market Survey, Canada, 2025; Table 1.0",c,a
SYN-1276,Oshawa,Oshawa CMA,Oshawa area 07,2 Bedroom,Townhouse,1555,1754,3.7,4.8,,43.958769,-79.001608,Synthetic candidate record,Derived from CMHC baseline,"CMHC Rental Market Survey, Canada, 2025; Table 1.0",b,a
SYN-1277,Hamilton,Hamilton CMA,Hamilton area 12,1 Bedroom,Apartment,1240,1656,3.6,13.1,1.6,43.337877,-79.803568,Synthetic candidate record,Derived from CMHC baseline,"CMHC Rental Market Survey, Canada, 2025; Table 1.0",a,a
SYN-1278,Thunder Bay,Thunder Bay CMA,Thunder Bay area 09,2 Bedroom,Apartment,1580,1495,4,3.4,6.8,48.329745,-89.175736,Synthetic candidate record,Derived from CMHC baseline,"CMHC Rental Market Survey, Canada, 2025; Table 1.0",b,a
SYN-1279,Belleville,Belleville - Quinte West CMA,Belleville area 02,2 Bedroom,Apartment,1380,1484,3.4,16.9,,44.167503,-77.459851,Synthetic candidate record,Derived from CMHC baseline,"CMHC Rental Market Survey, Canada, 2025; Table 1.0",c,a
SYN-1280,Peterborough,Peterborough CMA,Peterborough area 07,2 Bedroom,Apartment,1310,1518,3.1,8.4,,44.399597,-78.341299,Synthetic candidate record,Derived from CMHC baseline,"CMHC Rental Market Survey, Canada, 2025; Table 1.0",b,a
SYN-1281,Kingston,Kingston CMA,Kingston area 02,1 Bedroom,Apartment,1360,1764,2.4,17.3,2.4,44.297545,-76.38809,Synthetic candidate record,Derived from CMHC baseline,"CMHC Rental Market Survey, Canada, 2025; Table 1.0",a,a
SYN-1282,Oshawa,Oshawa CMA,Oshawa area 11,1 Bedroom,Apartment,1575,1754,3.7,4.8,,43.85005,-79.003956,Synthetic candidate record,Derived from CMHC baseline,"CMHC Rental Market Survey, Canada, 2025; Table 1.0",b,a
SYN-1283,Greater Sudbury,Greater Sudbury/Grand Sudbury CMA,Greater Sudbury area 08,1 Bedroom,Apartment,1495,1558,1.2,6.6,,46.494806,-80.878711,Synthetic candidate record,Derived from CMHC baseline,"CMHC Rental Market Survey, Canada, 2025; Table 1.0",a,a
SYN-1284,Windsor,Windsor CMA,Windsor area 06,Studio,Apartment,910,1454,3.7,12.2,3.6,42.338006,-83.082771,Synthetic candidate record,Derived from CMHC baseline,"CMHC Rental Market Survey, Canada, 2025; Table 1.0",b,a
SYN-1285,Guelph,Guelph CMA,Guelph area 09,Studio,Apartment,1215,1802,3.1,15.1,4.6,43.530961,-80.331655,Synthetic candidate record,Derived from CMHC baseline,"CMHC Rental Market Survey, Canada, 2025; Table 1.0",b,a
SYN-1286,Hamilton,Hamilton CMA,Hamilton area 05,1 Bedroom,Townhouse,1475,1656,3.6,13.1,1.6,43.157082,-79.797107,Synthetic candidate record,Derived from CMHC baseline,"CMHC Rental Market Survey, Canada, 2025; Table 1.0",a,a
SYN-1287,London,London CMA,London area 02,1 Bedroom,Apartment,1320,1651,4,15.1,4.1,42.921336,-81.160124,Synthetic candidate record,Derived from CMHC baseline,"CMHC Rental Market Survey, Canada, 2025; Table 1.0",a,a
SYN-1288,Toronto,Toronto CMA,Toronto area 07,2 Bedroom,Townhouse,2375,2046,3,8.7,3.4,43.585567,-79.42363,Synthetic candidate record,Derived from CMHC baseline,"CMHC Rental Market Survey, Canada, 2025; Table 1.0",a,a
SYN-1289,Barrie,Barrie CMA,Barrie area 06,1 Bedroom,Apartment,1505,1755,4.3,12.8,4.3,44.316136,-79.712395,Synthetic candidate record,Derived from CMHC baseline,"CMHC Rental Market Survey, Canada, 2025; Table 1.0",b,a
SYN-1290,Belleville,Belleville - Quinte West CMA,Belleville area 05,1 Bedroom,Apartment,1265,1484,3.4,16.9,,44.252475,-77.255036,Synthetic candidate record,Derived from CMHC baseline,"CMHC Rental Market Survey, Canada, 2025; Table 1.0",c,a
SYN-1291,Guelph,Guelph CMA,Guelph area 07,1 Bedroom,Townhouse,1655,1802,3.1,15.1,4.6,43.509778,-80.175248,Synthetic candidate record,Derived from CMHC baseline,"CMHC Rental Market Survey, Canada, 2025; Table 1.0",b,a
SYN-1292,Greater Sudbury,Greater Sudbury/Grand Sudbury CMA,Greater Sudbury area 06,1 Bedroom,Apartment,1135,1558,1.2,6.6,,46.550243,-81.101612,Synthetic candidate record,Derived from CMHC baseline,"CMHC Rental Market Survey, Canada, 2025; Table 1.0",a,a
SYN-1293,Barrie,Barrie CMA,Barrie area 01,2 Bedroom,Apartment,1990,1755,4.3,12.8,4.3,44.375333,-79.663128,Synthetic candidate record,Derived from CMHC baseline,"CMHC Rental Market Survey, Canada, 2025; Table 1.0",b,a
SYN-1294,Thunder Bay,Thunder Bay CMA,Thunder Bay area 04,1 Bedroom,Apartment,1280,1495,4,3.4,6.8,48.378086,-89.169136,Synthetic candidate record,Derived from CMHC baseline,"CMHC Rental Market Survey, Canada, 2025; Table 1.0",b,a
SYN-1295,Hamilton,Hamilton CMA,Hamilton area 04,2 Bedroom,Apartment,1655,1656,3.6,13.1,1.6,43.328533,-79.735372,Synthetic candidate record,Derived from CMHC baseline,"CMHC Rental Market Survey, Canada, 2025; Table 1.0",a,a
SYN-1296,Thunder Bay,Thunder Bay CMA,Thunder Bay area 03,1 Bedroom,Apartment,1385,1495,4,3.4,6.8,48.421129,-89.246997,Synthetic candidate record,Derived from CMHC baseline,"CMHC Rental Market Survey, Canada, 2025; Table 1.0",b,a
SYN-1297,Kitchener-Waterloo,Kitchener-Cambridge-Waterloo CMA,Kitchener-Waterloo area 03,3 Bedroom,Apartment,2265,1832,4.1,16.1,3.3,43.359273,-80.357396,Synthetic candidate record,Derived from CMHC baseline,"CMHC Rental Market Survey, Canada, 2025; Table 1.0",b,a
SYN-1298,Thunder Bay,Thunder Bay CMA,Thunder Bay area 07,Studio,Apartment,1055,1495,4,3.4,6.8,48.299087,-89.382919,Synthetic candidate record,Derived from CMHC baseline,"CMHC Rental Market Survey, Canada, 2025; Table 1.0",b,a
SYN-1299,Oshawa,Oshawa CMA,Oshawa area 01,2 Bedroom,Apartment,1780,1754,3.7,4.8,,43.80937,-78.886041,Synthetic candidate record,Derived from CMHC baseline,"CMHC Rental Market Survey, Canada, 2025; Table 1.0",b,a
SYN-1300,Oshawa,Oshawa CMA,Oshawa area 07,Studio,Apartment,1285,1754,3.7,4.8,,43.853211,-78.907148,Synthetic candidate record,Derived from CMHC baseline,"CMHC Rental Market Survey, Canada, 2025; Table 1.0",b,a
SYN-1301,London,London CMA,London area 05,1 Bedroom,Apartment,1355,1651,4,15.1,4.1,43.016986,-81.294063,Synthetic candidate record,Derived from CMHC baseline,"CMHC Rental Market Survey, Canada, 2025; Table 1.0",a,a
SYN-1302,Windsor,Windsor CMA,Windsor area 08,1 Bedroom,Apartment,1195,1454,3.7,12.2,3.6,42.301082,-83.103405,Synthetic candidate record,Derived from CMHC baseline,"CMHC Rental Market Survey, Canada, 2025; Table 1.0",b,a
SYN-1303,Peterborough,Peterborough CMA,Peterborough area 06,1 Bedroom,Apartment,1255,1518,3.1,8.4,,44.319454,-78.218531,Synthetic candidate record,Derived from CMHC baseline,"CMHC Rental Market Survey, Canada, 2025; Table 1.0",b,a
SYN-1304,Peterborough,Peterborough CMA,Peterborough area 10,2 Bedroom,Apartment,1530,1518,3.1,8.4,,44.357686,-78.29485,Synthetic candidate record,Derived from CMHC baseline,"CMHC Rental Market Survey, Canada, 2025; Table 1.0",b,a
SYN-1305,Peterborough,Peterborough CMA,Peterborough area 12,1 Bedroom,Apartment,1270,1518,3.1,8.4,,44.386539,-78.422977,Synthetic candidate record,Derived from CMHC baseline,"CMHC Rental Market Survey, Canada, 2025; Table 1.0",b,a
SYN-1306,Guelph,Guelph CMA,Guelph area 02,Studio,Apartment,1315,1802,3.1,15.1,4.6,43.483386,-80.263163,Synthetic candidate record,Derived from CMHC baseline,"CMHC Rental Market Survey, Canada, 2025; Table 1.0",b,a
SYN-1307,Brantford,Brantford CMA,Brantford area 03,3 Bedroom,Apartment,1940,1619,3.5,14.5,,43.191598,-80.255202,Synthetic candidate record,Derived from CMHC baseline,"CMHC Rental Market Survey, Canada, 2025; Table 1.0",c,a
SYN-1308,Belleville,Belleville - Quinte West CMA,Belleville area 09,1 Bedroom,Townhouse,1420,1484,3.4,16.9,,44.172899,-77.452196,Synthetic candidate record,Derived from CMHC baseline,"CMHC Rental Market Survey, Canada, 2025; Table 1.0",c,a
SYN-1309,Peterborough,Peterborough CMA,Peterborough area 09,3 Bedroom,Townhouse,1965,1518,3.1,8.4,,44.296325,-78.324502,Synthetic candidate record,Derived from CMHC baseline,"CMHC Rental Market Survey, Canada, 2025; Table 1.0",b,a
SYN-1310,Barrie,Barrie CMA,Barrie area 01,1 Bedroom,Apartment,1400,1755,4.3,12.8,4.3,44.428741,-79.794152,Synthetic candidate record,Derived from CMHC baseline,"CMHC Rental Market Survey, Canada, 2025; Table 1.0",b,a
SYN-1311,Belleville,Belleville - Quinte West CMA,Belleville area 02,2 Bedroom,Apartment,1475,1484,3.4,16.9,,44.199739,-77.279973,Synthetic candidate record,Derived from CMHC baseline,"CMHC Rental Market Survey, Canada, 2025; Table 1.0",c,a
SYN-1312,Kingston,Kingston CMA,Kingston area 10,1 Bedroom,Townhouse,1445,1764,2.4,17.3,2.4,44.2437,-76.516635,Synthetic candidate record,Derived from CMHC baseline,"CMHC Rental Market Survey, Canada, 2025; Table 1.0",a,a
SYN-1313,St. Catharines,St. Catharines-Niagara CMA,St. Catharines area 09,1 Bedroom,Apartment,1285,1527,3.9,12.8,5.5,43.198744,-79.142944,Synthetic candidate record,Derived from CMHC baseline,"CMHC Rental Market Survey, Canada, 2025; Table 1.0",b,a
SYN-1314,Toronto,Toronto CMA,Toronto area 12,2 Bedroom,Apartment,2135,2046,3,8.7,3.4,43.613882,-79.460505,Synthetic candidate record,Derived from CMHC baseline,"CMHC Rental Market Survey, Canada, 2025; Table 1.0",a,a
SYN-1315,St. Catharines,St. Catharines-Niagara CMA,St. Catharines area 05,2 Bedroom,Apartment,1550,1527,3.9,12.8,5.5,43.117769,-79.208621,Synthetic candidate record,Derived from CMHC baseline,"CMHC Rental Market Survey, Canada, 2025; Table 1.0",b,a
SYN-1316,Hamilton,Hamilton CMA,Hamilton area 04,1 Bedroom,Apartment,1480,1656,3.6,13.1,1.6,43.284183,-79.940025,Synthetic candidate record,Derived from CMHC baseline,"CMHC Rental Market Survey, Canada, 2025; Table 1.0",a,a
SYN-1317,Guelph,Guelph CMA,Guelph area 09,Studio,Apartment,1060,1802,3.1,15.1,4.6,43.509712,-80.12502,Synthetic candidate record,Derived from CMHC baseline,"CMHC Rental Market Survey, Canada, 2025; Table 1.0",b,a
SYN-1318,St. Catharines,St. Catharines-Niagara CMA,St. Catharines area 01,2 Bedroom,Townhouse,1405,1527,3.9,12.8,5.5,43.239067,-79.303135,Synthetic candidate record,Derived from CMHC baseline,"CMHC Rental Market Survey, Canada, 2025; Table 1.0",b,a
SYN-1319,Barrie,Barrie CMA,Barrie area 11,2 Bedroom,Apartment,1740,1755,4.3,12.8,4.3,44.340597,-79.825861,Synthetic candidate record,Derived from CMHC baseline,"CMHC Rental Market Survey, Canada, 2025; Table 1.0",b,a
SYN-1320,Guelph,Guelph CMA,Guelph area 11,2 Bedroom,Townhouse,1830,1802,3.1,15.1,4.6,43.633931,-80.315154,Synthetic candidate record,Derived from CMHC baseline,"CMHC Rental Market Survey, Canada, 2025; Table 1.0",b,a
SYN-1321,Kitchener-Waterloo,Kitchener-Cambridge-Waterloo CMA,Kitchener-Waterloo area 07,2 Bedroom,Apartment,1790,1832,4.1,16.1,3.3,43.47756,-80.39381,Synthetic candidate record,Derived from CMHC baseline,"CMHC Rental Market Survey, Canada, 2025; Table 1.0",b,a
SYN-1322,Hamilton,Hamilton CMA,Hamilton area 02,1 Bedroom,Townhouse,1535,1656,3.6,13.1,1.6,43.229428,-79.76066,Synthetic candidate record,Derived from CMHC baseline,"CMHC Rental Market Survey, Canada, 2025; Table 1.0",a,a
SYN-1323,Windsor,Windsor CMA,Windsor area 03,1 Bedroom,Apartment,1215,1454,3.7,12.2,3.6,42.328832,-82.916486,Synthetic candidate record,Derived from CMHC baseline,"CMHC Rental Market Survey, Canada, 2025; Table 1.0",b,a
SYN-1324,Oshawa,Oshawa CMA,Oshawa area 11,Studio,Apartment,1140,1754,3.7,4.8,,43.974151,-78.777678,Synthetic candidate record,Derived from CMHC baseline,"CMHC Rental Market Survey, Canada, 2025; Table 1.0",b,a
SYN-1325,Kitchener-Waterloo,Kitchener-Cambridge-Waterloo CMA,Kitchener-Waterloo area 12,Studio,Apartment,1155,1832,4.1,16.1,3.3,43.480624,-80.51936,Synthetic candidate record,Derived from CMHC baseline,"CMHC Rental Market Survey, Canada, 2025; Table 1.0",b,a
SYN-1326,Hamilton,Hamilton CMA,Hamilton area 01,2 Bedroom,Apartment,1715,1656,3.6,13.1,1.6,43.276359,-79.904637,Synthetic candidate record,Derived from CMHC baseline,"CMHC Rental Market Survey, Canada, 2025; Table 1.0",a,a
SYN-1327,Guelph,Guelph CMA,Guelph area 10,2 Bedroom,Apartment,1960,1802,3.1,15.1,4.6,43.498331,-80.12718,Synthetic candidate record,Derived from CMHC baseline,"CMHC Rental Market Survey, Canada, 2025; Table 1.0",b,a
SYN-1328,Barrie,Barrie CMA,Barrie area 12,2 Bedroom,Apartment,1920,1755,4.3,12.8,4.3,44.480924,-79.800476,Synthetic candidate record,Derived from CMHC baseline,"CMHC Rental Market Survey, Canada, 2025; Table 1.0",b,a
SYN-1329,Ottawa,Ottawa-Gatineau CMA (Ont. part),Ottawa area 03,2 Bedroom,Apartment,1975,1926,3,15.4,3.4,45.43407,-75.713064,Synthetic candidate record,Derived from CMHC baseline,"CMHC Rental Market Survey, Canada, 2025; Table 1.0",b,a
SYN-1330,Oshawa,Oshawa CMA,Oshawa area 05,1 Bedroom,Apartment,1555,1754,3.7,4.8,,43.845862,-78.853719,Synthetic candidate record,Derived from CMHC baseline,"CMHC Rental Market Survey, Canada, 2025; Table 1.0",b,a
SYN-1331,Guelph,Guelph CMA,Guelph area 03,Studio,Apartment,1285,1802,3.1,15.1,4.6,43.547108,-80.155356,Synthetic candidate record,Derived from CMHC baseline,"CMHC Rental Market Survey, Canada, 2025; Table 1.0",b,a
SYN-1332,Barrie,Barrie CMA,Barrie area 06,3 Bedroom,Apartment,2240,1755,4.3,12.8,4.3,44.334735,-79.722379,Synthetic candidate record,Derived from CMHC baseline,"CMHC Rental Market Survey, Canada, 2025; Table 1.0",b,a
SYN-1333,Oshawa,Oshawa CMA,Oshawa area 02,1 Bedroom,Townhouse,1480,1754,3.7,4.8,,43.977423,-78.86807,Synthetic candidate record,Derived from CMHC baseline,"CMHC Rental Market Survey, Canada, 2025; Table 1.0",b,a
SYN-1334,London,London CMA,London area 02,Studio,Apartment,1000,1651,4,15.1,4.1,42.956362,-81.213669,Synthetic candidate record,Derived from CMHC baseline,"CMHC Rental Market Survey, Canada, 2025; Table 1.0",a,a
SYN-1335,Peterborough,Peterborough CMA,Peterborough area 10,3 Bedroom,Apartment,2020,1518,3.1,8.4,,44.244714,-78.311181,Synthetic candidate record,Derived from CMHC baseline,"CMHC Rental Market Survey, Canada, 2025; Table 1.0",b,a
SYN-1336,Kingston,Kingston CMA,Kingston area 10,2 Bedroom,Apartment,1655,1764,2.4,17.3,2.4,44.309824,-76.433759,Synthetic candidate record,Derived from CMHC baseline,"CMHC Rental Market Survey, Canada, 2025; Table 1.0",a,a
SYN-1337,Oshawa,Oshawa CMA,Oshawa area 12,1 Bedroom,Apartment,1420,1754,3.7,4.8,,43.870922,-78.930913,Synthetic candidate record,Derived from CMHC baseline,"CMHC Rental Market Survey, Canada, 2025; Table 1.0",b,a
SYN-1338,Brantford,Brantford CMA,Brantford area 03,2 Bedroom,Apartment,1760,1619,3.5,14.5,,43.194957,-80.361266,Synthetic candidate record,Derived from CMHC baseline,"CMHC Rental Market Survey, Canada, 2025; Table 1.0",c,a
SYN-1339,Greater Sudbury,Greater Sudbury/Grand Sudbury CMA,Greater Sudbury area 03,1 Bedroom,Townhouse,1400,1558,1.2,6.6,,46.477191,-80.927141,Synthetic candidate record,Derived from CMHC baseline,"CMHC Rental Market Survey, Canada, 2025; Table 1.0",a,a
SYN-1340,Brantford,Brantford CMA,Brantford area 06,1 Bedroom,Apartment,1285,1619,3.5,14.5,,43.075774,-80.295915,Synthetic candidate record,Derived from CMHC baseline,"CMHC Rental Market Survey, Canada, 2025; Table 1.0",c,a
SYN-1341,Windsor,Windsor CMA,Windsor area 04,1 Bedroom,Townhouse,1175,1454,3.7,12.2,3.6,42.242544,-82.916304,Synthetic candidate record,Derived from CMHC baseline,"CMHC Rental Market Survey, Canada, 2025; Table 1.0",b,a
SYN-1342,Greater Sudbury,Greater Sudbury/Grand Sudbury CMA,Greater Sudbury area 09,1 Bedroom,Townhouse,1290,1558,1.2,6.6,,46.499449,-80.995149,Synthetic candidate record,Derived from CMHC baseline,"CMHC Rental Market Survey, Canada, 2025; Table 1.0",a,a
SYN-1343,London,London CMA,London area 02,1 Bedroom,Townhouse,1275,1651,4,15.1,4.1,43.047158,-81.322034,Synthetic candidate record,Derived from CMHC baseline,"CMHC Rental Market Survey, Canada, 2025; Table 1.0",a,a
SYN-1344,London,London CMA,London area 09,1 Bedroom,Apartment,1325,1651,4,15.1,4.1,43.083681,-81.377309,Synthetic candidate record,Derived from CMHC baseline,"CMHC Rental Market Survey, Canada, 2025; Table 1.0",a,a
SYN-1345,Windsor,Windsor CMA,Windsor area 03,3 Bedroom,Apartment,1905,1454,3.7,12.2,3.6,42.38465,-82.937199,Synthetic candidate record,Derived from CMHC baseline,"CMHC Rental Market Survey, Canada, 2025; Table 1.0",b,a
SYN-1346,Oshawa,Oshawa CMA,Oshawa area 01,1 Bedroom,Townhouse,1595,1754,3.7,4.8,,43.845599,-78.774812,Synthetic candidate record,Derived from CMHC baseline,"CMHC Rental Market Survey, Canada, 2025; Table 1.0",b,a
SYN-1347,Hamilton,Hamilton CMA,Hamilton area 12,Studio,Apartment,1110,1656,3.6,13.1,1.6,43.348683,-79.906337,Synthetic candidate record,Derived from CMHC baseline,"CMHC Rental Market Survey, Canada, 2025; Table 1.0",a,a
SYN-1348,Guelph,Guelph CMA,Guelph area 03,2 Bedroom,Apartment,1825,1802,3.1,15.1,4.6,43.540165,-80.222284,Synthetic candidate record,Derived from CMHC baseline,"CMHC Rental Market Survey, Canada, 2025; Table 1.0",b,a
SYN-1349,Barrie,Barrie CMA,Barrie area 03,1 Bedroom,Apartment,1475,1755,4.3,12.8,4.3,44.403237,-79.6025,Synthetic candidate record,Derived from CMHC baseline,"CMHC Rental Market Survey, Canada, 2025; Table 1.0",b,a
SYN-1350,Kingston,Kingston CMA,Kingston area 05,1 Bedroom,Apartment,1465,1764,2.4,17.3,2.4,44.280821,-76.430576,Synthetic candidate record,Derived from CMHC baseline,"CMHC Rental Market Survey, Canada, 2025; Table 1.0",a,a
SYN-1351,Windsor,Windsor CMA,Windsor area 01,1 Bedroom,Apartment,1070,1454,3.7,12.2,3.6,42.217542,-83.14154,Synthetic candidate record,Derived from CMHC baseline,"CMHC Rental Market Survey, Canada, 2025; Table 1.0",b,a
SYN-1352,Belleville,Belleville - Quinte West CMA,Belleville area 07,2 Bedroom,Apartment,1540,1484,3.4,16.9,,44.163459,-77.51957,Synthetic candidate record,Derived from CMHC baseline,"CMHC Rental Market Survey, Canada, 2025; Table 1.0",c,a
SYN-1353,Toronto,Toronto CMA,Toronto area 03,2 Bedroom,Apartment,2205,2046,3,8.7,3.4,43.695071,-79.404299,Synthetic candidate record,Derived from CMHC baseline,"CMHC Rental Market Survey, Canada, 2025; Table 1.0",a,a
SYN-1354,St. Catharines,St. Catharines-Niagara CMA,St. Catharines area 04,3 Bedroom,Townhouse,1940,1527,3.9,12.8,5.5,43.254985,-79.34968,Synthetic candidate record,Derived from CMHC baseline,"CMHC Rental Market Survey, Canada, 2025; Table 1.0",b,a
SYN-1355,Greater Sudbury,Greater Sudbury/Grand Sudbury CMA,Greater Sudbury area 02,2 Bedroom,Apartment,1390,1558,1.2,6.6,,46.586897,-80.962473,Synthetic candidate record,Derived from CMHC baseline,"CMHC Rental Market Survey, Canada, 2025; Table 1.0",a,a
SYN-1356,Toronto,Toronto CMA,Toronto area 06,1 Bedroom,Townhouse,1970,2046,3,8.7,3.4,43.718651,-79.47585,Synthetic candidate record,Derived from CMHC baseline,"CMHC Rental Market Survey, Canada, 2025; Table 1.0",a,a
SYN-1357,Thunder Bay,Thunder Bay CMA,Thunder Bay area 04,1 Bedroom,Apartment,1295,1495,4,3.4,6.8,48.436659,-89.297244,Synthetic candidate record,Derived from CMHC baseline,"CMHC Rental Market Survey, Canada, 2025; Table 1.0",b,a
SYN-1358,Oshawa,Oshawa CMA,Oshawa area 05,1 Bedroom,Apartment,1500,1754,3.7,4.8,,43.810164,-78.838847,Synthetic candidate record,Derived from CMHC baseline,"CMHC Rental Market Survey, Canada, 2025; Table 1.0",b,a
SYN-1359,Kitchener-Waterloo,Kitchener-Cambridge-Waterloo CMA,Kitchener-Waterloo area 08,2 Bedroom,Apartment,1835,1832,4.1,16.1,3.3,43.465625,-80.617887,Synthetic candidate record,Derived from CMHC baseline,"CMHC Rental Market Survey, Canada, 2025; Table 1.0",b,a
SYN-1360,Belleville,Belleville - Quinte West CMA,Belleville area 06,Studio,Apartment,1040,1484,3.4,16.9,,44.251502,-77.520236,Synthetic candidate record,Derived from CMHC baseline,"CMHC Rental Market Survey, Canada, 2025; Table 1.0",c,a
SYN-1361,Oshawa,Oshawa CMA,Oshawa area 11,3 Bedroom,Apartment,2095,1754,3.7,4.8,,43.868267,-78.968628,Synthetic candidate record,Derived from CMHC baseline,"CMHC Rental Market Survey, Canada, 2025; Table 1.0",b,a
SYN-1362,Guelph,Guelph CMA,Guelph area 01,1 Bedroom,Apartment,1580,1802,3.1,15.1,4.6,43.545235,-80.172304,Synthetic candidate record,Derived from CMHC baseline,"CMHC Rental Market Survey, Canada, 2025; Table 1.0",b,a
SYN-1363,Greater Sudbury,Greater Sudbury/Grand Sudbury CMA,Greater Sudbury area 02,1 Bedroom,Apartment,1265,1558,1.2,6.6,,46.484321,-80.881097,Synthetic candidate record,Derived from CMHC baseline,"CMHC Rental Market Survey, Canada, 2025; Table 1.0",a,a
SYN-1364,London,London CMA,London area 09,3 Bedroom,Apartment,2115,1651,4,15.1,4.1,43.038665,-81.337969,Synthetic candidate record,Derived from CMHC baseline,"CMHC Rental Market Survey, Canada, 2025; Table 1.0",a,a
SYN-1365,Ottawa,Ottawa-Gatineau CMA (Ont. part),Ottawa area 12,1 Bedroom,Apartment,1520,1926,3,15.4,3.4,45.492691,-75.716889,Synthetic candidate record,Derived from CMHC baseline,"CMHC Rental Market Survey, Canada, 2025; Table 1.0",b,a
SYN-1366,Greater Sudbury,Greater Sudbury/Grand Sudbury CMA,Greater Sudbury area 08,1 Bedroom,Apartment,1355,1558,1.2,6.6,,46.583303,-80.973565,Synthetic candidate record,Derived from CMHC baseline,"CMHC Rental Market Survey, Canada, 2025; Table 1.0",a,a
SYN-1367,Guelph,Guelph CMA,Guelph area 02,2 Bedroom,Apartment,1815,1802,3.1,15.1,4.6,43.618307,-80.166145,Synthetic candidate record,Derived from CMHC baseline,"CMHC Rental Market Survey, Canada, 2025; Table 1.0",b,a
SYN-1368,Windsor,Windsor CMA,Windsor area 02,Studio,Apartment,925,1454,3.7,12.2,3.6,42.248844,-83.091682,Synthetic candidate record,Derived from CMHC baseline,"CMHC Rental Market Survey, Canada, 2025; Table 1.0",b,a
SYN-1369,St. Catharines,St. Catharines-Niagara CMA,St. Catharines area 08,2 Bedroom,Apartment,1590,1527,3.9,12.8,5.5,43.213788,-79.313266,Synthetic candidate record,Derived from CMHC baseline,"CMHC Rental Market Survey, Canada, 2025; Table 1.0",b,a
SYN-1370,St. Catharines,St. Catharines-Niagara CMA,St. Catharines area 02,2 Bedroom,Townhouse,1690,1527,3.9,12.8,5.5,43.189458,-79.345481,Synthetic candidate record,Derived from CMHC baseline,"CMHC Rental Market Survey, Canada, 2025; Table 1.0",b,a
SYN-1371,Windsor,Windsor CMA,Windsor area 06,Studio,Apartment,870,1454,3.7,12.2,3.6,42.398328,-83.136748,Synthetic candidate record,Derived from CMHC baseline,"CMHC Rental Market Survey, Canada, 2025; Table 1.0",b,a
SYN-1372,Ottawa,Ottawa-Gatineau CMA (Ont. part),Ottawa area 11,1 Bedroom,Townhouse,1855,1926,3,15.4,3.4,45.422688,-75.764782,Synthetic candidate record,Derived from CMHC baseline,"CMHC Rental Market Survey, Canada, 2025; Table 1.0",b,a
SYN-1373,Belleville,Belleville - Quinte West CMA,Belleville area 02,2 Bedroom,Apartment,1480,1484,3.4,16.9,,44.227047,-77.520385,Synthetic candidate record,Derived from CMHC baseline,"CMHC Rental Market Survey, Canada, 2025; Table 1.0",c,a
SYN-1374,Oshawa,Oshawa CMA,Oshawa area 08,1 Bedroom,Townhouse,1465,1754,3.7,4.8,,43.967866,-78.942668,Synthetic candidate record,Derived from CMHC baseline,"CMHC Rental Market Survey, Canada, 2025; Table 1.0",b,a
SYN-1375,Brantford,Brantford CMA,Brantford area 12,1 Bedroom,Townhouse,1290,1619,3.5,14.5,,43.132371,-80.377921,Synthetic candidate record,Derived from CMHC baseline,"CMHC Rental Market Survey, Canada, 2025; Table 1.0",c,a
SYN-1376,Guelph,Guelph CMA,Guelph area 06,3 Bedroom,Townhouse,2095,1802,3.1,15.1,4.6,43.598443,-80.331123,Synthetic candidate record,Derived from CMHC baseline,"CMHC Rental Market Survey, Canada, 2025; Table 1.0",b,a
SYN-1377,Brantford,Brantford CMA,Brantford area 09,1 Bedroom,Townhouse,1475,1619,3.5,14.5,,43.062265,-80.276849,Synthetic candidate record,Derived from CMHC baseline,"CMHC Rental Market Survey, Canada, 2025; Table 1.0",c,a
SYN-1378,Hamilton,Hamilton CMA,Hamilton area 01,3 Bedroom,Apartment,2280,1656,3.6,13.1,1.6,43.283743,-79.920479,Synthetic candidate record,Derived from CMHC baseline,"CMHC Rental Market Survey, Canada, 2025; Table 1.0",a,a
SYN-1379,Greater Sudbury,Greater Sudbury/Grand Sudbury CMA,Greater Sudbury area 01,Studio,Apartment,1115,1558,1.2,6.6,,46.434384,-81.076812,Synthetic candidate record,Derived from CMHC baseline,"CMHC Rental Market Survey, Canada, 2025; Table 1.0",a,a
SYN-1380,Thunder Bay,Thunder Bay CMA,Thunder Bay area 07,1 Bedroom,Apartment,980,1495,4,3.4,6.8,48.297618,-89.377407,Synthetic candidate record,Derived from CMHC baseline,"CMHC Rental Market Survey, Canada, 2025; Table 1.0",b,a
SYN-1381,Brantford,Brantford CMA,Brantford area 01,1 Bedroom,Townhouse,1525,1619,3.5,14.5,,43.173329,-80.330333,Synthetic candidate record,Derived from CMHC baseline,"CMHC Rental Market Survey, Canada, 2025; Table 1.0",c,a
SYN-1382,Brantford,Brantford CMA,Brantford area 03,3 Bedroom,Townhouse,2010,1619,3.5,14.5,,43.107804,-80.195007,Synthetic candidate record,Derived from CMHC baseline,"CMHC Rental Market Survey, Canada, 2025; Table 1.0",c,a
SYN-1383,Kitchener-Waterloo,Kitchener-Cambridge-Waterloo CMA,Kitchener-Waterloo area 07,1 Bedroom,Townhouse,1475,1832,4.1,16.1,3.3,43.508371,-80.36423,Synthetic candidate record,Derived from CMHC baseline,"CMHC Rental Market Survey, Canada, 2025; Table 1.0",b,a
SYN-1384,Peterborough,Peterborough CMA,Peterborough area 10,3 Bedroom,Townhouse,2040,1518,3.1,8.4,,44.373703,-78.302677,Synthetic candidate record,Derived from CMHC baseline,"CMHC Rental Market Survey, Canada, 2025; Table 1.0",b,a
SYN-1385,Kitchener-Waterloo,Kitchener-Cambridge-Waterloo CMA,Kitchener-Waterloo area 12,Studio,Apartment,1125,1832,4.1,16.1,3.3,43.539394,-80.425599,Synthetic candidate record,Derived from CMHC baseline,"CMHC Rental Market Survey, Canada, 2025; Table 1.0",b,a
SYN-1386,Ottawa,Ottawa-Gatineau CMA (Ont. part),Ottawa area 06,Studio,Townhouse,1695,1926,3,15.4,3.4,45.508264,-75.697358,Synthetic candidate record,Derived from CMHC baseline,"CMHC Rental Market Survey, Canada, 2025; Table 1.0",b,a
SYN-1387,Guelph,Guelph CMA,Guelph area 03,2 Bedroom,Townhouse,1925,1802,3.1,15.1,4.6,43.642448,-80.125876,Synthetic candidate record,Derived from CMHC baseline,"CMHC Rental Market Survey, Canada, 2025; Table 1.0",b,a
SYN-1388,Toronto,Toronto CMA,Toronto area 04,2 Bedroom,Apartment,2290,2046,3,8.7,3.4,43.560497,-79.315281,Synthetic candidate record,Derived from CMHC baseline,"CMHC Rental Market Survey, Canada, 2025; Table 1.0",a,a
SYN-1389,Thunder Bay,Thunder Bay CMA,Thunder Bay area 11,2 Bedroom,Apartment,1430,1495,4,3.4,6.8,48.322853,-89.3407,Synthetic candidate record,Derived from CMHC baseline,"CMHC Rental Market Survey, Canada, 2025; Table 1.0",b,a
SYN-1390,Barrie,Barrie CMA,Barrie area 09,1 Bedroom,Apartment,1395,1755,4.3,12.8,4.3,44.292638,-79.579286,Synthetic candidate record,Derived from CMHC baseline,"CMHC Rental Market Survey, Canada, 2025; Table 1.0",b,a
SYN-1391,Guelph,Guelph CMA,Guelph area 06,2 Bedroom,Townhouse,1830,1802,3.1,15.1,4.6,43.610437,-80.26866,Synthetic candidate record,Derived from CMHC baseline,"CMHC Rental Market Survey, Canada, 2025; Table 1.0",b,a
SYN-1392,Guelph,Guelph CMA,Guelph area 10,3 Bedroom,Townhouse,2480,1802,3.1,15.1,4.6,43.530477,-80.337353,Synthetic candidate record,Derived from CMHC baseline,"CMHC Rental Market Survey, Canada, 2025; Table 1.0",b,a
SYN-1393,Kingston,Kingston CMA,Kingston area 12,2 Bedroom,Townhouse,1860,1764,2.4,17.3,2.4,44.267256,-76.448568,Synthetic candidate record,Derived from CMHC baseline,"CMHC Rental Market Survey, Canada, 2025; Table 1.0",a,a
SYN-1394,Guelph,Guelph CMA,Guelph area 07,3 Bedroom,Apartment,2455,1802,3.1,15.1,4.6,43.462728,-80.38163,Synthetic candidate record,Derived from CMHC baseline,"CMHC Rental Market Survey, Canada, 2025; Table 1.0",b,a
SYN-1395,Guelph,Guelph CMA,Guelph area 07,1 Bedroom,Apartment,1390,1802,3.1,15.1,4.6,43.605974,-80.201925,Synthetic candidate record,Derived from CMHC baseline,"CMHC Rental Market Survey, Canada, 2025; Table 1.0",b,a
SYN-1396,Kitchener-Waterloo,Kitchener-Cambridge-Waterloo CMA,Kitchener-Waterloo area 08,1 Bedroom,Townhouse,1515,1832,4.1,16.1,3.3,43.461918,-80.598705,Synthetic candidate record,Derived from CMHC baseline,"CMHC Rental Market Survey, Canada, 2025; Table 1.0",b,a
SYN-1397,Guelph,Guelph CMA,Guelph area 01,1 Bedroom,Townhouse,1405,1802,3.1,15.1,4.6,43.585567,-80.18166,Synthetic candidate record,Derived from CMHC baseline,"CMHC Rental Market Survey, Canada, 2025; Table 1.0",b,a
SYN-1398,Peterborough,Peterborough CMA,Peterborough area 05,2 Bedroom,Apartment,1630,1518,3.1,8.4,,44.262622,-78.27535,Synthetic candidate record,Derived from CMHC baseline,"CMHC Rental Market Survey, Canada, 2025; Table 1.0",b,a
SYN-1399,Thunder Bay,Thunder Bay CMA,Thunder Bay area 06,2 Bedroom,Apartment,1590,1495,4,3.4,6.8,48.284006,-89.352077,Synthetic candidate record,Derived from CMHC baseline,"CMHC Rental Market Survey, Canada, 2025; Table 1.0",b,a
SYN-1400,Ottawa,Ottawa-Gatineau CMA (Ont. part),Ottawa area 04,1 Bedroom,Townhouse,1630,1926,3,15.4,3.4,45.369866,-75.562281,Synthetic candidate record,Derived from CMHC baseline,"CMHC Rental Market Survey, Canada, 2025; Table 1.0",b,a
SYN-1401,Greater Sudbury,Greater Sudbury/Grand Sudbury CMA,Greater Sudbury area 06,2 Bedroom,Townhouse,1805,1558,1.2,6.6,,46.587171,-81.087786,Synthetic candidate record,Derived from CMHC baseline,"CMHC Rental Market Survey, Canada, 2025; Table 1.0",a,a
SYN-1402,Kingston,Kingston CMA,Kingston area 02,1 Bedroom,Apartment,1560,1764,2.4,17.3,2.4,44.273205,-76.5903,Synthetic candidate record,Derived from CMHC baseline,"CMHC Rental Market Survey, Canada, 2025; Table 1.0",a,a
SYN-1403,Greater Sudbury,Greater Sudbury/Grand Sudbury CMA,Greater Sudbury area 01,2 Bedroom,Apartment,1595,1558,1.2,6.6,,46.456181,-81.111161,Synthetic candidate record,Derived from CMHC baseline,"CMHC Rental Market Survey, Canada, 2025; Table 1.0",a,a
SYN-1404,Thunder Bay,Thunder Bay CMA,Thunder Bay area 02,Studio,Apartment,980,1495,4,3.4,6.8,48.286464,-89.185194,Synthetic candidate record,Derived from CMHC baseline,"CMHC Rental Market Survey, Canada, 2025; Table 1.0",b,a
SYN-1405,Greater Sudbury,Greater Sudbury/Grand Sudbury CMA,Greater Sudbury area 11,Studio,Apartment,1170,1558,1.2,6.6,,46.547218,-81.084057,Synthetic candidate record,Derived from CMHC baseline,"CMHC Rental Market Survey, Canada, 2025; Table 1.0",a,a
SYN-1406,London,London CMA,London area 07,1 Bedroom,Apartment,1340,1651,4,15.1,4.1,43.030163,-81.16134,Synthetic candidate record,Derived from CMHC baseline,"CMHC Rental Market Survey, Canada, 2025; Table 1.0",a,a
SYN-1407,St. Catharines,St. Catharines-Niagara CMA,St. Catharines area 02,2 Bedroom,Apartment,1580,1527,3.9,12.8,5.5,43.064028,-79.113979,Synthetic candidate record,Derived from CMHC baseline,"CMHC Rental Market Survey, Canada, 2025; Table 1.0",b,a
SYN-1408,Guelph,Guelph CMA,Guelph area 03,1 Bedroom,Apartment,1510,1802,3.1,15.1,4.6,43.466215,-80.308224,Synthetic candidate record,Derived from CMHC baseline,"CMHC Rental Market Survey, Canada, 2025; Table 1.0",b,a
SYN-1409,Brantford,Brantford CMA,Brantford area 07,Studio,Apartment,1150,1619,3.5,14.5,,43.059534,-80.183423,Synthetic candidate record,Derived from CMHC baseline,"CMHC Rental Market Survey, Canada, 2025; Table 1.0",c,a
SYN-1410,Brantford,Brantford CMA,Brantford area 06,1 Bedroom,Apartment,1290,1619,3.5,14.5,,43.081459,-80.286353,Synthetic candidate record,Derived from CMHC baseline,"CMHC Rental Market Survey, Canada, 2025; Table 1.0",c,a
SYN-1411,Toronto,Toronto CMA,Toronto area 01,2 Bedroom,Apartment,1945,2046,3,8.7,3.4,43.685133,-79.34693,Synthetic candidate record,Derived from CMHC baseline,"CMHC Rental Market Survey, Canada, 2025; Table 1.0",a,a
SYN-1412,Guelph,Guelph CMA,Guelph area 09,3 Bedroom,Apartment,2560,1802,3.1,15.1,4.6,43.541582,-80.216743,Synthetic candidate record,Derived from CMHC baseline,"CMHC Rental Market Survey, Canada, 2025; Table 1.0",b,a
SYN-1413,Barrie,Barrie CMA,Barrie area 09,1 Bedroom,Apartment,1500,1755,4.3,12.8,4.3,44.295311,-79.82379,Synthetic candidate record,Derived from CMHC baseline,"CMHC Rental Market Survey, Canada, 2025; Table 1.0",b,a
SYN-1414,Hamilton,Hamilton CMA,Hamilton area 06,1 Bedroom,Apartment,1330,1656,3.6,13.1,1.6,43.178658,-79.948827,Synthetic candidate record,Derived from CMHC baseline,"CMHC Rental Market Survey, Canada, 2025; Table 1.0",a,a
SYN-1415,Hamilton,Hamilton CMA,Hamilton area 09,1 Bedroom,Apartment,1345,1656,3.6,13.1,1.6,43.346346,-79.912689,Synthetic candidate record,Derived from CMHC baseline,"CMHC Rental Market Survey, Canada, 2025; Table 1.0",a,a
SYN-1416,Oshawa,Oshawa CMA,Oshawa area 04,1 Bedroom,Townhouse,1685,1754,3.7,4.8,,43.884312,-78.741916,Synthetic candidate record,Derived from CMHC baseline,"CMHC Rental Market Survey, Canada, 2025; Table 1.0",b,a
SYN-1417,St. Catharines,St. Catharines-Niagara CMA,St. Catharines area 03,1 Bedroom,Apartment,1295,1527,3.9,12.8,5.5,43.218031,-79.222888,Synthetic candidate record,Derived from CMHC baseline,"CMHC Rental Market Survey, Canada, 2025; Table 1.0",b,a
SYN-1418,Kitchener-Waterloo,Kitchener-Cambridge-Waterloo CMA,Kitchener-Waterloo area 10,3 Bedroom,Townhouse,2415,1832,4.1,16.1,3.3,43.438294,-80.507333,Synthetic candidate record,Derived from CMHC baseline,"CMHC Rental Market Survey, Canada, 2025; Table 1.0",b,a
SYN-1419,St. Catharines,St. Catharines-Niagara CMA,St. Catharines area 11,2 Bedroom,Apartment,1430,1527,3.9,12.8,5.5,43.172828,-79.281457,Synthetic candidate record,Derived from CMHC baseline,"CMHC Rental Market Survey, Canada, 2025; Table 1.0",b,a
SYN-1420,Brantford,Brantford CMA,Brantford area 07,1 Bedroom,Apartment,1260,1619,3.5,14.5,,43.231019,-80.332082,Synthetic candidate record,Derived from CMHC baseline,"CMHC Rental Market Survey, Canada, 2025; Table 1.0",c,a
SYN-1421,Oshawa,Oshawa CMA,Oshawa area 03,2 Bedroom,Apartment,1700,1754,3.7,4.8,,43.958908,-78.885399,Synthetic candidate record,Derived from CMHC baseline,"CMHC Rental Market Survey, Canada, 2025; Table 1.0",b,a
SYN-1422,Peterborough,Peterborough CMA,Peterborough area 06,1 Bedroom,Apartment,1270,1518,3.1,8.4,,44.340491,-78.355485,Synthetic candidate record,Derived from CMHC baseline,"CMHC Rental Market Survey, Canada, 2025; Table 1.0",b,a
SYN-1423,Guelph,Guelph CMA,Guelph area 04,Studio,Apartment,1210,1802,3.1,15.1,4.6,43.558294,-80.297436,Synthetic candidate record,Derived from CMHC baseline,"CMHC Rental Market Survey, Canada, 2025; Table 1.0",b,a
SYN-1424,Brantford,Brantford CMA,Brantford area 05,1 Bedroom,Apartment,1260,1619,3.5,14.5,,43.144852,-80.373235,Synthetic candidate record,Derived from CMHC baseline,"CMHC Rental Market Survey, Canada, 2025; Table 1.0",c,a
SYN-1425,Brantford,Brantford CMA,Brantford area 01,2 Bedroom,Townhouse,1690,1619,3.5,14.5,,43.202079,-80.347133,Synthetic candidate record,Derived from CMHC baseline,"CMHC Rental Market Survey, Canada, 2025; Table 1.0",c,a
SYN-1426,Windsor,Windsor CMA,Windsor area 03,1 Bedroom,Apartment,1105,1454,3.7,12.2,3.6,42.299147,-83.138071,Synthetic candidate record,Derived from CMHC baseline,"CMHC Rental Market Survey, Canada, 2025; Table 1.0",b,a
SYN-1427,Ottawa,Ottawa-Gatineau CMA (Ont. part),Ottawa area 01,2 Bedroom,Apartment,1820,1926,3,15.4,3.4,45.450233,-75.59573,Synthetic candidate record,Derived from CMHC baseline,"CMHC Rental Market Survey, Canada, 2025; Table 1.0",b,a
SYN-1428,Toronto,Toronto CMA,Toronto area 09,1 Bedroom,Townhouse,1760,2046,3,8.7,3.4,43.560602,-79.373949,Synthetic candidate record,Derived from CMHC baseline,"CMHC Rental Market Survey, Canada, 2025; Table 1.0",a,a
SYN-1429,Belleville,Belleville - Quinte West CMA,Belleville area 05,1 Bedroom,Apartment,1255,1484,3.4,16.9,,44.223303,-77.320957,Synthetic candidate record,Derived from CMHC baseline,"CMHC Rental Market Survey, Canada, 2025; Table 1.0",c,a
SYN-1430,Ottawa,Ottawa-Gatineau CMA (Ont. part),Ottawa area 08,2 Bedroom,Townhouse,2110,1926,3,15.4,3.4,45.337453,-75.61895,Synthetic candidate record,Derived from CMHC baseline,"CMHC Rental Market Survey, Canada, 2025; Table 1.0",b,a
SYN-1431,Belleville,Belleville - Quinte West CMA,Belleville area 10,1 Bedroom,Townhouse,1175,1484,3.4,16.9,,44.244894,-77.287551,Synthetic candidate record,Derived from CMHC baseline,"CMHC Rental Market Survey, Canada, 2025; Table 1.0",c,a
SYN-1432,Guelph,Guelph CMA,Guelph area 06,Studio,Apartment,1230,1802,3.1,15.1,4.6,43.609891,-80.347882,Synthetic candidate record,Derived from CMHC baseline,"CMHC Rental Market Survey, Canada, 2025; Table 1.0",b,a
SYN-1433,Thunder Bay,Thunder Bay CMA,Thunder Bay area 01,1 Bedroom,Apartment,1300,1495,4,3.4,6.8,48.354676,-89.126382,Synthetic candidate record,Derived from CMHC baseline,"CMHC Rental Market Survey, Canada, 2025; Table 1.0",b,a
SYN-1434,Belleville,Belleville - Quinte West CMA,Belleville area 02,1 Bedroom,Apartment,1400,1484,3.4,16.9,,44.084961,-77.258537,Synthetic candidate record,Derived from CMHC baseline,"CMHC Rental Market Survey, Canada, 2025; Table 1.0",c,a
SYN-1435,St. Catharines,St. Catharines-Niagara CMA,St. Catharines area 03,1 Bedroom,Townhouse,1345,1527,3.9,12.8,5.5,43.086953,-79.257677,Synthetic candidate record,Derived from CMHC baseline,"CMHC Rental Market Survey, Canada, 2025; Table 1.0",b,a
SYN-1436,Ottawa,Ottawa-Gatineau CMA (Ont. part),Ottawa area 09,3 Bedroom,Townhouse,2675,1926,3,15.4,3.4,45.448881,-75.649262,Synthetic candidate record,Derived from CMHC baseline,"CMHC Rental Market Survey, Canada, 2025; Table 1.0",b,a
SYN-1437,London,London CMA,London area 05,2 Bedroom,Townhouse,1900,1651,4,15.1,4.1,43.031073,-81.320257,Synthetic candidate record,Derived from CMHC baseline,"CMHC Rental Market Survey, Canada, 2025; Table 1.0",a,a
SYN-1438,Oshawa,Oshawa CMA,Oshawa area 11,2 Bedroom,Apartment,1735,1754,3.7,4.8,,43.908803,-78.762309,Synthetic candidate record,Derived from CMHC baseline,"CMHC Rental Market Survey, Canada, 2025; Table 1.0",b,a
SYN-1439,Kitchener-Waterloo,Kitchener-Cambridge-Waterloo CMA,Kitchener-Waterloo area 07,2 Bedroom,Apartment,1880,1832,4.1,16.1,3.3,43.354226,-80.570704,Synthetic candidate record,Derived from CMHC baseline,"CMHC Rental Market Survey, Canada, 2025; Table 1.0",b,a
SYN-1440,Kitchener-Waterloo,Kitchener-Cambridge-Waterloo CMA,Kitchener-Waterloo area 09,1 Bedroom,Apartment,1495,1832,4.1,16.1,3.3,43.393332,-80.467561,Synthetic candidate record,Derived from CMHC baseline,"CMHC Rental Market Survey, Canada, 2025; Table 1.0",b,a
SYN-1441,Ottawa,Ottawa-Gatineau CMA (Ont. part),Ottawa area 03,2 Bedroom,Apartment,1870,1926,3,15.4,3.4,45.491061,-75.809566,Synthetic candidate record,Derived from CMHC baseline,"CMHC Rental Market Survey, Canada, 2025; Table 1.0",b,a
SYN-1442,London,London CMA,London area 09,3 Bedroom,Townhouse,1960,1651,4,15.1,4.1,43.079913,-81.144728,Synthetic candidate record,Derived from CMHC baseline,"CMHC Rental Market Survey, Canada, 2025; Table 1.0",a,a
SYN-1443,Kitchener-Waterloo,Kitchener-Cambridge-Waterloo CMA,Kitchener-Waterloo area 10,2 Bedroom,Apartment,1965,1832,4.1,16.1,3.3,43.488853,-80.368114,Synthetic candidate record,Derived from CMHC baseline,"CMHC Rental Market Survey, Canada, 2025; Table 1.0",b,a
SYN-1444,Guelph,Guelph CMA,Guelph area 08,1 Bedroom,Apartment,1525,1802,3.1,15.1,4.6,43.593805,-80.319785,Synthetic candidate record,Derived from CMHC baseline,"CMHC Rental Market Survey, Canada, 2025; Table 1.0",b,a
SYN-1445,Kingston,Kingston CMA,Kingston area 02,1 Bedroom,Townhouse,1495,1764,2.4,17.3,2.4,44.184316,-76.366835,Synthetic candidate record,Derived from CMHC baseline,"CMHC Rental Market Survey, Canada, 2025; Table 1.0",a,a
SYN-1446,Peterborough,Peterborough CMA,Peterborough area 06,1 Bedroom,Apartment,1160,1518,3.1,8.4,,44.288486,-78.339027,Synthetic candidate record,Derived from CMHC baseline,"CMHC Rental Market Survey, Canada, 2025; Table 1.0",b,a
SYN-1447,Belleville,Belleville - Quinte West CMA,Belleville area 05,1 Bedroom,Apartment,1325,1484,3.4,16.9,,44.2092,-77.404782,Synthetic candidate record,Derived from CMHC baseline,"CMHC Rental Market Survey, Canada, 2025; Table 1.0",c,a
SYN-1448,Kitchener-Waterloo,Kitchener-Cambridge-Waterloo CMA,Kitchener-Waterloo area 07,1 Bedroom,Apartment,1595,1832,4.1,16.1,3.3,43.457513,-80.494259,Synthetic candidate record,Derived from CMHC baseline,"CMHC Rental Market Survey, Canada, 2025; Table 1.0",b,a
SYN-1449,Guelph,Guelph CMA,Guelph area 05,2 Bedroom,Apartment,1895,1802,3.1,15.1,4.6,43.455428,-80.376315,Synthetic candidate record,Derived from CMHC baseline,"CMHC Rental Market Survey, Canada, 2025; Table 1.0",b,a
SYN-1450,London,London CMA,London area 12,Studio,Apartment,1110,1651,4,15.1,4.1,42.939992,-81.140698,Synthetic candidate record,Derived from CMHC baseline,"CMHC Rental Market Survey, Canada, 2025; Table 1.0",a,a
SYN-1451,Greater Sudbury,Greater Sudbury/Grand Sudbury CMA,Greater Sudbury area 03,1 Bedroom,Apartment,1310,1558,1.2,6.6,,46.530037,-80.994403,Synthetic candidate record,Derived from CMHC baseline,"CMHC Rental Market Survey, Canada, 2025; Table 1.0",a,a
SYN-1452,Kitchener-Waterloo,Kitchener-Cambridge-Waterloo CMA,Kitchener-Waterloo area 01,1 Bedroom,Apartment,1710,1832,4.1,16.1,3.3,43.492771,-80.550912,Synthetic candidate record,Derived from CMHC baseline,"CMHC Rental Market Survey, Canada, 2025; Table 1.0",b,a
SYN-1453,Guelph,Guelph CMA,Guelph area 11,1 Bedroom,Townhouse,1580,1802,3.1,15.1,4.6,43.582387,-80.339191,Synthetic candidate record,Derived from CMHC baseline,"CMHC Rental Market Survey, Canada, 2025; Table 1.0",b,a
SYN-1454,Brantford,Brantford CMA,Brantford area 01,1 Bedroom,Apartment,1135,1619,3.5,14.5,,43.219374,-80.362569,Synthetic candidate record,Derived from CMHC baseline,"CMHC Rental Market Survey, Canada, 2025; Table 1.0",c,a
SYN-1455,Windsor,Windsor CMA,Windsor area 01,1 Bedroom,Apartment,1225,1454,3.7,12.2,3.6,42.230295,-82.987931,Synthetic candidate record,Derived from CMHC baseline,"CMHC Rental Market Survey, Canada, 2025; Table 1.0",b,a
SYN-1456,Peterborough,Peterborough CMA,Peterborough area 02,3 Bedroom,Apartment,1965,1518,3.1,8.4,,44.306761,-78.390269,Synthetic candidate record,Derived from CMHC baseline,"CMHC Rental Market Survey, Canada, 2025; Table 1.0",b,a
SYN-1457,Belleville,Belleville - Quinte West CMA,Belleville area 02,2 Bedroom,Apartment,1555,1484,3.4,16.9,,44.096261,-77.481732,Synthetic candidate record,Derived from CMHC baseline,"CMHC Rental Market Survey, Canada, 2025; Table 1.0",c,a
SYN-1458,Guelph,Guelph CMA,Guelph area 09,1 Bedroom,Apartment,1360,1802,3.1,15.1,4.6,43.535323,-80.183409,Synthetic candidate record,Derived from CMHC baseline,"CMHC Rental Market Survey, Canada, 2025; Table 1.0",b,a
SYN-1459,St. Catharines,St. Catharines-Niagara CMA,St. Catharines area 09,2 Bedroom,Apartment,1515,1527,3.9,12.8,5.5,43.129925,-79.18928,Synthetic candidate record,Derived from CMHC baseline,"CMHC Rental Market Survey, Canada, 2025; Table 1.0",b,a
SYN-1460,Windsor,Windsor CMA,Windsor area 04,Studio,Apartment,1000,1454,3.7,12.2,3.6,42.24448,-83.060656,Synthetic candidate record,Derived from CMHC baseline,"CMHC Rental Market Survey, Canada, 2025; Table 1.0",b,a
SYN-1461,Hamilton,Hamilton CMA,Hamilton area 12,1 Bedroom,Apartment,1365,1656,3.6,13.1,1.6,43.350358,-79.909705,Synthetic candidate record,Derived from CMHC baseline,"CMHC Rental Market Survey, Canada, 2025; Table 1.0",a,a
SYN-1462,Brantford,Brantford CMA,Brantford area 11,1 Bedroom,Townhouse,1610,1619,3.5,14.5,,43.167147,-80.136825,Synthetic candidate record,Derived from CMHC baseline,"CMHC Rental Market Survey, Canada, 2025; Table 1.0",c,a
SYN-1463,Toronto,Toronto CMA,Toronto area 07,3 Bedroom,Apartment,2490,2046,3,8.7,3.4,43.730799,-79.413323,Synthetic candidate record,Derived from CMHC baseline,"CMHC Rental Market Survey, Canada, 2025; Table 1.0",a,a
SYN-1464,St. Catharines,St. Catharines-Niagara CMA,St. Catharines area 10,1 Bedroom,Apartment,1395,1527,3.9,12.8,5.5,43.175303,-79.191561,Synthetic candidate record,Derived from CMHC baseline,"CMHC Rental Market Survey, Canada, 2025; Table 1.0",b,a
SYN-1465,Guelph,Guelph CMA,Guelph area 01,1 Bedroom,Townhouse,1400,1802,3.1,15.1,4.6,43.5142,-80.355758,Synthetic candidate record,Derived from CMHC baseline,"CMHC Rental Market Survey, Canada, 2025; Table 1.0",b,a
SYN-1466,Windsor,Windsor CMA,Windsor area 05,3 Bedroom,Apartment,1690,1454,3.7,12.2,3.6,42.308163,-83.131003,Synthetic candidate record,Derived from CMHC baseline,"CMHC Rental Market Survey, Canada, 2025; Table 1.0",b,a
SYN-1467,Kingston,Kingston CMA,Kingston area 10,1 Bedroom,Apartment,1530,1764,2.4,17.3,2.4,44.221972,-76.564901,Synthetic candidate record,Derived from CMHC baseline,"CMHC Rental Market Survey, Canada, 2025; Table 1.0",a,a
SYN-1468,Guelph,Guelph CMA,Guelph area 01,Studio,Apartment,1255,1802,3.1,15.1,4.6,43.445818,-80.288966,Synthetic candidate record,Derived from CMHC baseline,"CMHC Rental Market Survey, Canada, 2025; Table 1.0",b,a
SYN-1469,Belleville,Belleville - Quinte West CMA,Belleville area 09,1 Bedroom,Apartment,1335,1484,3.4,16.9,,44.163199,-77.255364,Synthetic candidate record,Derived from CMHC baseline,"CMHC Rental Market Survey, Canada, 2025; Table 1.0",c,a
SYN-1470,Hamilton,Hamilton CMA,Hamilton area 07,3 Bedroom,Apartment,1850,1656,3.6,13.1,1.6,43.184229,-79.807101,Synthetic candidate record,Derived from CMHC baseline,"CMHC Rental Market Survey, Canada, 2025; Table 1.0",a,a
SYN-1471,Brantford,Brantford CMA,Brantford area 07,1 Bedroom,Apartment,1235,1619,3.5,14.5,,43.201742,-80.226838,Synthetic candidate record,Derived from CMHC baseline,"CMHC Rental Market Survey, Canada, 2025; Table 1.0",c,a
SYN-1472,Greater Sudbury,Greater Sudbury/Grand Sudbury CMA,Greater Sudbury area 10,3 Bedroom,Apartment,1940,1558,1.2,6.6,,46.570307,-80.870932,Synthetic candidate record,Derived from CMHC baseline,"CMHC Rental Market Survey, Canada, 2025; Table 1.0",a,a
SYN-1473,Oshawa,Oshawa CMA,Oshawa area 04,1 Bedroom,Townhouse,1510,1754,3.7,4.8,,43.912733,-78.814919,Synthetic candidate record,Derived from CMHC baseline,"CMHC Rental Market Survey, Canada, 2025; Table 1.0",b,a
SYN-1474,St. Catharines,St. Catharines-Niagara CMA,St. Catharines area 10,1 Bedroom,Apartment,1175,1527,3.9,12.8,5.5,43.119612,-79.36052,Synthetic candidate record,Derived from CMHC baseline,"CMHC Rental Market Survey, Canada, 2025; Table 1.0",b,a
SYN-1475,Toronto,Toronto CMA,Toronto area 12,2 Bedroom,Townhouse,2275,2046,3,8.7,3.4,43.572408,-79.375855,Synthetic candidate record,Derived from CMHC baseline,"CMHC Rental Market Survey, Canada, 2025; Table 1.0",a,a
SYN-1476,Ottawa,Ottawa-Gatineau CMA (Ont. part),Ottawa area 07,2 Bedroom,Apartment,1660,1926,3,15.4,3.4,45.415176,-75.71781,Synthetic candidate record,Derived from CMHC baseline,"CMHC Rental Market Survey, Canada, 2025; Table 1.0",b,a
SYN-1477,Thunder Bay,Thunder Bay CMA,Thunder Bay area 05,1 Bedroom,Apartment,1320,1495,4,3.4,6.8,48.432071,-89.213008,Synthetic candidate record,Derived from CMHC baseline,"CMHC Rental Market Survey, Canada, 2025; Table 1.0",b,a
SYN-1478,London,London CMA,London area 10,2 Bedroom,Apartment,1615,1651,4,15.1,4.1,42.910355,-81.23347,Synthetic candidate record,Derived from CMHC baseline,"CMHC Rental Market Survey, Canada, 2025; Table 1.0",a,a
SYN-1479,Oshawa,Oshawa CMA,Oshawa area 09,Studio,Townhouse,1390,1754,3.7,4.8,,43.889662,-78.792805,Synthetic candidate record,Derived from CMHC baseline,"CMHC Rental Market Survey, Canada, 2025; Table 1.0",b,a
SYN-1480,Toronto,Toronto CMA,Toronto area 11,2 Bedroom,Apartment,2210,2046,3,8.7,3.4,43.564139,-79.29201,Synthetic candidate record,Derived from CMHC baseline,"CMHC Rental Market Survey, Canada, 2025; Table 1.0",a,a
SYN-1481,Guelph,Guelph CMA,Guelph area 02,1 Bedroom,Apartment,1540,1802,3.1,15.1,4.6,43.582919,-80.147677,Synthetic candidate record,Derived from CMHC baseline,"CMHC Rental Market Survey, Canada, 2025; Table 1.0",b,a
SYN-1482,Belleville,Belleville - Quinte West CMA,Belleville area 03,2 Bedroom,Apartment,1355,1484,3.4,16.9,,44.17521,-77.252923,Synthetic candidate record,Derived from CMHC baseline,"CMHC Rental Market Survey, Canada, 2025; Table 1.0",c,a
SYN-1483,London,London CMA,London area 08,3 Bedroom,Apartment,1990,1651,4,15.1,4.1,43.082732,-81.380236,Synthetic candidate record,Derived from CMHC baseline,"CMHC Rental Market Survey, Canada, 2025; Table 1.0",a,a
SYN-1484,Kitchener-Waterloo,Kitchener-Cambridge-Waterloo CMA,Kitchener-Waterloo area 09,Studio,Apartment,1320,1832,4.1,16.1,3.3,43.382204,-80.387838,Synthetic candidate record,Derived from CMHC baseline,"CMHC Rental Market Survey, Canada, 2025; Table 1.0",b,a
SYN-1485,Guelph,Guelph CMA,Guelph area 02,1 Bedroom,Apartment,1270,1802,3.1,15.1,4.6,43.533563,-80.370806,Synthetic candidate record,Derived from CMHC baseline,"CMHC Rental Market Survey, Canada, 2025; Table 1.0",b,a
SYN-1486,Oshawa,Oshawa CMA,Oshawa area 09,1 Bedroom,Apartment,1470,1754,3.7,4.8,,43.961154,-78.770955,Synthetic candidate record,Derived from CMHC baseline,"CMHC Rental Market Survey, Canada, 2025; Table 1.0",b,a
SYN-1487,St. Catharines,St. Catharines-Niagara CMA,St. Catharines area 03,2 Bedroom,Townhouse,1760,1527,3.9,12.8,5.5,43.145871,-79.209558,Synthetic candidate record,Derived from CMHC baseline,"CMHC Rental Market Survey, Canada, 2025; Table 1.0",b,a
SYN-1488,Hamilton,Hamilton CMA,Hamilton area 09,2 Bedroom,Apartment,1525,1656,3.6,13.1,1.6,43.189855,-79.804736,Synthetic candidate record,Derived from CMHC baseline,"CMHC Rental Market Survey, Canada, 2025; Table 1.0",a,a
SYN-1489,Kitchener-Waterloo,Kitchener-Cambridge-Waterloo CMA,Kitchener-Waterloo area 05,1 Bedroom,Apartment,1490,1832,4.1,16.1,3.3,43.469353,-80.529048,Synthetic candidate record,Derived from CMHC baseline,"CMHC Rental Market Survey, Canada, 2025; Table 1.0",b,a
SYN-1490,Greater Sudbury,Greater Sudbury/Grand Sudbury CMA,Greater Sudbury area 03,1 Bedroom,Apartment,1320,1558,1.2,6.6,,46.484493,-80.901929,Synthetic candidate record,Derived from CMHC baseline,"CMHC Rental Market Survey, Canada, 2025; Table 1.0",a,a
SYN-1491,Barrie,Barrie CMA,Barrie area 11,1 Bedroom,Apartment,1425,1755,4.3,12.8,4.3,44.349952,-79.649687,Synthetic candidate record,Derived from CMHC baseline,"CMHC Rental Market Survey, Canada, 2025; Table 1.0",b,a
SYN-1492,Toronto,Toronto CMA,Toronto area 12,Studio,Apartment,1385,2046,3,8.7,3.4,43.745759,-79.392071,Synthetic candidate record,Derived from CMHC baseline,"CMHC Rental Market Survey, Canada, 2025; Table 1.0",a,a
SYN-1493,Toronto,Toronto CMA,Toronto area 12,1 Bedroom,Apartment,1525,2046,3,8.7,3.4,43.653841,-79.424986,Synthetic candidate record,Derived from CMHC baseline,"CMHC Rental Market Survey, Canada, 2025; Table 1.0",a,a
SYN-1494,Greater Sudbury,Greater Sudbury/Grand Sudbury CMA,Greater Sudbury area 12,2 Bedroom,Apartment,1735,1558,1.2,6.6,,46.522884,-81.036033,Synthetic candidate record,Derived from CMHC baseline,"CMHC Rental Market Survey, Canada, 2025; Table 1.0",a,a
SYN-1495,Ottawa,Ottawa-Gatineau CMA (Ont. part),Ottawa area 11,1 Bedroom,Apartment,1545,1926,3,15.4,3.4,45.382086,-75.727425,Synthetic candidate record,Derived from CMHC baseline,"CMHC Rental Market Survey, Canada, 2025; Table 1.0",b,a
SYN-1496,Windsor,Windsor CMA,Windsor area 12,1 Bedroom,Townhouse,1450,1454,3.7,12.2,3.6,42.336068,-83.122849,Synthetic candidate record,Derived from CMHC baseline,"CMHC Rental Market Survey, Canada, 2025; Table 1.0",b,a
SYN-1497,St. Catharines,St. Catharines-Niagara CMA,St. Catharines area 02,1 Bedroom,Apartment,1145,1527,3.9,12.8,5.5,43.176299,-79.156452,Synthetic candidate record,Derived from CMHC baseline,"CMHC Rental Market Survey, Canada, 2025; Table 1.0",b,a
SYN-1498,Belleville,Belleville - Quinte West CMA,Belleville area 08,Studio,Apartment,955,1484,3.4,16.9,,44.109141,-77.337125,Synthetic candidate record,Derived from CMHC baseline,"CMHC Rental Market Survey, Canada, 2025; Table 1.0",c,a
SYN-1499,Windsor,Windsor CMA,Windsor area 03,1 Bedroom,Apartment,1355,1454,3.7,12.2,3.6,42.361429,-83.107637,Synthetic candidate record,Derived from CMHC baseline,"CMHC Rental Market Survey, Canada, 2025; Table 1.0",b,a
SYN-1500,Greater Sudbury,Greater Sudbury/Grand Sudbury CMA,Greater Sudbury area 05,2 Bedroom,Townhouse,1655,1558,1.2,6.6,,46.576175,-81.120262,Synthetic candidate record,Derived from CMHC baseline,"CMHC Rental Market Survey, Canada, 2025; Table 1.0",a,a
SYN-1501,Guelph,Guelph CMA,Guelph area 03,Studio,Apartment,1140,1802,3.1,15.1,4.6,43.571059,-80.378034,Synthetic candidate record,Derived from CMHC baseline,"CMHC Rental Market Survey, Canada, 2025; Table 1.0",b,a
SYN-1502,Ottawa,Ottawa-Gatineau CMA (Ont. part),Ottawa area 10,Studio,Townhouse,1450,1926,3,15.4,3.4,45.397026,-75.557898,Synthetic candidate record,Derived from CMHC baseline,"CMHC Rental Market Survey, Canada, 2025; Table 1.0",b,a
SYN-1503,Kitchener-Waterloo,Kitchener-Cambridge-Waterloo CMA,Kitchener-Waterloo area 09,1 Bedroom,Townhouse,1530,1832,4.1,16.1,3.3,43.391839,-80.585594,Synthetic candidate record,Derived from CMHC baseline,"CMHC Rental Market Survey, Canada, 2025; Table 1.0",b,a
SYN-1504,Kitchener-Waterloo,Kitchener-Cambridge-Waterloo CMA,Kitchener-Waterloo area 04,Studio,Apartment,1275,1832,4.1,16.1,3.3,43.477423,-80.446035,Synthetic candidate record,Derived from CMHC baseline,"CMHC Rental Market Survey, Canada, 2025; Table 1.0",b,a
SYN-1505,Belleville,Belleville - Quinte West CMA,Belleville area 03,2 Bedroom,Apartment,1410,1484,3.4,16.9,,44.172116,-77.502536,Synthetic candidate record,Derived from CMHC baseline,"CMHC Rental Market Survey, Canada, 2025; Table 1.0",c,a
SYN-1506,Windsor,Windsor CMA,Windsor area 06,1 Bedroom,Apartment,1265,1454,3.7,12.2,3.6,42.328974,-83.043504,Synthetic candidate record,Derived from CMHC baseline,"CMHC Rental Market Survey, Canada, 2025; Table 1.0",b,a
SYN-1507,Peterborough,Peterborough CMA,Peterborough area 10,2 Bedroom,Apartment,1555,1518,3.1,8.4,,44.334194,-78.215176,Synthetic candidate record,Derived from CMHC baseline,"CMHC Rental Market Survey, Canada, 2025; Table 1.0",b,a
SYN-1508,Brantford,Brantford CMA,Brantford area 01,1 Bedroom,Apartment,1225,1619,3.5,14.5,,43.059583,-80.264753,Synthetic candidate record,Derived from CMHC baseline,"CMHC Rental Market Survey, Canada, 2025; Table 1.0",c,a
SYN-1509,Ottawa,Ottawa-Gatineau CMA (Ont. part),Ottawa area 03,Studio,Apartment,1375,1926,3,15.4,3.4,45.462155,-75.82031,Synthetic candidate record,Derived from CMHC baseline,"CMHC Rental Market Survey, Canada, 2025; Table 1.0",b,a
SYN-1510,Oshawa,Oshawa CMA,Oshawa area 09,Studio,Apartment,1160,1754,3.7,4.8,,43.967739,-78.745951,Synthetic candidate record,Derived from CMHC baseline,"CMHC Rental Market Survey, Canada, 2025; Table 1.0",b,a
SYN-1511,Oshawa,Oshawa CMA,Oshawa area 05,1 Bedroom,Apartment,1220,1754,3.7,4.8,,43.913655,-78.74453,Synthetic candidate record,Derived from CMHC baseline,"CMHC Rental Market Survey, Canada, 2025; Table 1.0",b,a
SYN-1512,Barrie,Barrie CMA,Barrie area 01,Studio,Townhouse,1230,1755,4.3,12.8,4.3,44.341576,-79.736608,Synthetic candidate record,Derived from CMHC baseline,"CMHC Rental Market Survey, Canada, 2025; Table 1.0",b,a
SYN-1513,Hamilton,Hamilton CMA,Hamilton area 02,1 Bedroom,Apartment,1490,1656,3.6,13.1,1.6,43.331354,-79.943702,Synthetic candidate record,Derived from CMHC baseline,"CMHC Rental Market Survey, Canada, 2025; Table 1.0",a,a
SYN-1514,Belleville,Belleville - Quinte West CMA,Belleville area 10,1 Bedroom,Apartment,1155,1484,3.4,16.9,,44.252782,-77.355837,Synthetic candidate record,Derived from CMHC baseline,"CMHC Rental Market Survey, Canada, 2025; Table 1.0",c,a
SYN-1515,Brantford,Brantford CMA,Brantford area 09,3 Bedroom,Townhouse,2270,1619,3.5,14.5,,43.047748,-80.391687,Synthetic candidate record,Derived from CMHC baseline,"CMHC Rental Market Survey, Canada, 2025; Table 1.0",c,a
SYN-1516,London,London CMA,London area 04,2 Bedroom,Townhouse,1750,1651,4,15.1,4.1,42.980419,-81.168327,Synthetic candidate record,Derived from CMHC baseline,"CMHC Rental Market Survey, Canada, 2025; Table 1.0",a,a
SYN-1517,Barrie,Barrie CMA,Barrie area 11,3 Bedroom,Apartment,2200,1755,4.3,12.8,4.3,44.396237,-79.589462,Synthetic candidate record,Derived from CMHC baseline,"CMHC Rental Market Survey, Canada, 2025; Table 1.0",b,a
SYN-1518,Barrie,Barrie CMA,Barrie area 03,2 Bedroom,Apartment,1515,1755,4.3,12.8,4.3,44.366825,-79.724661,Synthetic candidate record,Derived from CMHC baseline,"CMHC Rental Market Survey, Canada, 2025; Table 1.0",b,a
SYN-1519,Thunder Bay,Thunder Bay CMA,Thunder Bay area 06,2 Bedroom,Apartment,1535,1495,4,3.4,6.8,48.404031,-89.126181,Synthetic candidate record,Derived from CMHC baseline,"CMHC Rental Market Survey, Canada, 2025; Table 1.0",b,a
SYN-1520,Kitchener-Waterloo,Kitchener-Cambridge-Waterloo CMA,Kitchener-Waterloo area 01,1 Bedroom,Apartment,1540,1832,4.1,16.1,3.3,43.399234,-80.604906,Synthetic candidate record,Derived from CMHC baseline,"CMHC Rental Market Survey, Canada, 2025; Table 1.0",b,a
SYN-1521,London,London CMA,London area 02,1 Bedroom,Apartment,1370,1651,4,15.1,4.1,43.028865,-81.15983,Synthetic candidate record,Derived from CMHC baseline,"CMHC Rental Market Survey, Canada, 2025; Table 1.0",a,a
SYN-1522,Belleville,Belleville - Quinte West CMA,Belleville area 10,1 Bedroom,Apartment,1215,1484,3.4,16.9,,44.119319,-77.435021,Synthetic candidate record,Derived from CMHC baseline,"CMHC Rental Market Survey, Canada, 2025; Table 1.0",c,a
SYN-1523,London,London CMA,London area 05,3 Bedroom,Apartment,1895,1651,4,15.1,4.1,42.909375,-81.361001,Synthetic candidate record,Derived from CMHC baseline,"CMHC Rental Market Survey, Canada, 2025; Table 1.0",a,a
SYN-1524,Kitchener-Waterloo,Kitchener-Cambridge-Waterloo CMA,Kitchener-Waterloo area 08,1 Bedroom,Apartment,1425,1832,4.1,16.1,3.3,43.531128,-80.393662,Synthetic candidate record,Derived from CMHC baseline,"CMHC Rental Market Survey, Canada, 2025; Table 1.0",b,a
SYN-1525,Oshawa,Oshawa CMA,Oshawa area 09,3 Bedroom,Apartment,2240,1754,3.7,4.8,,43.975696,-78.916076,Synthetic candidate record,Derived from CMHC baseline,"CMHC Rental Market Survey, Canada, 2025; Table 1.0",b,a
SYN-1526,Guelph,Guelph CMA,Guelph area 05,Studio,Townhouse,1270,1802,3.1,15.1,4.6,43.5859,-80.214573,Synthetic candidate record,Derived from CMHC baseline,"CMHC Rental Market Survey, Canada, 2025; Table 1.0",b,a
SYN-1527,Brantford,Brantford CMA,Brantford area 02,1 Bedroom,Apartment,1395,1619,3.5,14.5,,43.100388,-80.249883,Synthetic candidate record,Derived from CMHC baseline,"CMHC Rental Market Survey, Canada, 2025; Table 1.0",c,a
SYN-1528,Peterborough,Peterborough CMA,Peterborough area 08,2 Bedroom,Apartment,1400,1518,3.1,8.4,,44.216274,-78.393736,Synthetic candidate record,Derived from CMHC baseline,"CMHC Rental Market Survey, Canada, 2025; Table 1.0",b,a
SYN-1529,Toronto,Toronto CMA,Toronto area 02,3 Bedroom,Apartment,2465,2046,3,8.7,3.4,43.608793,-79.415216,Synthetic candidate record,Derived from CMHC baseline,"CMHC Rental Market Survey, Canada, 2025; Table 1.0",a,a
SYN-1530,Belleville,Belleville - Quinte West CMA,Belleville area 07,1 Bedroom,Townhouse,1315,1484,3.4,16.9,,44.161871,-77.282059,Synthetic candidate record,Derived from CMHC baseline,"CMHC Rental Market Survey, Canada, 2025; Table 1.0",c,a
SYN-1531,Toronto,Toronto CMA,Toronto area 01,Studio,Apartment,1280,2046,3,8.7,3.4,43.659698,-79.338861,Synthetic candidate record,Derived from CMHC baseline,"CMHC Rental Market Survey, Canada, 2025; Table 1.0",a,a
SYN-1532,Peterborough,Peterborough CMA,Peterborough area 10,3 Bedroom,Apartment,2010,1518,3.1,8.4,,44.39364,-78.205821,Synthetic candidate record,Derived from CMHC baseline,"CMHC Rental Market Survey, Canada, 2025; Table 1.0",b,a
SYN-1533,Kitchener-Waterloo,Kitchener-Cambridge-Waterloo CMA,Kitchener-Waterloo area 12,2 Bedroom,Apartment,1805,1832,4.1,16.1,3.3,43.524748,-80.414641,Synthetic candidate record,Derived from CMHC baseline,"CMHC Rental Market Survey, Canada, 2025; Table 1.0",b,a
SYN-1534,Belleville,Belleville - Quinte West CMA,Belleville area 05,2 Bedroom,Townhouse,1435,1484,3.4,16.9,,44.253295,-77.262627,Synthetic candidate record,Derived from CMHC baseline,"CMHC Rental Market Survey, Canada, 2025; Table 1.0",c,a
SYN-1535,Toronto,Toronto CMA,Toronto area 03,1 Bedroom,Apartment,1740,2046,3,8.7,3.4,43.702327,-79.265814,Synthetic candidate record,Derived from CMHC baseline,"CMHC Rental Market Survey, Canada, 2025; Table 1.0",a,a
SYN-1536,Barrie,Barrie CMA,Barrie area 09,1 Bedroom,Apartment,1530,1755,4.3,12.8,4.3,44.306507,-79.760288,Synthetic candidate record,Derived from CMHC baseline,"CMHC Rental Market Survey, Canada, 2025; Table 1.0",b,a
SYN-1537,Oshawa,Oshawa CMA,Oshawa area 11,1 Bedroom,Townhouse,1645,1754,3.7,4.8,,43.850849,-78.935045,Synthetic candidate record,Derived from CMHC baseline,"CMHC Rental Market Survey, Canada, 2025; Table 1.0",b,a
SYN-1538,Barrie,Barrie CMA,Barrie area 08,1 Bedroom,Apartment,1460,1755,4.3,12.8,4.3,44.4566,-79.593017,Synthetic candidate record,Derived from CMHC baseline,"CMHC Rental Market Survey, Canada, 2025; Table 1.0",b,a
SYN-1539,Toronto,Toronto CMA,Toronto area 04,Studio,Apartment,1125,2046,3,8.7,3.4,43.649242,-79.288021,Synthetic candidate record,Derived from CMHC baseline,"CMHC Rental Market Survey, Canada, 2025; Table 1.0",a,a
SYN-1540,Thunder Bay,Thunder Bay CMA,Thunder Bay area 06,Studio,Apartment,1060,1495,4,3.4,6.8,48.336189,-89.214477,Synthetic candidate record,Derived from CMHC baseline,"CMHC Rental Market Survey, Canada, 2025; Table 1.0",b,a
SYN-1541,Brantford,Brantford CMA,Brantford area 11,1 Bedroom,Apartment,1335,1619,3.5,14.5,,43.213211,-80.366574,Synthetic candidate record,Derived from CMHC baseline,"CMHC Rental Market Survey, Canada, 2025; Table 1.0",c,a
SYN-1542,Kingston,Kingston CMA,Kingston area 03,1 Bedroom,Apartment,1360,1764,2.4,17.3,2.4,44.177734,-76.442847,Synthetic candidate record,Derived from CMHC baseline,"CMHC Rental Market Survey, Canada, 2025; Table 1.0",a,a
SYN-1543,Toronto,Toronto CMA,Toronto area 05,2 Bedroom,Apartment,1940,2046,3,8.7,3.4,43.743541,-79.247208,Synthetic candidate record,Derived from CMHC baseline,"CMHC Rental Market Survey, Canada, 2025; Table 1.0",a,a
SYN-1544,Barrie,Barrie CMA,Barrie area 04,2 Bedroom,Apartment,1725,1755,4.3,12.8,4.3,44.397488,-79.817718,Synthetic candidate record,Derived from CMHC baseline,"CMHC Rental Market Survey, Canada, 2025; Table 1.0",b,a
SYN-1545,Peterborough,Peterborough CMA,Peterborough area 11,Studio,Townhouse,1140,1518,3.1,8.4,,44.249908,-78.300033,Synthetic candidate record,Derived from CMHC baseline,"CMHC Rental Market Survey, Canada, 2025; Table 1.0",b,a
SYN-1546,Thunder Bay,Thunder Bay CMA,Thunder Bay area 06,Studio,Townhouse,1120,1495,4,3.4,6.8,48.456071,-89.355178,Synthetic candidate record,Derived from CMHC baseline,"CMHC Rental Market Survey, Canada, 2025; Table 1.0",b,a
SYN-1547,Peterborough,Peterborough CMA,Peterborough area 01,1 Bedroom,Townhouse,1420,1518,3.1,8.4,,44.397596,-78.377258,Synthetic candidate record,Derived from CMHC baseline,"CMHC Rental Market Survey, Canada, 2025; Table 1.0",b,a
SYN-1548,Kingston,Kingston CMA,Kingston area 01,1 Bedroom,Apartment,1385,1764,2.4,17.3,2.4,44.317262,-76.371037,Synthetic candidate record,Derived from CMHC baseline,"CMHC Rental Market Survey, Canada, 2025; Table 1.0",a,a
SYN-1549,Guelph,Guelph CMA,Guelph area 06,2 Bedroom,Apartment,1565,1802,3.1,15.1,4.6,43.546436,-80.225716,Synthetic candidate record,Derived from CMHC baseline,"CMHC Rental Market Survey, Canada, 2025; Table 1.0",b,a
SYN-1550,Kitchener-Waterloo,Kitchener-Cambridge-Waterloo CMA,Kitchener-Waterloo area 11,1 Bedroom,Apartment,1490,1832,4.1,16.1,3.3,43.483012,-80.588904,Synthetic candidate record,Derived from CMHC baseline,"CMHC Rental Market Survey, Canada, 2025; Table 1.0",b,a
SYN-1551,Brantford,Brantford CMA,Brantford area 09,3 Bedroom,Apartment,1510,1619,3.5,14.5,,43.165465,-80.200277,Synthetic candidate record,Derived from CMHC baseline,"CMHC Rental Market Survey, Canada, 2025; Table 1.0",c,a
SYN-1552,Guelph,Guelph CMA,Guelph area 09,2 Bedroom,Apartment,1615,1802,3.1,15.1,4.6,43.56622,-80.204273,Synthetic candidate record,Derived from CMHC baseline,"CMHC Rental Market Survey, Canada, 2025; Table 1.0",b,a
SYN-1553,Toronto,Toronto CMA,Toronto area 06,1 Bedroom,Apartment,1730,2046,3,8.7,3.4,43.602006,-79.45422,Synthetic candidate record,Derived from CMHC baseline,"CMHC Rental Market Survey, Canada, 2025; Table 1.0",a,a
SYN-1554,London,London CMA,London area 07,1 Bedroom,Apartment,1280,1651,4,15.1,4.1,43.023515,-81.260335,Synthetic candidate record,Derived from CMHC baseline,"CMHC Rental Market Survey, Canada, 2025; Table 1.0",a,a
SYN-1555,Peterborough,Peterborough CMA,Peterborough area 07,Studio,Apartment,1130,1518,3.1,8.4,,44.330144,-78.333963,Synthetic candidate record,Derived from CMHC baseline,"CMHC Rental Market Survey, Canada, 2025; Table 1.0",b,a
SYN-1556,London,London CMA,London area 07,2 Bedroom,Apartment,1560,1651,4,15.1,4.1,43.070043,-81.315032,Synthetic candidate record,Derived from CMHC baseline,"CMHC Rental Market Survey, Canada, 2025; Table 1.0",a,a
SYN-1557,Hamilton,Hamilton CMA,Hamilton area 03,2 Bedroom,Apartment,1620,1656,3.6,13.1,1.6,43.237401,-79.86972,Synthetic candidate record,Derived from CMHC baseline,"CMHC Rental Market Survey, Canada, 2025; Table 1.0",a,a
SYN-1558,Windsor,Windsor CMA,Windsor area 01,2 Bedroom,Apartment,1500,1454,3.7,12.2,3.6,42.394874,-82.934594,Synthetic candidate record,Derived from CMHC baseline,"CMHC Rental Market Survey, Canada, 2025; Table 1.0",b,a
SYN-1559,Kingston,Kingston CMA,Kingston area 01,1 Bedroom,Apartment,1465,1764,2.4,17.3,2.4,44.225172,-76.597371,Synthetic candidate record,Derived from CMHC baseline,"CMHC Rental Market Survey, Canada, 2025; Table 1.0",a,a
SYN-1560,Thunder Bay,Thunder Bay CMA,Thunder Bay area 09,Studio,Apartment,895,1495,4,3.4,6.8,48.478887,-89.3584,Synthetic candidate record,Derived from CMHC baseline,"CMHC Rental Market Survey, Canada, 2025; Table 1.0",b,a
SYN-1561,Greater Sudbury,Greater Sudbury/Grand Sudbury CMA,Greater Sudbury area 06,3 Bedroom,Apartment,2070,1558,1.2,6.6,,46.439987,-81.05302,Synthetic candidate record,Derived from CMHC baseline,"CMHC Rental Market Survey, Canada, 2025; Table 1.0",a,a
SYN-1562,Ottawa,Ottawa-Gatineau CMA (Ont. part),Ottawa area 12,2 Bedroom,Apartment,2085,1926,3,15.4,3.4,45.520327,-75.826783,Synthetic candidate record,Derived from CMHC baseline,"CMHC Rental Market Survey, Canada, 2025; Table 1.0",b,a
SYN-1563,Peterborough,Peterborough CMA,Peterborough area 12,3 Bedroom,Townhouse,1845,1518,3.1,8.4,,44.296238,-78.247686,Synthetic candidate record,Derived from CMHC baseline,"CMHC Rental Market Survey, Canada, 2025; Table 1.0",b,a
SYN-1564,Hamilton,Hamilton CMA,Hamilton area 10,2 Bedroom,Apartment,1505,1656,3.6,13.1,1.6,43.186151,-80.006268,Synthetic candidate record,Derived from CMHC baseline,"CMHC Rental Market Survey, Canada, 2025; Table 1.0",a,a
SYN-1565,Peterborough,Peterborough CMA,Peterborough area 02,2 Bedroom,Townhouse,1545,1518,3.1,8.4,,44.310833,-78.295082,Synthetic candidate record,Derived from CMHC baseline,"CMHC Rental Market Survey, Canada, 2025; Table 1.0",b,a
SYN-1566,London,London CMA,London area 09,1 Bedroom,Apartment,1430,1651,4,15.1,4.1,42.894558,-81.240467,Synthetic candidate record,Derived from CMHC baseline,"CMHC Rental Market Survey, Canada, 2025; Table 1.0",a,a
SYN-1567,Thunder Bay,Thunder Bay CMA,Thunder Bay area 12,1 Bedroom,Townhouse,1300,1495,4,3.4,6.8,48.309539,-89.153151,Synthetic candidate record,Derived from CMHC baseline,"CMHC Rental Market Survey, Canada, 2025; Table 1.0",b,a
SYN-1568,Kitchener-Waterloo,Kitchener-Cambridge-Waterloo CMA,Kitchener-Waterloo area 02,1 Bedroom,Apartment,1565,1832,4.1,16.1,3.3,43.466628,-80.460686,Synthetic candidate record,Derived from CMHC baseline,"CMHC Rental Market Survey, Canada, 2025; Table 1.0",b,a
SYN-1569,Peterborough,Peterborough CMA,Peterborough area 05,1 Bedroom,Apartment,1220,1518,3.1,8.4,,44.253827,-78.412122,Synthetic candidate record,Derived from CMHC baseline,"CMHC Rental Market Survey, Canada, 2025; Table 1.0",b,a
SYN-1570,Guelph,Guelph CMA,Guelph area 09,3 Bedroom,Apartment,2405,1802,3.1,15.1,4.6,43.473001,-80.329089,Synthetic candidate record,Derived from CMHC baseline,"CMHC Rental Market Survey, Canada, 2025; Table 1.0",b,a
SYN-1571,Kingston,Kingston CMA,Kingston area 01,Studio,Apartment,1310,1764,2.4,17.3,2.4,44.290998,-76.623701,Synthetic candidate record,Derived from CMHC baseline,"CMHC Rental Market Survey, Canada, 2025; Table 1.0",a,a
SYN-1572,Peterborough,Peterborough CMA,Peterborough area 08,1 Bedroom,Townhouse,1315,1518,3.1,8.4,,44.355518,-78.31386,Synthetic candidate record,Derived from CMHC baseline,"CMHC Rental Market Survey, Canada, 2025; Table 1.0",b,a
SYN-1573,Oshawa,Oshawa CMA,Oshawa area 05,3 Bedroom,Apartment,1995,1754,3.7,4.8,,43.849711,-78.764632,Synthetic candidate record,Derived from CMHC baseline,"CMHC Rental Market Survey, Canada, 2025; Table 1.0",b,a
SYN-1574,Guelph,Guelph CMA,Guelph area 02,3 Bedroom,Apartment,2275,1802,3.1,15.1,4.6,43.593656,-80.324785,Synthetic candidate record,Derived from CMHC baseline,"CMHC Rental Market Survey, Canada, 2025; Table 1.0",b,a
SYN-1575,Ottawa,Ottawa-Gatineau CMA (Ont. part),Ottawa area 12,1 Bedroom,Apartment,1550,1926,3,15.4,3.4,45.424069,-75.618257,Synthetic candidate record,Derived from CMHC baseline,"CMHC Rental Market Survey, Canada, 2025; Table 1.0",b,a
SYN-1576,Ottawa,Ottawa-Gatineau CMA (Ont. part),Ottawa area 09,3 Bedroom,Apartment,2615,1926,3,15.4,3.4,45.408176,-75.573998,Synthetic candidate record,Derived from CMHC baseline,"CMHC Rental Market Survey, Canada, 2025; Table 1.0",b,a
SYN-1577,Ottawa,Ottawa-Gatineau CMA (Ont. part),Ottawa area 04,1 Bedroom,Apartment,1735,1926,3,15.4,3.4,45.370683,-75.672597,Synthetic candidate record,Derived from CMHC baseline,"CMHC Rental Market Survey, Canada, 2025; Table 1.0",b,a
SYN-1578,Kitchener-Waterloo,Kitchener-Cambridge-Waterloo CMA,Kitchener-Waterloo area 08,1 Bedroom,Apartment,1455,1832,4.1,16.1,3.3,43.448501,-80.578702,Synthetic candidate record,Derived from CMHC baseline,"CMHC Rental Market Survey, Canada, 2025; Table 1.0",b,a
SYN-1579,Oshawa,Oshawa CMA,Oshawa area 02,1 Bedroom,Apartment,1640,1754,3.7,4.8,,43.946989,-79.003688,Synthetic candidate record,Derived from CMHC baseline,"CMHC Rental Market Survey, Canada, 2025; Table 1.0",b,a
SYN-1580,Windsor,Windsor CMA,Windsor area 12,2 Bedroom,Apartment,1390,1454,3.7,12.2,3.6,42.356898,-83.161137,Synthetic candidate record,Derived from CMHC baseline,"CMHC Rental Market Survey, Canada, 2025; Table 1.0",b,a
SYN-1581,St. Catharines,St. Catharines-Niagara CMA,St. Catharines area 05,2 Bedroom,Apartment,1440,1527,3.9,12.8,5.5,43.190788,-79.334619,Synthetic candidate record,Derived from CMHC baseline,"CMHC Rental Market Survey, Canada, 2025; Table 1.0",b,a
SYN-1582,London,London CMA,London area 10,3 Bedroom,Townhouse,2050,1651,4,15.1,4.1,42.982944,-81.209751,Synthetic candidate record,Derived from CMHC baseline,"CMHC Rental Market Survey, Canada, 2025; Table 1.0",a,a
SYN-1583,Peterborough,Peterborough CMA,Peterborough area 05,2 Bedroom,Apartment,1565,1518,3.1,8.4,,44.385279,-78.24844,Synthetic candidate record,Derived from CMHC baseline,"CMHC Rental Market Survey, Canada, 2025; Table 1.0",b,a
SYN-1584,Thunder Bay,Thunder Bay CMA,Thunder Bay area 03,3 Bedroom,Apartment,1875,1495,4,3.4,6.8,48.330379,-89.270325,Synthetic candidate record,Derived from CMHC baseline,"CMHC Rental Market Survey, Canada, 2025; Table 1.0",b,a
SYN-1585,Toronto,Toronto CMA,Toronto area 08,3 Bedroom,Apartment,2405,2046,3,8.7,3.4,43.578812,-79.277559,Synthetic candidate record,Derived from CMHC baseline,"CMHC Rental Market Survey, Canada, 2025; Table 1.0",a,a
SYN-1586,Thunder Bay,Thunder Bay CMA,Thunder Bay area 07,2 Bedroom,Apartment,1585,1495,4,3.4,6.8,48.339086,-89.245445,Synthetic candidate record,Derived from CMHC baseline,"CMHC Rental Market Survey, Canada, 2025; Table 1.0",b,a
SYN-1587,Belleville,Belleville - Quinte West CMA,Belleville area 07,2 Bedroom,Apartment,1475,1484,3.4,16.9,,44.141076,-77.399384,Synthetic candidate record,Derived from CMHC baseline,"CMHC Rental Market Survey, Canada, 2025; Table 1.0",c,a
SYN-1588,St. Catharines,St. Catharines-Niagara CMA,St. Catharines area 11,3 Bedroom,Apartment,2000,1527,3.9,12.8,5.5,43.156501,-79.323958,Synthetic candidate record,Derived from CMHC baseline,"CMHC Rental Market Survey, Canada, 2025; Table 1.0",b,a
SYN-1589,Belleville,Belleville - Quinte West CMA,Belleville area 02,1 Bedroom,Townhouse,1350,1484,3.4,16.9,,44.170003,-77.305261,Synthetic candidate record,Derived from CMHC baseline,"CMHC Rental Market Survey, Canada, 2025; Table 1.0",c,a
SYN-1590,Ottawa,Ottawa-Gatineau CMA (Ont. part),Ottawa area 07,1 Bedroom,Apartment,1815,1926,3,15.4,3.4,45.511556,-75.833656,Synthetic candidate record,Derived from CMHC baseline,"CMHC Rental Market Survey, Canada, 2025; Table 1.0",b,a
SYN-1591,Brantford,Brantford CMA,Brantford area 09,2 Bedroom,Apartment,1795,1619,3.5,14.5,,43.149979,-80.221935,Synthetic candidate record,Derived from CMHC baseline,"CMHC Rental Market Survey, Canada, 2025; Table 1.0",c,a
SYN-1592,Kitchener-Waterloo,Kitchener-Cambridge-Waterloo CMA,Kitchener-Waterloo area 07,1 Bedroom,Apartment,1400,1832,4.1,16.1,3.3,43.548643,-80.39934,Synthetic candidate record,Derived from CMHC baseline,"CMHC Rental Market Survey, Canada, 2025; Table 1.0",b,a
SYN-1593,London,London CMA,London area 01,1 Bedroom,Apartment,1430,1651,4,15.1,4.1,42.928023,-81.181507,Synthetic candidate record,Derived from CMHC baseline,"CMHC Rental Market Survey, Canada, 2025; Table 1.0",a,a
SYN-1594,Belleville,Belleville - Quinte West CMA,Belleville area 01,2 Bedroom,Apartment,1430,1484,3.4,16.9,,44.1631,-77.301974,Synthetic candidate record,Derived from CMHC baseline,"CMHC Rental Market Survey, Canada, 2025; Table 1.0",c,a
SYN-1595,Kingston,Kingston CMA,Kingston area 02,1 Bedroom,Apartment,1470,1764,2.4,17.3,2.4,44.180662,-76.549512,Synthetic candidate record,Derived from CMHC baseline,"CMHC Rental Market Survey, Canada, 2025; Table 1.0",a,a
SYN-1596,Greater Sudbury,Greater Sudbury/Grand Sudbury CMA,Greater Sudbury area 02,2 Bedroom,Apartment,1755,1558,1.2,6.6,,46.555359,-80.88359,Synthetic candidate record,Derived from CMHC baseline,"CMHC Rental Market Survey, Canada, 2025; Table 1.0",a,a
SYN-1597,Brantford,Brantford CMA,Brantford area 02,Studio,Townhouse,1335,1619,3.5,14.5,,43.14774,-80.149564,Synthetic candidate record,Derived from CMHC baseline,"CMHC Rental Market Survey, Canada, 2025; Table 1.0",c,a
SYN-1598,Greater Sudbury,Greater Sudbury/Grand Sudbury CMA,Greater Sudbury area 12,1 Bedroom,Apartment,1295,1558,1.2,6.6,,46.548654,-81.014743,Synthetic candidate record,Derived from CMHC baseline,"CMHC Rental Market Survey, Canada, 2025; Table 1.0",a,a
SYN-1599,Barrie,Barrie CMA,Barrie area 05,1 Bedroom,Townhouse,1580,1755,4.3,12.8,4.3,44.42061,-79.698304,Synthetic candidate record,Derived from CMHC baseline,"CMHC Rental Market Survey, Canada, 2025; Table 1.0",b,a
SYN-1600,Thunder Bay,Thunder Bay CMA,Thunder Bay area 12,Studio,Townhouse,1160,1495,4,3.4,6.8,48.393099,-89.252714,Synthetic candidate record,Derived from CMHC baseline,"CMHC Rental Market Survey, Canada, 2025; Table 1.0",b,a
SYN-1601,London,London CMA,London area 08,1 Bedroom,Townhouse,1425,1651,4,15.1,4.1,43.03744,-81.186635,Synthetic candidate record,Derived from CMHC baseline,"CMHC Rental Market Survey, Canada, 2025; Table 1.0",a,a
SYN-1602,London,London CMA,London area 06,2 Bedroom,Apartment,1350,1651,4,15.1,4.1,42.96437,-81.318539,Synthetic candidate record,Derived from CMHC baseline,"CMHC Rental Market Survey, Canada, 2025; Table 1.0",a,a
SYN-1603,Windsor,Windsor CMA,Windsor area 03,2 Bedroom,Apartment,1355,1454,3.7,12.2,3.6,42.410063,-83.145835,Synthetic candidate record,Derived from CMHC baseline,"CMHC Rental Market Survey, Canada, 2025; Table 1.0",b,a
SYN-1604,Kitchener-Waterloo,Kitchener-Cambridge-Waterloo CMA,Kitchener-Waterloo area 07,3 Bedroom,Townhouse,2720,1832,4.1,16.1,3.3,43.470282,-80.607138,Synthetic candidate record,Derived from CMHC baseline,"CMHC Rental Market Survey, Canada, 2025; Table 1.0",b,a
SYN-1605,Windsor,Windsor CMA,Windsor area 03,2 Bedroom,Apartment,1575,1454,3.7,12.2,3.6,42.297272,-82.971349,Synthetic candidate record,Derived from CMHC baseline,"CMHC Rental Market Survey, Canada, 2025; Table 1.0",b,a
SYN-1606,Belleville,Belleville - Quinte West CMA,Belleville area 04,1 Bedroom,Townhouse,1355,1484,3.4,16.9,,44.237086,-77.447841,Synthetic candidate record,Derived from CMHC baseline,"CMHC Rental Market Survey, Canada, 2025; Table 1.0",c,a
SYN-1607,Windsor,Windsor CMA,Windsor area 09,2 Bedroom,Apartment,1530,1454,3.7,12.2,3.6,42.307174,-83.040999,Synthetic candidate record,Derived from CMHC baseline,"CMHC Rental Market Survey, Canada, 2025; Table 1.0",b,a
SYN-1608,Brantford,Brantford CMA,Brantford area 01,3 Bedroom,Townhouse,2120,1619,3.5,14.5,,43.179251,-80.298473,Synthetic candidate record,Derived from CMHC baseline,"CMHC Rental Market Survey, Canada, 2025; Table 1.0",c,a
SYN-1609,Kingston,Kingston CMA,Kingston area 07,2 Bedroom,Apartment,1835,1764,2.4,17.3,2.4,44.325583,-76.614658,Synthetic candidate record,Derived from CMHC baseline,"CMHC Rental Market Survey, Canada, 2025; Table 1.0",a,a
SYN-1610,Windsor,Windsor CMA,Windsor area 07,1 Bedroom,Townhouse,1375,1454,3.7,12.2,3.6,42.242873,-82.935186,Synthetic candidate record,Derived from CMHC baseline,"CMHC Rental Market Survey, Canada, 2025; Table 1.0",b,a
SYN-1611,Greater Sudbury,Greater Sudbury/Grand Sudbury CMA,Greater Sudbury area 09,Studio,Apartment,1000,1558,1.2,6.6,,46.576094,-80.941673,Synthetic candidate record,Derived from CMHC baseline,"CMHC Rental Market Survey, Canada, 2025; Table 1.0",a,a
SYN-1612,Ottawa,Ottawa-Gatineau CMA (Ont. part),Ottawa area 05,2 Bedroom,Apartment,1975,1926,3,15.4,3.4,45.434262,-75.792388,Synthetic candidate record,Derived from CMHC baseline,"CMHC Rental Market Survey, Canada, 2025; Table 1.0",b,a
SYN-1613,Kitchener-Waterloo,Kitchener-Cambridge-Waterloo CMA,Kitchener-Waterloo area 12,2 Bedroom,Apartment,1730,1832,4.1,16.1,3.3,43.444176,-80.372327,Synthetic candidate record,Derived from CMHC baseline,"CMHC Rental Market Survey, Canada, 2025; Table 1.0",b,a
SYN-1614,Hamilton,Hamilton CMA,Hamilton area 03,1 Bedroom,Townhouse,1455,1656,3.6,13.1,1.6,43.157664,-79.894084,Synthetic candidate record,Derived from CMHC baseline,"CMHC Rental Market Survey, Canada, 2025; Table 1.0",a,a
SYN-1615,Windsor,Windsor CMA,Windsor area 06,Studio,Apartment,970,1454,3.7,12.2,3.6,42.353709,-83.026195,Synthetic candidate record,Derived from CMHC baseline,"CMHC Rental Market Survey, Canada, 2025; Table 1.0",b,a
SYN-1616,Guelph,Guelph CMA,Guelph area 11,Studio,Townhouse,1385,1802,3.1,15.1,4.6,43.563691,-80.367738,Synthetic candidate record,Derived from CMHC baseline,"CMHC Rental Market Survey, Canada, 2025; Table 1.0",b,a
SYN-1617,London,London CMA,London area 10,1 Bedroom,Apartment,1425,1651,4,15.1,4.1,43.049051,-81.144664,Synthetic candidate record,Derived from CMHC baseline,"CMHC Rental Market Survey, Canada, 2025; Table 1.0",a,a
SYN-1618,Oshawa,Oshawa CMA,Oshawa area 11,1 Bedroom,Townhouse,1510,1754,3.7,4.8,,43.983962,-78.848838,Synthetic candidate record,Derived from CMHC baseline,"CMHC Rental Market Survey, Canada, 2025; Table 1.0",b,a
SYN-1619,Kitchener-Waterloo,Kitchener-Cambridge-Waterloo CMA,Kitchener-Waterloo area 03,Studio,Apartment,1300,1832,4.1,16.1,3.3,43.387265,-80.474962,Synthetic candidate record,Derived from CMHC baseline,"CMHC Rental Market Survey, Canada, 2025; Table 1.0",b,a
SYN-1620,Greater Sudbury,Greater Sudbury/Grand Sudbury CMA,Greater Sudbury area 10,1 Bedroom,Apartment,1320,1558,1.2,6.6,,46.585032,-80.924074,Synthetic candidate record,Derived from CMHC baseline,"CMHC Rental Market Survey, Canada, 2025; Table 1.0",a,a
SYN-1621,Windsor,Windsor CMA,Windsor area 03,1 Bedroom,Apartment,1250,1454,3.7,12.2,3.6,42.233168,-82.954352,Synthetic candidate record,Derived from CMHC baseline,"CMHC Rental Market Survey, Canada, 2025; Table 1.0",b,a
SYN-1622,Hamilton,Hamilton CMA,Hamilton area 01,1 Bedroom,Apartment,1060,1656,3.6,13.1,1.6,43.220368,-79.762367,Synthetic candidate record,Derived from CMHC baseline,"CMHC Rental Market Survey, Canada, 2025; Table 1.0",a,a
SYN-1623,Hamilton,Hamilton CMA,Hamilton area 04,2 Bedroom,Townhouse,1655,1656,3.6,13.1,1.6,43.216212,-79.799699,Synthetic candidate record,Derived from CMHC baseline,"CMHC Rental Market Survey, Canada, 2025; Table 1.0",a,a
SYN-1624,Greater Sudbury,Greater Sudbury/Grand Sudbury CMA,Greater Sudbury area 09,1 Bedroom,Townhouse,1435,1558,1.2,6.6,,46.532949,-81.035125,Synthetic candidate record,Derived from CMHC baseline,"CMHC Rental Market Survey, Canada, 2025; Table 1.0",a,a
SYN-1625,Ottawa,Ottawa-Gatineau CMA (Ont. part),Ottawa area 07,2 Bedroom,Apartment,2260,1926,3,15.4,3.4,45.488221,-75.636977,Synthetic candidate record,Derived from CMHC baseline,"CMHC Rental Market Survey, Canada, 2025; Table 1.0",b,a
SYN-1626,Toronto,Toronto CMA,Toronto area 07,1 Bedroom,Apartment,1595,2046,3,8.7,3.4,43.690274,-79.367194,Synthetic candidate record,Derived from CMHC baseline,"CMHC Rental Market Survey, Canada, 2025; Table 1.0",a,a
SYN-1627,Peterborough,Peterborough CMA,Peterborough area 10,1 Bedroom,Apartment,1345,1518,3.1,8.4,,44.278298,-78.34092,Synthetic candidate record,Derived from CMHC baseline,"CMHC Rental Market Survey, Canada, 2025; Table 1.0",b,a
SYN-1628,Kitchener-Waterloo,Kitchener-Cambridge-Waterloo CMA,Kitchener-Waterloo area 04,1 Bedroom,Apartment,1350,1832,4.1,16.1,3.3,43.538238,-80.356007,Synthetic candidate record,Derived from CMHC baseline,"CMHC Rental Market Survey, Canada, 2025; Table 1.0",b,a
SYN-1629,Toronto,Toronto CMA,Toronto area 05,1 Bedroom,Apartment,1785,2046,3,8.7,3.4,43.572022,-79.419448,Synthetic candidate record,Derived from CMHC baseline,"CMHC Rental Market Survey, Canada, 2025; Table 1.0",a,a
SYN-1630,Barrie,Barrie CMA,Barrie area 07,2 Bedroom,Apartment,1760,1755,4.3,12.8,4.3,44.418844,-79.650649,Synthetic candidate record,Derived from CMHC baseline,"CMHC Rental Market Survey, Canada, 2025; Table 1.0",b,a
SYN-1631,Belleville,Belleville - Quinte West CMA,Belleville area 12,3 Bedroom,Apartment,1820,1484,3.4,16.9,,44.177236,-77.514117,Synthetic candidate record,Derived from CMHC baseline,"CMHC Rental Market Survey, Canada, 2025; Table 1.0",c,a
SYN-1632,Windsor,Windsor CMA,Windsor area 11,3 Bedroom,Townhouse,1980,1454,3.7,12.2,3.6,42.31296,-83.043581,Synthetic candidate record,Derived from CMHC baseline,"CMHC Rental Market Survey, Canada, 2025; Table 1.0",b,a
SYN-1633,Guelph,Guelph CMA,Guelph area 03,Studio,Apartment,1115,1802,3.1,15.1,4.6,43.585928,-80.337349,Synthetic candidate record,Derived from CMHC baseline,"CMHC Rental Market Survey, Canada, 2025; Table 1.0",b,a
SYN-1634,Brantford,Brantford CMA,Brantford area 01,1 Bedroom,Apartment,1225,1619,3.5,14.5,,43.05061,-80.226719,Synthetic candidate record,Derived from CMHC baseline,"CMHC Rental Market Survey, Canada, 2025; Table 1.0",c,a
SYN-1635,Ottawa,Ottawa-Gatineau CMA (Ont. part),Ottawa area 11,Studio,Apartment,1375,1926,3,15.4,3.4,45.444301,-75.834922,Synthetic candidate record,Derived from CMHC baseline,"CMHC Rental Market Survey, Canada, 2025; Table 1.0",b,a
SYN-1636,Ottawa,Ottawa-Gatineau CMA (Ont. part),Ottawa area 06,3 Bedroom,Apartment,2355,1926,3,15.4,3.4,45.502645,-75.672453,Synthetic candidate record,Derived from CMHC baseline,"CMHC Rental Market Survey, Canada, 2025; Table 1.0",b,a
SYN-1637,Barrie,Barrie CMA,Barrie area 09,3 Bedroom,Townhouse,2105,1755,4.3,12.8,4.3,44.301697,-79.776239,Synthetic candidate record,Derived from CMHC baseline,"CMHC Rental Market Survey, Canada, 2025; Table 1.0",b,a
SYN-1638,Hamilton,Hamilton CMA,Hamilton area 10,2 Bedroom,Apartment,1750,1656,3.6,13.1,1.6,43.190217,-79.996183,Synthetic candidate record,Derived from CMHC baseline,"CMHC Rental Market Survey, Canada, 2025; Table 1.0",a,a
SYN-1639,Kitchener-Waterloo,Kitchener-Cambridge-Waterloo CMA,Kitchener-Waterloo area 05,2 Bedroom,Townhouse,2095,1832,4.1,16.1,3.3,43.519172,-80.629361,Synthetic candidate record,Derived from CMHC baseline,"CMHC Rental Market Survey, Canada, 2025; Table 1.0",b,a
SYN-1640,Peterborough,Peterborough CMA,Peterborough area 10,Studio,Townhouse,1235,1518,3.1,8.4,,44.322735,-78.264838,Synthetic candidate record,Derived from CMHC baseline,"CMHC Rental Market Survey, Canada, 2025; Table 1.0",b,a
SYN-1641,Toronto,Toronto CMA,Toronto area 01,Studio,Apartment,1410,2046,3,8.7,3.4,43.6167,-79.348198,Synthetic candidate record,Derived from CMHC baseline,"CMHC Rental Market Survey, Canada, 2025; Table 1.0",a,a
SYN-1642,Kingston,Kingston CMA,Kingston area 12,2 Bedroom,Apartment,1815,1764,2.4,17.3,2.4,44.258789,-76.497067,Synthetic candidate record,Derived from CMHC baseline,"CMHC Rental Market Survey, Canada, 2025; Table 1.0",a,a
SYN-1643,London,London CMA,London area 05,1 Bedroom,Apartment,1350,1651,4,15.1,4.1,42.946997,-81.278296,Synthetic candidate record,Derived from CMHC baseline,"CMHC Rental Market Survey, Canada, 2025; Table 1.0",a,a
SYN-1644,Kingston,Kingston CMA,Kingston area 05,1 Bedroom,Apartment,1270,1764,2.4,17.3,2.4,44.213997,-76.392417,Synthetic candidate record,Derived from CMHC baseline,"CMHC Rental Market Survey, Canada, 2025; Table 1.0",a,a
SYN-1645,Kitchener-Waterloo,Kitchener-Cambridge-Waterloo CMA,Kitchener-Waterloo area 06,1 Bedroom,Apartment,1495,1832,4.1,16.1,3.3,43.370082,-80.532405,Synthetic candidate record,Derived from CMHC baseline,"CMHC Rental Market Survey, Canada, 2025; Table 1.0",b,a
SYN-1646,Peterborough,Peterborough CMA,Peterborough area 03,2 Bedroom,Townhouse,1770,1518,3.1,8.4,,44.375,-78.267424,Synthetic candidate record,Derived from CMHC baseline,"CMHC Rental Market Survey, Canada, 2025; Table 1.0",b,a
SYN-1647,Belleville,Belleville - Quinte West CMA,Belleville area 11,3 Bedroom,Townhouse,2080,1484,3.4,16.9,,44.261551,-77.401642,Synthetic candidate record,Derived from CMHC baseline,"CMHC Rental Market Survey, Canada, 2025; Table 1.0",c,a
SYN-1648,Oshawa,Oshawa CMA,Oshawa area 05,1 Bedroom,Apartment,1555,1754,3.7,4.8,,43.815252,-78.789915,Synthetic candidate record,Derived from CMHC baseline,"CMHC Rental Market Survey, Canada, 2025; Table 1.0",b,a
SYN-1649,Kitchener-Waterloo,Kitchener-Cambridge-Waterloo CMA,Kitchener-Waterloo area 08,1 Bedroom,Apartment,1620,1832,4.1,16.1,3.3,43.477823,-80.49933,Synthetic candidate record,Derived from CMHC baseline,"CMHC Rental Market Survey, Canada, 2025; Table 1.0",b,a
SYN-1650,Ottawa,Ottawa-Gatineau CMA (Ont. part),Ottawa area 06,1 Bedroom,Townhouse,1635,1926,3,15.4,3.4,45.453161,-75.582858,Synthetic candidate record,Derived from CMHC baseline,"CMHC Rental Market Survey, Canada, 2025; Table 1.0",b,a
SYN-1651,Guelph,Guelph CMA,Guelph area 03,2 Bedroom,Apartment,1885,1802,3.1,15.1,4.6,43.512134,-80.137008,Synthetic candidate record,Derived from CMHC baseline,"CMHC Rental Market Survey, Canada, 2025; Table 1.0",b,a
SYN-1652,Peterborough,Peterborough CMA,Peterborough area 08,1 Bedroom,Townhouse,1440,1518,3.1,8.4,,44.318456,-78.249255,Synthetic candidate record,Derived from CMHC baseline,"CMHC Rental Market Survey, Canada, 2025; Table 1.0",b,a
SYN-1653,Toronto,Toronto CMA,Toronto area 10,2 Bedroom,Townhouse,2185,2046,3,8.7,3.4,43.601918,-79.321455,Synthetic candidate record,Derived from CMHC baseline,"CMHC Rental Market Survey, Canada, 2025; Table 1.0",a,a
SYN-1654,Ottawa,Ottawa-Gatineau CMA (Ont. part),Ottawa area 04,1 Bedroom,Townhouse,1560,1926,3,15.4,3.4,45.381535,-75.563057,Synthetic candidate record,Derived from CMHC baseline,"CMHC Rental Market Survey, Canada, 2025; Table 1.0",b,a
SYN-1655,Guelph,Guelph CMA,Guelph area 05,1 Bedroom,Apartment,1585,1802,3.1,15.1,4.6,43.450511,-80.244833,Synthetic candidate record,Derived from CMHC baseline,"CMHC Rental Market Survey, Canada, 2025; Table 1.0",b,a
SYN-1656,Kitchener-Waterloo,Kitchener-Cambridge-Waterloo CMA,Kitchener-Waterloo area 01,3 Bedroom,Apartment,2205,1832,4.1,16.1,3.3,43.377578,-80.538468,Synthetic candidate record,Derived from CMHC baseline,"CMHC Rental Market Survey, Canada, 2025; Table 1.0",b,a
SYN-1657,Brantford,Brantford CMA,Brantford area 03,1 Bedroom,Apartment,1365,1619,3.5,14.5,,43.072468,-80.401213,Synthetic candidate record,Derived from CMHC baseline,"CMHC Rental Market Survey, Canada, 2025; Table 1.0",c,a
SYN-1658,Kitchener-Waterloo,Kitchener-Cambridge-Waterloo CMA,Kitchener-Waterloo area 04,3 Bedroom,Apartment,2075,1832,4.1,16.1,3.3,43.413105,-80.579394,Synthetic candidate record,Derived from CMHC baseline,"CMHC Rental Market Survey, Canada, 2025; Table 1.0",b,a
SYN-1659,Thunder Bay,Thunder Bay CMA,Thunder Bay area 03,Studio,Apartment,1070,1495,4,3.4,6.8,48.436022,-89.396774,Synthetic candidate record,Derived from CMHC baseline,"CMHC Rental Market Survey, Canada, 2025; Table 1.0",b,a
SYN-1660,Peterborough,Peterborough CMA,Peterborough area 11,Studio,Townhouse,1205,1518,3.1,8.4,,44.348856,-78.204316,Synthetic candidate record,Derived from CMHC baseline,"CMHC Rental Market Survey, Canada, 2025; Table 1.0",b,a
SYN-1661,Greater Sudbury,Greater Sudbury/Grand Sudbury CMA,Greater Sudbury area 03,2 Bedroom,Apartment,1560,1558,1.2,6.6,,46.4174,-80.916585,Synthetic candidate record,Derived from CMHC baseline,"CMHC Rental Market Survey, Canada, 2025; Table 1.0",a,a
SYN-1662,Greater Sudbury,Greater Sudbury/Grand Sudbury CMA,Greater Sudbury area 07,2 Bedroom,Apartment,1505,1558,1.2,6.6,,46.555658,-80.926076,Synthetic candidate record,Derived from CMHC baseline,"CMHC Rental Market Survey, Canada, 2025; Table 1.0",a,a
SYN-1663,Greater Sudbury,Greater Sudbury/Grand Sudbury CMA,Greater Sudbury area 10,2 Bedroom,Apartment,1365,1558,1.2,6.6,,46.508986,-81.073849,Synthetic candidate record,Derived from CMHC baseline,"CMHC Rental Market Survey, Canada, 2025; Table 1.0",a,a
SYN-1664,Kingston,Kingston CMA,Kingston area 01,2 Bedroom,Apartment,1780,1764,2.4,17.3,2.4,44.203656,-76.485594,Synthetic candidate record,Derived from CMHC baseline,"CMHC Rental Market Survey, Canada, 2025; Table 1.0",a,a
SYN-1665,Greater Sudbury,Greater Sudbury/Grand Sudbury CMA,Greater Sudbury area 06,3 Bedroom,Apartment,1975,1558,1.2,6.6,,46.433946,-81.011766,Synthetic candidate record,Derived from CMHC baseline,"CMHC Rental Market Survey, Canada, 2025; Table 1.0",a,a
SYN-1666,Greater Sudbury,Greater Sudbury/Grand Sudbury CMA,Greater Sudbury area 11,2 Bedroom,Townhouse,1745,1558,1.2,6.6,,46.42185,-81.047878,Synthetic candidate record,Derived from CMHC baseline,"CMHC Rental Market Survey, Canada, 2025; Table 1.0",a,a
SYN-1667,Windsor,Windsor CMA,Windsor area 02,Studio,Townhouse,1100,1454,3.7,12.2,3.6,42.31837,-83.142848,Synthetic candidate record,Derived from CMHC baseline,"CMHC Rental Market Survey, Canada, 2025; Table 1.0",b,a
SYN-1668,Peterborough,Peterborough CMA,Peterborough area 01,2 Bedroom,Apartment,1620,1518,3.1,8.4,,44.340274,-78.346399,Synthetic candidate record,Derived from CMHC baseline,"CMHC Rental Market Survey, Canada, 2025; Table 1.0",b,a
SYN-1669,Kingston,Kingston CMA,Kingston area 07,1 Bedroom,Townhouse,1555,1764,2.4,17.3,2.4,44.261963,-76.438495,Synthetic candidate record,Derived from CMHC baseline,"CMHC Rental Market Survey, Canada, 2025; Table 1.0",a,a
SYN-1670,Belleville,Belleville - Quinte West CMA,Belleville area 08,1 Bedroom,Apartment,1205,1484,3.4,16.9,,44.211213,-77.49027,Synthetic candidate record,Derived from CMHC baseline,"CMHC Rental Market Survey, Canada, 2025; Table 1.0",c,a
SYN-1671,Peterborough,Peterborough CMA,Peterborough area 07,2 Bedroom,Apartment,1690,1518,3.1,8.4,,44.231434,-78.409462,Synthetic candidate record,Derived from CMHC baseline,"CMHC Rental Market Survey, Canada, 2025; Table 1.0",b,a
SYN-1672,Greater Sudbury,Greater Sudbury/Grand Sudbury CMA,Greater Sudbury area 12,3 Bedroom,Apartment,1600,1558,1.2,6.6,,46.421777,-81.040318,Synthetic candidate record,Derived from CMHC baseline,"CMHC Rental Market Survey, Canada, 2025; Table 1.0",a,a
SYN-1673,St. Catharines,St. Catharines-Niagara CMA,St. Catharines area 08,1 Bedroom,Townhouse,1250,1527,3.9,12.8,5.5,43.067369,-79.146031,Synthetic candidate record,Derived from CMHC baseline,"CMHC Rental Market Survey, Canada, 2025; Table 1.0",b,a
SYN-1674,Peterborough,Peterborough CMA,Peterborough area 05,Studio,Apartment,1065,1518,3.1,8.4,,44.259565,-78.365128,Synthetic candidate record,Derived from CMHC baseline,"CMHC Rental Market Survey, Canada, 2025; Table 1.0",b,a
SYN-1675,Barrie,Barrie CMA,Barrie area 01,2 Bedroom,Apartment,1720,1755,4.3,12.8,4.3,44.378754,-79.746924,Synthetic candidate record,Derived from CMHC baseline,"CMHC Rental Market Survey, Canada, 2025; Table 1.0",b,a
SYN-1676,Guelph,Guelph CMA,Guelph area 03,1 Bedroom,Apartment,1590,1802,3.1,15.1,4.6,43.551054,-80.276837,Synthetic candidate record,Derived from CMHC baseline,"CMHC Rental Market Survey, Canada, 2025; Table 1.0",b,a
SYN-1677,Brantford,Brantford CMA,Brantford area 08,2 Bedroom,Apartment,1595,1619,3.5,14.5,,43.12562,-80.326153,Synthetic candidate record,Derived from CMHC baseline,"CMHC Rental Market Survey, Canada, 2025; Table 1.0",c,a
SYN-1678,London,London CMA,London area 01,3 Bedroom,Townhouse,1965,1651,4,15.1,4.1,42.893028,-81.29271,Synthetic candidate record,Derived from CMHC baseline,"CMHC Rental Market Survey, Canada, 2025; Table 1.0",a,a
SYN-1679,Hamilton,Hamilton CMA,Hamilton area 12,2 Bedroom,Apartment,1400,1656,3.6,13.1,1.6,43.171453,-79.75372,Synthetic candidate record,Derived from CMHC baseline,"CMHC Rental Market Survey, Canada, 2025; Table 1.0",a,a
SYN-1680,Oshawa,Oshawa CMA,Oshawa area 12,1 Bedroom,Apartment,1645,1754,3.7,4.8,,43.833886,-78.797309,Synthetic candidate record,Derived from CMHC baseline,"CMHC Rental Market Survey, Canada, 2025; Table 1.0",b,a
SYN-1681,Brantford,Brantford CMA,Brantford area 10,2 Bedroom,Townhouse,1975,1619,3.5,14.5,,43.153579,-80.128749,Synthetic candidate record,Derived from CMHC baseline,"CMHC Rental Market Survey, Canada, 2025; Table 1.0",c,a
SYN-1682,London,London CMA,London area 07,2 Bedroom,Apartment,1605,1651,4,15.1,4.1,42.959747,-81.252704,Synthetic candidate record,Derived from CMHC baseline,"CMHC Rental Market Survey, Canada, 2025; Table 1.0",a,a
SYN-1683,St. Catharines,St. Catharines-Niagara CMA,St. Catharines area 11,2 Bedroom,Apartment,1500,1527,3.9,12.8,5.5,43.180325,-79.134557,Synthetic candidate record,Derived from CMHC baseline,"CMHC Rental Market Survey, Canada, 2025; Table 1.0",b,a
SYN-1684,Oshawa,Oshawa CMA,Oshawa area 11,1 Bedroom,Townhouse,1725,1754,3.7,4.8,,43.838527,-78.787516,Synthetic candidate record,Derived from CMHC baseline,"CMHC Rental Market Survey, Canada, 2025; Table 1.0",b,a
SYN-1685,Hamilton,Hamilton CMA,Hamilton area 01,1 Bedroom,Townhouse,1225,1656,3.6,13.1,1.6,43.219332,-79.947628,Synthetic candidate record,Derived from CMHC baseline,"CMHC Rental Market Survey, Canada, 2025; Table 1.0",a,a
SYN-1686,Ottawa,Ottawa-Gatineau CMA (Ont. part),Ottawa area 08,1 Bedroom,Apartment,1390,1926,3,15.4,3.4,45.467133,-75.666051,Synthetic candidate record,Derived from CMHC baseline,"CMHC Rental Market Survey, Canada, 2025; Table 1.0",b,a
SYN-1687,Thunder Bay,Thunder Bay CMA,Thunder Bay area 06,2 Bedroom,Apartment,1370,1495,4,3.4,6.8,48.392431,-89.294992,Synthetic candidate record,Derived from CMHC baseline,"CMHC Rental Market Survey, Canada, 2025; Table 1.0",b,a
SYN-1688,Peterborough,Peterborough CMA,Peterborough area 04,2 Bedroom,Apartment,1485,1518,3.1,8.4,,44.30149,-78.251903,Synthetic candidate record,Derived from CMHC baseline,"CMHC Rental Market Survey, Canada, 2025; Table 1.0",b,a
SYN-1689,Kingston,Kingston CMA,Kingston area 08,2 Bedroom,Apartment,1605,1764,2.4,17.3,2.4,44.245463,-76.60362,Synthetic candidate record,Derived from CMHC baseline,"CMHC Rental Market Survey, Canada, 2025; Table 1.0",a,a
SYN-1690,Peterborough,Peterborough CMA,Peterborough area 08,Studio,Apartment,1095,1518,3.1,8.4,,44.269907,-78.249587,Synthetic candidate record,Derived from CMHC baseline,"CMHC Rental Market Survey, Canada, 2025; Table 1.0",b,a
SYN-1691,Toronto,Toronto CMA,Toronto area 05,Studio,Apartment,1295,2046,3,8.7,3.4,43.636279,-79.309965,Synthetic candidate record,Derived from CMHC baseline,"CMHC Rental Market Survey, Canada, 2025; Table 1.0",a,a
SYN-1692,Windsor,Windsor CMA,Windsor area 10,3 Bedroom,Townhouse,1800,1454,3.7,12.2,3.6,42.399135,-83.136014,Synthetic candidate record,Derived from CMHC baseline,"CMHC Rental Market Survey, Canada, 2025; Table 1.0",b,a
SYN-1693,Guelph,Guelph CMA,Guelph area 12,Studio,Apartment,1235,1802,3.1,15.1,4.6,43.50267,-80.147517,Synthetic candidate record,Derived from CMHC baseline,"CMHC Rental Market Survey, Canada, 2025; Table 1.0",b,a
SYN-1694,Greater Sudbury,Greater Sudbury/Grand Sudbury CMA,Greater Sudbury area 10,2 Bedroom,Apartment,1615,1558,1.2,6.6,,46.541956,-81.016769,Synthetic candidate record,Derived from CMHC baseline,"CMHC Rental Market Survey, Canada, 2025; Table 1.0",a,a
SYN-1695,St. Catharines,St. Catharines-Niagara CMA,St. Catharines area 11,1 Bedroom,Apartment,1155,1527,3.9,12.8,5.5,43.196769,-79.210401,Synthetic candidate record,Derived from CMHC baseline,"CMHC Rental Market Survey, Canada, 2025; Table 1.0",b,a
SYN-1696,Ottawa,Ottawa-Gatineau CMA (Ont. part),Ottawa area 08,2 Bedroom,Townhouse,1910,1926,3,15.4,3.4,45.36652,-75.724565,Synthetic candidate record,Derived from CMHC baseline,"CMHC Rental Market Survey, Canada, 2025; Table 1.0",b,a
SYN-1697,Oshawa,Oshawa CMA,Oshawa area 06,2 Bedroom,Townhouse,2055,1754,3.7,4.8,,43.877111,-79.00365,Synthetic candidate record,Derived from CMHC baseline,"CMHC Rental Market Survey, Canada, 2025; Table 1.0",b,a
SYN-1698,Toronto,Toronto CMA,Toronto area 07,2 Bedroom,Apartment,2305,2046,3,8.7,3.4,43.629871,-79.340879,Synthetic candidate record,Derived from CMHC baseline,"CMHC Rental Market Survey, Canada, 2025; Table 1.0",a,a
SYN-1699,Thunder Bay,Thunder Bay CMA,Thunder Bay area 10,1 Bedroom,Apartment,1190,1495,4,3.4,6.8,48.404884,-89.097466,Synthetic candidate record,Derived from CMHC baseline,"CMHC Rental Market Survey, Canada, 2025; Table 1.0",b,a
SYN-1700,Thunder Bay,Thunder Bay CMA,Thunder Bay area 11,3 Bedroom,Apartment,1790,1495,4,3.4,6.8,48.402863,-89.348138,Synthetic candidate record,Derived from CMHC baseline,"CMHC Rental Market Survey, Canada, 2025; Table 1.0",b,a
SYN-1701,Windsor,Windsor CMA,Windsor area 09,2 Bedroom,Apartment,1600,1454,3.7,12.2,3.6,42.372876,-83.06633,Synthetic candidate record,Derived from CMHC baseline,"CMHC Rental Market Survey, Canada, 2025; Table 1.0",b,a
SYN-1702,Kitchener-Waterloo,Kitchener-Cambridge-Waterloo CMA,Kitchener-Waterloo area 04,2 Bedroom,Apartment,1860,1832,4.1,16.1,3.3,43.443154,-80.431047,Synthetic candidate record,Derived from CMHC baseline,"CMHC Rental Market Survey, Canada, 2025; Table 1.0",b,a
SYN-1703,Kingston,Kingston CMA,Kingston area 08,1 Bedroom,Apartment,1405,1764,2.4,17.3,2.4,44.310089,-76.567781,Synthetic candidate record,Derived from CMHC baseline,"CMHC Rental Market Survey, Canada, 2025; Table 1.0",a,a
SYN-1704,Toronto,Toronto CMA,Toronto area 08,1 Bedroom,Townhouse,1915,2046,3,8.7,3.4,43.751143,-79.301171,Synthetic candidate record,Derived from CMHC baseline,"CMHC Rental Market Survey, Canada, 2025; Table 1.0",a,a
SYN-1705,Guelph,Guelph CMA,Guelph area 02,2 Bedroom,Apartment,2005,1802,3.1,15.1,4.6,43.493773,-80.186932,Synthetic candidate record,Derived from CMHC baseline,"CMHC Rental Market Survey, Canada, 2025; Table 1.0",b,a
SYN-1706,Barrie,Barrie CMA,Barrie area 07,2 Bedroom,Townhouse,1670,1755,4.3,12.8,4.3,44.462813,-79.551612,Synthetic candidate record,Derived from CMHC baseline,"CMHC Rental Market Survey, Canada, 2025; Table 1.0",b,a
SYN-1707,Brantford,Brantford CMA,Brantford area 09,2 Bedroom,Apartment,1730,1619,3.5,14.5,,43.182559,-80.235079,Synthetic candidate record,Derived from CMHC baseline,"CMHC Rental Market Survey, Canada, 2025; Table 1.0",c,a
SYN-1708,Barrie,Barrie CMA,Barrie area 12,1 Bedroom,Apartment,1350,1755,4.3,12.8,4.3,44.347993,-79.718736,Synthetic candidate record,Derived from CMHC baseline,"CMHC Rental Market Survey, Canada, 2025; Table 1.0",b,a
SYN-1709,Belleville,Belleville - Quinte West CMA,Belleville area 10,1 Bedroom,Townhouse,1270,1484,3.4,16.9,,44.091997,-77.449415,Synthetic candidate record,Derived from CMHC baseline,"CMHC Rental Market Survey, Canada, 2025; Table 1.0",c,a
SYN-1710,Guelph,Guelph CMA,Guelph area 04,2 Bedroom,Apartment,1830,1802,3.1,15.1,4.6,43.527379,-80.292394,Synthetic candidate record,Derived from CMHC baseline,"CMHC Rental Market Survey, Canada, 2025; Table 1.0",b,a
SYN-1711,Windsor,Windsor CMA,Windsor area 04,1 Bedroom,Apartment,1125,1454,3.7,12.2,3.6,42.306548,-82.97985,Synthetic candidate record,Derived from CMHC baseline,"CMHC Rental Market Survey, Canada, 2025; Table 1.0",b,a
SYN-1712,St. Catharines,St. Catharines-Niagara CMA,St. Catharines area 05,1 Bedroom,Townhouse,1490,1527,3.9,12.8,5.5,43.125532,-79.260506,Synthetic candidate record,Derived from CMHC baseline,"CMHC Rental Market Survey, Canada, 2025; Table 1.0",b,a
SYN-1713,St. Catharines,St. Catharines-Niagara CMA,St. Catharines area 06,2 Bedroom,Apartment,1585,1527,3.9,12.8,5.5,43.103604,-79.28231,Synthetic candidate record,Derived from CMHC baseline,"CMHC Rental Market Survey, Canada, 2025; Table 1.0",b,a
SYN-1714,Oshawa,Oshawa CMA,Oshawa area 12,1 Bedroom,Apartment,1510,1754,3.7,4.8,,43.910628,-78.919994,Synthetic candidate record,Derived from CMHC baseline,"CMHC Rental Market Survey, Canada, 2025; Table 1.0",b,a
SYN-1715,Toronto,Toronto CMA,Toronto area 07,2 Bedroom,Apartment,2035,2046,3,8.7,3.4,43.582505,-79.440604,Synthetic candidate record,Derived from CMHC baseline,"CMHC Rental Market Survey, Canada, 2025; Table 1.0",a,a
SYN-1716,St. Catharines,St. Catharines-Niagara CMA,St. Catharines area 03,2 Bedroom,Apartment,1350,1527,3.9,12.8,5.5,43.229584,-79.22408,Synthetic candidate record,Derived from CMHC baseline,"CMHC Rental Market Survey, Canada, 2025; Table 1.0",b,a
SYN-1717,Barrie,Barrie CMA,Barrie area 10,1 Bedroom,Townhouse,1305,1755,4.3,12.8,4.3,44.483881,-79.650039,Synthetic candidate record,Derived from CMHC baseline,"CMHC Rental Market Survey, Canada, 2025; Table 1.0",b,a
SYN-1718,Ottawa,Ottawa-Gatineau CMA (Ont. part),Ottawa area 03,2 Bedroom,Townhouse,2130,1926,3,15.4,3.4,45.494582,-75.701404,Synthetic candidate record,Derived from CMHC baseline,"CMHC Rental Market Survey, Canada, 2025; Table 1.0",b,a
SYN-1719,Windsor,Windsor CMA,Windsor area 04,1 Bedroom,Townhouse,1520,1454,3.7,12.2,3.6,42.283373,-83.087976,Synthetic candidate record,Derived from CMHC baseline,"CMHC Rental Market Survey, Canada, 2025; Table 1.0",b,a
SYN-1720,Hamilton,Hamilton CMA,Hamilton area 08,1 Bedroom,Apartment,1380,1656,3.6,13.1,1.6,43.285699,-79.910506,Synthetic candidate record,Derived from CMHC baseline,"CMHC Rental Market Survey, Canada, 2025; Table 1.0",a,a
SYN-1721,Barrie,Barrie CMA,Barrie area 06,2 Bedroom,Apartment,1750,1755,4.3,12.8,4.3,44.295968,-79.654923,Synthetic candidate record,Derived from CMHC baseline,"CMHC Rental Market Survey, Canada, 2025; Table 1.0",b,a
SYN-1722,Brantford,Brantford CMA,Brantford area 10,1 Bedroom,Apartment,1235,1619,3.5,14.5,,43.233487,-80.386102,Synthetic candidate record,Derived from CMHC baseline,"CMHC Rental Market Survey, Canada, 2025; Table 1.0",c,a
SYN-1723,London,London CMA,London area 08,1 Bedroom,Apartment,1300,1651,4,15.1,4.1,42.933917,-81.193453,Synthetic candidate record,Derived from CMHC baseline,"CMHC Rental Market Survey, Canada, 2025; Table 1.0",a,a
SYN-1724,Kingston,Kingston CMA,Kingston area 04,Studio,Apartment,1080,1764,2.4,17.3,2.4,44.241595,-76.600061,Synthetic candidate record,Derived from CMHC baseline,"CMHC Rental Market Survey, Canada, 2025; Table 1.0",a,a
SYN-1725,Brantford,Brantford CMA,Brantford area 10,3 Bedroom,Apartment,1940,1619,3.5,14.5,,43.084917,-80.240917,Synthetic candidate record,Derived from CMHC baseline,"CMHC Rental Market Survey, Canada, 2025; Table 1.0",c,a
SYN-1726,Windsor,Windsor CMA,Windsor area 04,1 Bedroom,Apartment,1190,1454,3.7,12.2,3.6,42.278672,-83.000183,Synthetic candidate record,Derived from CMHC baseline,"CMHC Rental Market Survey, Canada, 2025; Table 1.0",b,a
SYN-1727,Windsor,Windsor CMA,Windsor area 05,Studio,Apartment,955,1454,3.7,12.2,3.6,42.332775,-83.009815,Synthetic candidate record,Derived from CMHC baseline,"CMHC Rental Market Survey, Canada, 2025; Table 1.0",b,a
SYN-1728,Barrie,Barrie CMA,Barrie area 11,2 Bedroom,Apartment,1765,1755,4.3,12.8,4.3,44.433396,-79.706353,Synthetic candidate record,Derived from CMHC baseline,"CMHC Rental Market Survey, Canada, 2025; Table 1.0",b,a
SYN-1729,Kitchener-Waterloo,Kitchener-Cambridge-Waterloo CMA,Kitchener-Waterloo area 11,2 Bedroom,Townhouse,2090,1832,4.1,16.1,3.3,43.433034,-80.55566,Synthetic candidate record,Derived from CMHC baseline,"CMHC Rental Market Survey, Canada, 2025; Table 1.0",b,a
SYN-1730,Kingston,Kingston CMA,Kingston area 05,1 Bedroom,Townhouse,1560,1764,2.4,17.3,2.4,44.23404,-76.359994,Synthetic candidate record,Derived from CMHC baseline,"CMHC Rental Market Survey, Canada, 2025; Table 1.0",a,a
SYN-1731,St. Catharines,St. Catharines-Niagara CMA,St. Catharines area 02,3 Bedroom,Apartment,1765,1527,3.9,12.8,5.5,43.160012,-79.212375,Synthetic candidate record,Derived from CMHC baseline,"CMHC Rental Market Survey, Canada, 2025; Table 1.0",b,a
SYN-1732,Kingston,Kingston CMA,Kingston area 08,1 Bedroom,Apartment,1585,1764,2.4,17.3,2.4,44.309873,-76.483335,Synthetic candidate record,Derived from CMHC baseline,"CMHC Rental Market Survey, Canada, 2025; Table 1.0",a,a
SYN-1733,Kingston,Kingston CMA,Kingston area 11,1 Bedroom,Townhouse,1540,1764,2.4,17.3,2.4,44.303606,-76.529981,Synthetic candidate record,Derived from CMHC baseline,"CMHC Rental Market Survey, Canada, 2025; Table 1.0",a,a
SYN-1734,Kingston,Kingston CMA,Kingston area 09,1 Bedroom,Apartment,1405,1764,2.4,17.3,2.4,44.283771,-76.566048,Synthetic candidate record,Derived from CMHC baseline,"CMHC Rental Market Survey, Canada, 2025; Table 1.0",a,a
SYN-1735,Oshawa,Oshawa CMA,Oshawa area 03,1 Bedroom,Townhouse,1630,1754,3.7,4.8,,43.919005,-78.846091,Synthetic candidate record,Derived from CMHC baseline,"CMHC Rental Market Survey, Canada, 2025; Table 1.0",b,a
SYN-1736,Ottawa,Ottawa-Gatineau CMA (Ont. part),Ottawa area 10,1 Bedroom,Townhouse,1770,1926,3,15.4,3.4,45.478662,-75.596797,Synthetic candidate record,Derived from CMHC baseline,"CMHC Rental Market Survey, Canada, 2025; Table 1.0",b,a
SYN-1737,Kingston,Kingston CMA,Kingston area 05,1 Bedroom,Townhouse,1445,1764,2.4,17.3,2.4,44.287151,-76.55037,Synthetic candidate record,Derived from CMHC baseline,"CMHC Rental Market Survey, Canada, 2025; Table 1.0",a,a
SYN-1738,Windsor,Windsor CMA,Windsor area 12,3 Bedroom,Apartment,1595,1454,3.7,12.2,3.6,42.289058,-83.088808,Synthetic candidate record,Derived from CMHC baseline,"CMHC Rental Market Survey, Canada, 2025; Table 1.0",b,a
SYN-1739,Peterborough,Peterborough CMA,Peterborough area 07,2 Bedroom,Apartment,1405,1518,3.1,8.4,,44.287808,-78.342863,Synthetic candidate record,Derived from CMHC baseline,"CMHC Rental Market Survey, Canada, 2025; Table 1.0",b,a
SYN-1740,Belleville,Belleville - Quinte West CMA,Belleville area 08,3 Bedroom,Apartment,1870,1484,3.4,16.9,,44.191959,-77.483587,Synthetic candidate record,Derived from CMHC baseline,"CMHC Rental Market Survey, Canada, 2025; Table 1.0",c,a
SYN-1741,St. Catharines,St. Catharines-Niagara CMA,St. Catharines area 06,Studio,Apartment,1070,1527,3.9,12.8,5.5,43.118359,-79.28159,Synthetic candidate record,Derived from CMHC baseline,"CMHC Rental Market Survey, Canada, 2025; Table 1.0",b,a
SYN-1742,Thunder Bay,Thunder Bay CMA,Thunder Bay area 04,2 Bedroom,Apartment,1665,1495,4,3.4,6.8,48.392514,-89.175726,Synthetic candidate record,Derived from CMHC baseline,"CMHC Rental Market Survey, Canada, 2025; Table 1.0",b,a
SYN-1743,Toronto,Toronto CMA,Toronto area 10,2 Bedroom,Apartment,2125,2046,3,8.7,3.4,43.69777,-79.261161,Synthetic candidate record,Derived from CMHC baseline,"CMHC Rental Market Survey, Canada, 2025; Table 1.0",a,a
SYN-1744,Windsor,Windsor CMA,Windsor area 12,3 Bedroom,Apartment,1825,1454,3.7,12.2,3.6,42.371146,-83.066135,Synthetic candidate record,Derived from CMHC baseline,"CMHC Rental Market Survey, Canada, 2025; Table 1.0",b,a
SYN-1745,Windsor,Windsor CMA,Windsor area 08,1 Bedroom,Townhouse,1320,1454,3.7,12.2,3.6,42.283438,-83.02615,Synthetic candidate record,Derived from CMHC baseline,"CMHC Rental Market Survey, Canada, 2025; Table 1.0",b,a
SYN-1746,Oshawa,Oshawa CMA,Oshawa area 12,Studio,Apartment,1205,1754,3.7,4.8,,43.97327,-78.98404,Synthetic candidate record,Derived from CMHC baseline,"CMHC Rental Market Survey, Canada, 2025; Table 1.0",b,a
SYN-1747,Thunder Bay,Thunder Bay CMA,Thunder Bay area 06,2 Bedroom,Apartment,1370,1495,4,3.4,6.8,48.393267,-89.266291,Synthetic candidate record,Derived from CMHC baseline,"CMHC Rental Market Survey, Canada, 2025; Table 1.0",b,a
SYN-1748,St. Catharines,St. Catharines-Niagara CMA,St. Catharines area 02,2 Bedroom,Apartment,1445,1527,3.9,12.8,5.5,43.197314,-79.345476,Synthetic candidate record,Derived from CMHC baseline,"CMHC Rental Market Survey, Canada, 2025; Table 1.0",b,a
SYN-1749,Ottawa,Ottawa-Gatineau CMA (Ont. part),Ottawa area 08,3 Bedroom,Apartment,2530,1926,3,15.4,3.4,45.498417,-75.787203,Synthetic candidate record,Derived from CMHC baseline,"CMHC Rental Market Survey, Canada, 2025; Table 1.0",b,a
SYN-1750,London,London CMA,London area 05,1 Bedroom,Apartment,1290,1651,4,15.1,4.1,42.924697,-81.116409,Synthetic candidate record,Derived from CMHC baseline,"CMHC Rental Market Survey, Canada, 2025; Table 1.0",a,a
SYN-1751,St. Catharines,St. Catharines-Niagara CMA,St. Catharines area 01,2 Bedroom,Apartment,1630,1527,3.9,12.8,5.5,43.144866,-79.162984,Synthetic candidate record,Derived from CMHC baseline,"CMHC Rental Market Survey, Canada, 2025; Table 1.0",b,a
SYN-1752,Belleville,Belleville - Quinte West CMA,Belleville area 01,3 Bedroom,Apartment,1975,1484,3.4,16.9,,44.06604,-77.400707,Synthetic candidate record,Derived from CMHC baseline,"CMHC Rental Market Survey, Canada, 2025; Table 1.0",c,a
SYN-1753,Ottawa,Ottawa-Gatineau CMA (Ont. part),Ottawa area 02,2 Bedroom,Townhouse,2050,1926,3,15.4,3.4,45.334922,-75.818145,Synthetic candidate record,Derived from CMHC baseline,"CMHC Rental Market Survey, Canada, 2025; Table 1.0",b,a
SYN-1754,Guelph,Guelph CMA,Guelph area 11,2 Bedroom,Apartment,1920,1802,3.1,15.1,4.6,43.559585,-80.256906,Synthetic candidate record,Derived from CMHC baseline,"CMHC Rental Market Survey, Canada, 2025; Table 1.0",b,a
SYN-1755,Kitchener-Waterloo,Kitchener-Cambridge-Waterloo CMA,Kitchener-Waterloo area 03,2 Bedroom,Townhouse,2045,1832,4.1,16.1,3.3,43.529471,-80.356307,Synthetic candidate record,Derived from CMHC baseline,"CMHC Rental Market Survey, Canada, 2025; Table 1.0",b,a
SYN-1756,Ottawa,Ottawa-Gatineau CMA (Ont. part),Ottawa area 12,Studio,Apartment,1210,1926,3,15.4,3.4,45.412309,-75.617098,Synthetic candidate record,Derived from CMHC baseline,"CMHC Rental Market Survey, Canada, 2025; Table 1.0",b,a
SYN-1757,Thunder Bay,Thunder Bay CMA,Thunder Bay area 04,3 Bedroom,Townhouse,1970,1495,4,3.4,6.8,48.446545,-89.39258,Synthetic candidate record,Derived from CMHC baseline,"CMHC Rental Market Survey, Canada, 2025; Table 1.0",b,a
SYN-1758,Ottawa,Ottawa-Gatineau CMA (Ont. part),Ottawa area 06,1 Bedroom,Apartment,1575,1926,3,15.4,3.4,45.492615,-75.673157,Synthetic candidate record,Derived from CMHC baseline,"CMHC Rental Market Survey, Canada, 2025; Table 1.0",b,a
SYN-1759,Toronto,Toronto CMA,Toronto area 10,2 Bedroom,Apartment,2070,2046,3,8.7,3.4,43.624129,-79.278073,Synthetic candidate record,Derived from CMHC baseline,"CMHC Rental Market Survey, Canada, 2025; Table 1.0",a,a
SYN-1760,Hamilton,Hamilton CMA,Hamilton area 01,1 Bedroom,Apartment,1225,1656,3.6,13.1,1.6,43.196929,-79.95854,Synthetic candidate record,Derived from CMHC baseline,"CMHC Rental Market Survey, Canada, 2025; Table 1.0",a,a
SYN-1761,Belleville,Belleville - Quinte West CMA,Belleville area 04,2 Bedroom,Apartment,1580,1484,3.4,16.9,,44.125867,-77.458447,Synthetic candidate record,Derived from CMHC baseline,"CMHC Rental Market Survey, Canada, 2025; Table 1.0",c,a
SYN-1762,Kitchener-Waterloo,Kitchener-Cambridge-Waterloo CMA,Kitchener-Waterloo area 04,1 Bedroom,Townhouse,1590,1832,4.1,16.1,3.3,43.549801,-80.566064,Synthetic candidate record,Derived from CMHC baseline,"CMHC Rental Market Survey, Canada, 2025; Table 1.0",b,a
SYN-1763,Peterborough,Peterborough CMA,Peterborough area 12,Studio,Townhouse,1260,1518,3.1,8.4,,44.214185,-78.216977,Synthetic candidate record,Derived from CMHC baseline,"CMHC Rental Market Survey, Canada, 2025; Table 1.0",b,a
SYN-1764,Kitchener-Waterloo,Kitchener-Cambridge-Waterloo CMA,Kitchener-Waterloo area 07,1 Bedroom,Townhouse,1830,1832,4.1,16.1,3.3,43.439309,-80.575525,Synthetic candidate record,Derived from CMHC baseline,"CMHC Rental Market Survey, Canada, 2025; Table 1.0",b,a
SYN-1765,Guelph,Guelph CMA,Guelph area 04,Studio,Apartment,1105,1802,3.1,15.1,4.6,43.548099,-80.341219,Synthetic candidate record,Derived from CMHC baseline,"CMHC Rental Market Survey, Canada, 2025; Table 1.0",b,a
SYN-1766,Guelph,Guelph CMA,Guelph area 04,3 Bedroom,Apartment,2205,1802,3.1,15.1,4.6,43.594737,-80.298727,Synthetic candidate record,Derived from CMHC baseline,"CMHC Rental Market Survey, Canada, 2025; Table 1.0",b,a
SYN-1767,Kitchener-Waterloo,Kitchener-Cambridge-Waterloo CMA,Kitchener-Waterloo area 07,3 Bedroom,Apartment,2055,1832,4.1,16.1,3.3,43.540579,-80.625801,Synthetic candidate record,Derived from CMHC baseline,"CMHC Rental Market Survey, Canada, 2025; Table 1.0",b,a
SYN-1768,Thunder Bay,Thunder Bay CMA,Thunder Bay area 02,1 Bedroom,Apartment,1240,1495,4,3.4,6.8,48.351836,-89.113479,Synthetic candidate record,Derived from CMHC baseline,"CMHC Rental Market Survey, Canada, 2025; Table 1.0",b,a
SYN-1769,Thunder Bay,Thunder Bay CMA,Thunder Bay area 08,3 Bedroom,Apartment,1865,1495,4,3.4,6.8,48.410987,-89.1543,Synthetic candidate record,Derived from CMHC baseline,"CMHC Rental Market Survey, Canada, 2025; Table 1.0",b,a
SYN-1770,Barrie,Barrie CMA,Barrie area 01,3 Bedroom,Apartment,2410,1755,4.3,12.8,4.3,44.435326,-79.579097,Synthetic candidate record,Derived from CMHC baseline,"CMHC Rental Market Survey, Canada, 2025; Table 1.0",b,a
SYN-1771,Hamilton,Hamilton CMA,Hamilton area 01,2 Bedroom,Apartment,1595,1656,3.6,13.1,1.6,43.186852,-79.817532,Synthetic candidate record,Derived from CMHC baseline,"CMHC Rental Market Survey, Canada, 2025; Table 1.0",a,a
SYN-1772,Belleville,Belleville - Quinte West CMA,Belleville area 06,2 Bedroom,Apartment,1460,1484,3.4,16.9,,44.236069,-77.338327,Synthetic candidate record,Derived from CMHC baseline,"CMHC Rental Market Survey, Canada, 2025; Table 1.0",c,a
SYN-1773,Thunder Bay,Thunder Bay CMA,Thunder Bay area 11,2 Bedroom,Townhouse,1750,1495,4,3.4,6.8,48.47396,-89.174838,Synthetic candidate record,Derived from CMHC baseline,"CMHC Rental Market Survey, Canada, 2025; Table 1.0",b,a
SYN-1774,Kingston,Kingston CMA,Kingston area 04,1 Bedroom,Apartment,1670,1764,2.4,17.3,2.4,44.288511,-76.617193,Synthetic candidate record,Derived from CMHC baseline,"CMHC Rental Market Survey, Canada, 2025; Table 1.0",a,a
SYN-1775,Oshawa,Oshawa CMA,Oshawa area 06,1 Bedroom,Apartment,1510,1754,3.7,4.8,,43.861315,-78.787178,Synthetic candidate record,Derived from CMHC baseline,"CMHC Rental Market Survey, Canada, 2025; Table 1.0",b,a
SYN-1776,Barrie,Barrie CMA,Barrie area 07,3 Bedroom,Apartment,2090,1755,4.3,12.8,4.3,44.43639,-79.78984,Synthetic candidate record,Derived from CMHC baseline,"CMHC Rental Market Survey, Canada, 2025; Table 1.0",b,a
SYN-1777,Belleville,Belleville - Quinte West CMA,Belleville area 02,2 Bedroom,Apartment,1495,1484,3.4,16.9,,44.242238,-77.496915,Synthetic candidate record,Derived from CMHC baseline,"CMHC Rental Market Survey, Canada, 2025; Table 1.0",c,a
SYN-1778,Guelph,Guelph CMA,Guelph area 09,3 Bedroom,Townhouse,2420,1802,3.1,15.1,4.6,43.641474,-80.149932,Synthetic candidate record,Derived from CMHC baseline,"CMHC Rental Market Survey, Canada, 2025; Table 1.0",b,a
SYN-1779,Toronto,Toronto CMA,Toronto area 11,1 Bedroom,Apartment,1625,2046,3,8.7,3.4,43.733777,-79.485974,Synthetic candidate record,Derived from CMHC baseline,"CMHC Rental Market Survey, Canada, 2025; Table 1.0",a,a
SYN-1780,Peterborough,Peterborough CMA,Peterborough area 10,3 Bedroom,Apartment,2015,1518,3.1,8.4,,44.304658,-78.250185,Synthetic candidate record,Derived from CMHC baseline,"CMHC Rental Market Survey, Canada, 2025; Table 1.0",b,a
SYN-1781,Kitchener-Waterloo,Kitchener-Cambridge-Waterloo CMA,Kitchener-Waterloo area 12,1 Bedroom,Apartment,1525,1832,4.1,16.1,3.3,43.483442,-80.425503,Synthetic candidate record,Derived from CMHC baseline,"CMHC Rental Market Survey, Canada, 2025; Table 1.0",b,a
SYN-1782,Greater Sudbury,Greater Sudbury/Grand Sudbury CMA,Greater Sudbury area 12,1 Bedroom,Apartment,1230,1558,1.2,6.6,,46.441656,-81.065431,Synthetic candidate record,Derived from CMHC baseline,"CMHC Rental Market Survey, Canada, 2025; Table 1.0",a,a
SYN-1783,Oshawa,Oshawa CMA,Oshawa area 03,1 Bedroom,Townhouse,1485,1754,3.7,4.8,,43.912533,-78.759336,Synthetic candidate record,Derived from CMHC baseline,"CMHC Rental Market Survey, Canada, 2025; Table 1.0",b,a
SYN-1784,Ottawa,Ottawa-Gatineau CMA (Ont. part),Ottawa area 01,1 Bedroom,Apartment,1455,1926,3,15.4,3.4,45.437374,-75.573355,Synthetic candidate record,Derived from CMHC baseline,"CMHC Rental Market Survey, Canada, 2025; Table 1.0",b,a
SYN-1785,Greater Sudbury,Greater Sudbury/Grand Sudbury CMA,Greater Sudbury area 04,2 Bedroom,Apartment,1580,1558,1.2,6.6,,46.518626,-80.895571,Synthetic candidate record,Derived from CMHC baseline,"CMHC Rental Market Survey, Canada, 2025; Table 1.0",a,a
SYN-1786,Kingston,Kingston CMA,Kingston area 06,1 Bedroom,Apartment,1445,1764,2.4,17.3,2.4,44.245617,-76.490509,Synthetic candidate record,Derived from CMHC baseline,"CMHC Rental Market Survey, Canada, 2025; Table 1.0",a,a
SYN-1787,Kitchener-Waterloo,Kitchener-Cambridge-Waterloo CMA,Kitchener-Waterloo area 02,2 Bedroom,Townhouse,1880,1832,4.1,16.1,3.3,43.475863,-80.47986,Synthetic candidate record,Derived from CMHC baseline,"CMHC Rental Market Survey, Canada, 2025; Table 1.0",b,a
SYN-1788,St. Catharines,St. Catharines-Niagara CMA,St. Catharines area 05,2 Bedroom,Apartment,1550,1527,3.9,12.8,5.5,43.126851,-79.139278,Synthetic candidate record,Derived from CMHC baseline,"CMHC Rental Market Survey, Canada, 2025; Table 1.0",b,a
SYN-1789,Ottawa,Ottawa-Gatineau CMA (Ont. part),Ottawa area 09,2 Bedroom,Townhouse,2105,1926,3,15.4,3.4,45.340801,-75.595698,Synthetic candidate record,Derived from CMHC baseline,"CMHC Rental Market Survey, Canada, 2025; Table 1.0",b,a
SYN-1790,St. Catharines,St. Catharines-Niagara CMA,St. Catharines area 09,Studio,Apartment,955,1527,3.9,12.8,5.5,43.144703,-79.377021,Synthetic candidate record,Derived from CMHC baseline,"CMHC Rental Market Survey, Canada, 2025; Table 1.0",b,a
SYN-1791,Hamilton,Hamilton CMA,Hamilton area 06,Studio,Townhouse,1240,1656,3.6,13.1,1.6,43.298239,-79.973722,Synthetic candidate record,Derived from CMHC baseline,"CMHC Rental Market Survey, Canada, 2025; Table 1.0",a,a
SYN-1792,Oshawa,Oshawa CMA,Oshawa area 03,1 Bedroom,Apartment,1390,1754,3.7,4.8,,43.990359,-78.734884,Synthetic candidate record,Derived from CMHC baseline,"CMHC Rental Market Survey, Canada, 2025; Table 1.0",b,a
SYN-1793,Greater Sudbury,Greater Sudbury/Grand Sudbury CMA,Greater Sudbury area 12,2 Bedroom,Apartment,1670,1558,1.2,6.6,,46.546882,-81.080535,Synthetic candidate record,Derived from CMHC baseline,"CMHC Rental Market Survey, Canada, 2025; Table 1.0",a,a
SYN-1794,Peterborough,Peterborough CMA,Peterborough area 01,2 Bedroom,Apartment,1650,1518,3.1,8.4,,44.321677,-78.311158,Synthetic candidate record,Derived from CMHC baseline,"CMHC Rental Market Survey, Canada, 2025; Table 1.0",b,a
SYN-1795,Peterborough,Peterborough CMA,Peterborough area 10,2 Bedroom,Apartment,1480,1518,3.1,8.4,,44.242227,-78.282161,Synthetic candidate record,Derived from CMHC baseline,"CMHC Rental Market Survey, Canada, 2025; Table 1.0",b,a
SYN-1796,London,London CMA,London area 07,2 Bedroom,Apartment,1690,1651,4,15.1,4.1,42.993064,-81.120868,Synthetic candidate record,Derived from CMHC baseline,"CMHC Rental Market Survey, Canada, 2025; Table 1.0",a,a
SYN-1797,Kitchener-Waterloo,Kitchener-Cambridge-Waterloo CMA,Kitchener-Waterloo area 08,1 Bedroom,Townhouse,1545,1832,4.1,16.1,3.3,43.546002,-80.384024,Synthetic candidate record,Derived from CMHC baseline,"CMHC Rental Market Survey, Canada, 2025; Table 1.0",b,a
SYN-1798,Ottawa,Ottawa-Gatineau CMA (Ont. part),Ottawa area 09,1 Bedroom,Apartment,1825,1926,3,15.4,3.4,45.321571,-75.768058,Synthetic candidate record,Derived from CMHC baseline,"CMHC Rental Market Survey, Canada, 2025; Table 1.0",b,a
SYN-1799,Oshawa,Oshawa CMA,Oshawa area 04,1 Bedroom,Apartment,1540,1754,3.7,4.8,,43.825858,-78.776306,Synthetic candidate record,Derived from CMHC baseline,"CMHC Rental Market Survey, Canada, 2025; Table 1.0",b,a
SYN-1800,Greater Sudbury,Greater Sudbury/Grand Sudbury CMA,Greater Sudbury area 06,2 Bedroom,Townhouse,1730,1558,1.2,6.6,,46.4699,-81.082077,Synthetic candidate record,Derived from CMHC baseline,"CMHC Rental Market Survey, Canada, 2025; Table 1.0",a,a
SYN-1801,Brantford,Brantford CMA,Brantford area 11,1 Bedroom,Apartment,1390,1619,3.5,14.5,,43.184596,-80.240848,Synthetic candidate record,Derived from CMHC baseline,"CMHC Rental Market Survey, Canada, 2025; Table 1.0",c,a
SYN-1802,Hamilton,Hamilton CMA,Hamilton area 01,1 Bedroom,Apartment,1440,1656,3.6,13.1,1.6,43.290148,-79.799541,Synthetic candidate record,Derived from CMHC baseline,"CMHC Rental Market Survey, Canada, 2025; Table 1.0",a,a
SYN-1803,Guelph,Guelph CMA,Guelph area 02,2 Bedroom,Apartment,1825,1802,3.1,15.1,4.6,43.491236,-80.265232,Synthetic candidate record,Derived from CMHC baseline,"CMHC Rental Market Survey, Canada, 2025; Table 1.0",b,a
SYN-1804,Toronto,Toronto CMA,Toronto area 01,1 Bedroom,Apartment,1510,2046,3,8.7,3.4,43.728247,-79.258952,Synthetic candidate record,Derived from CMHC baseline,"CMHC Rental Market Survey, Canada, 2025; Table 1.0",a,a
SYN-1805,Greater Sudbury,Greater Sudbury/Grand Sudbury CMA,Greater Sudbury area 12,2 Bedroom,Apartment,1655,1558,1.2,6.6,,46.508696,-80.8837,Synthetic candidate record,Derived from CMHC baseline,"CMHC Rental Market Survey, Canada, 2025; Table 1.0",a,a
SYN-1806,Windsor,Windsor CMA,Windsor area 12,2 Bedroom,Apartment,1535,1454,3.7,12.2,3.6,42.319468,-83.147678,Synthetic candidate record,Derived from CMHC baseline,"CMHC Rental Market Survey, Canada, 2025; Table 1.0",b,a
SYN-1807,Peterborough,Peterborough CMA,Peterborough area 05,1 Bedroom,Townhouse,1480,1518,3.1,8.4,,44.293435,-78.281113,Synthetic candidate record,Derived from CMHC baseline,"CMHC Rental Market Survey, Canada, 2025; Table 1.0",b,a
SYN-1808,St. Catharines,St. Catharines-Niagara CMA,St. Catharines area 06,3 Bedroom,Apartment,1570,1527,3.9,12.8,5.5,43.143329,-79.154695,Synthetic candidate record,Derived from CMHC baseline,"CMHC Rental Market Survey, Canada, 2025; Table 1.0",b,a
SYN-1809,Brantford,Brantford CMA,Brantford area 02,Studio,Townhouse,1195,1619,3.5,14.5,,43.157617,-80.219003,Synthetic candidate record,Derived from CMHC baseline,"CMHC Rental Market Survey, Canada, 2025; Table 1.0",c,a
SYN-1810,Windsor,Windsor CMA,Windsor area 11,2 Bedroom,Townhouse,1710,1454,3.7,12.2,3.6,42.336226,-82.93622,Synthetic candidate record,Derived from CMHC baseline,"CMHC Rental Market Survey, Canada, 2025; Table 1.0",b,a
SYN-1811,Greater Sudbury,Greater Sudbury/Grand Sudbury CMA,Greater Sudbury area 02,Studio,Apartment,940,1558,1.2,6.6,,46.582514,-80.971031,Synthetic candidate record,Derived from CMHC baseline,"CMHC Rental Market Survey, Canada, 2025; Table 1.0",a,a
SYN-1812,London,London CMA,London area 01,1 Bedroom,Townhouse,1355,1651,4,15.1,4.1,43.047957,-81.18562,Synthetic candidate record,Derived from CMHC baseline,"CMHC Rental Market Survey, Canada, 2025; Table 1.0",a,a
SYN-1813,Peterborough,Peterborough CMA,Peterborough area 11,2 Bedroom,Townhouse,1735,1518,3.1,8.4,,44.313653,-78.196668,Synthetic candidate record,Derived from CMHC baseline,"CMHC Rental Market Survey, Canada, 2025; Table 1.0",b,a
SYN-1814,Thunder Bay,Thunder Bay CMA,Thunder Bay area 11,2 Bedroom,Apartment,1380,1495,4,3.4,6.8,48.324108,-89.343838,Synthetic candidate record,Derived from CMHC baseline,"CMHC Rental Market Survey, Canada, 2025; Table 1.0",b,a
SYN-1815,Ottawa,Ottawa-Gatineau CMA (Ont. part),Ottawa area 11,Studio,Townhouse,1470,1926,3,15.4,3.4,45.491386,-75.767435,Synthetic candidate record,Derived from CMHC baseline,"CMHC Rental Market Survey, Canada, 2025; Table 1.0",b,a
SYN-1816,Peterborough,Peterborough CMA,Peterborough area 06,1 Bedroom,Apartment,1100,1518,3.1,8.4,,44.264426,-78.240405,Synthetic candidate record,Derived from CMHC baseline,"CMHC Rental Market Survey, Canada, 2025; Table 1.0",b,a
SYN-1817,Toronto,Toronto CMA,Toronto area 11,2 Bedroom,Apartment,2055,2046,3,8.7,3.4,43.664896,-79.282725,Synthetic candidate record,Derived from CMHC baseline,"CMHC Rental Market Survey, Canada, 2025; Table 1.0",a,a
SYN-1818,Ottawa,Ottawa-Gatineau CMA (Ont. part),Ottawa area 08,2 Bedroom,Apartment,1840,1926,3,15.4,3.4,45.477694,-75.790646,Synthetic candidate record,Derived from CMHC baseline,"CMHC Rental Market Survey, Canada, 2025; Table 1.0",b,a
SYN-1819,Brantford,Brantford CMA,Brantford area 07,1 Bedroom,Apartment,1295,1619,3.5,14.5,,43.222234,-80.376658,Synthetic candidate record,Derived from CMHC baseline,"CMHC Rental Market Survey, Canada, 2025; Table 1.0",c,a
SYN-1820,Ottawa,Ottawa-Gatineau CMA (Ont. part),Ottawa area 12,2 Bedroom,Apartment,2040,1926,3,15.4,3.4,45.472813,-75.782072,Synthetic candidate record,Derived from CMHC baseline,"CMHC Rental Market Survey, Canada, 2025; Table 1.0",b,a
SYN-1821,Windsor,Windsor CMA,Windsor area 02,1 Bedroom,Townhouse,1415,1454,3.7,12.2,3.6,42.406762,-83.084338,Synthetic candidate record,Derived from CMHC baseline,"CMHC Rental Market Survey, Canada, 2025; Table 1.0",b,a
SYN-1822,Kitchener-Waterloo,Kitchener-Cambridge-Waterloo CMA,Kitchener-Waterloo area 07,2 Bedroom,Apartment,1690,1832,4.1,16.1,3.3,43.502954,-80.481961,Synthetic candidate record,Derived from CMHC baseline,"CMHC Rental Market Survey, Canada, 2025; Table 1.0",b,a
SYN-1823,Brantford,Brantford CMA,Brantford area 03,1 Bedroom,Apartment,1275,1619,3.5,14.5,,43.172038,-80.167864,Synthetic candidate record,Derived from CMHC baseline,"CMHC Rental Market Survey, Canada, 2025; Table 1.0",c,a
SYN-1824,Ottawa,Ottawa-Gatineau CMA (Ont. part),Ottawa area 12,2 Bedroom,Townhouse,1745,1926,3,15.4,3.4,45.348106,-75.7299,Synthetic candidate record,Derived from CMHC baseline,"CMHC Rental Market Survey, Canada, 2025; Table 1.0",b,a
SYN-1825,Oshawa,Oshawa CMA,Oshawa area 03,2 Bedroom,Apartment,1710,1754,3.7,4.8,,43.962327,-78.936325,Synthetic candidate record,Derived from CMHC baseline,"CMHC Rental Market Survey, Canada, 2025; Table 1.0",b,a
SYN-1826,St. Catharines,St. Catharines-Niagara CMA,St. Catharines area 04,Studio,Apartment,1090,1527,3.9,12.8,5.5,43.22605,-79.1144,Synthetic candidate record,Derived from CMHC baseline,"CMHC Rental Market Survey, Canada, 2025; Table 1.0",b,a
SYN-1827,London,London CMA,London area 08,1 Bedroom,Apartment,1405,1651,4,15.1,4.1,43.077818,-81.147552,Synthetic candidate record,Derived from CMHC baseline,"CMHC Rental Market Survey, Canada, 2025; Table 1.0",a,a
SYN-1828,Toronto,Toronto CMA,Toronto area 10,1 Bedroom,Apartment,1760,2046,3,8.7,3.4,43.635665,-79.287031,Synthetic candidate record,Derived from CMHC baseline,"CMHC Rental Market Survey, Canada, 2025; Table 1.0",a,a
SYN-1829,Greater Sudbury,Greater Sudbury/Grand Sudbury CMA,Greater Sudbury area 05,2 Bedroom,Townhouse,1680,1558,1.2,6.6,,46.588083,-80.904854,Synthetic candidate record,Derived from CMHC baseline,"CMHC Rental Market Survey, Canada, 2025; Table 1.0",a,a
SYN-1830,Thunder Bay,Thunder Bay CMA,Thunder Bay area 12,1 Bedroom,Apartment,1080,1495,4,3.4,6.8,48.344931,-89.290739,Synthetic candidate record,Derived from CMHC baseline,"CMHC Rental Market Survey, Canada, 2025; Table 1.0",b,a
SYN-1831,Hamilton,Hamilton CMA,Hamilton area 09,1 Bedroom,Apartment,1395,1656,3.6,13.1,1.6,43.175024,-79.756456,Synthetic candidate record,Derived from CMHC baseline,"CMHC Rental Market Survey, Canada, 2025; Table 1.0",a,a
SYN-1832,Windsor,Windsor CMA,Windsor area 12,2 Bedroom,Apartment,1315,1454,3.7,12.2,3.6,42.376351,-83.008246,Synthetic candidate record,Derived from CMHC baseline,"CMHC Rental Market Survey, Canada, 2025; Table 1.0",b,a
SYN-1833,Peterborough,Peterborough CMA,Peterborough area 08,2 Bedroom,Apartment,1375,1518,3.1,8.4,,44.21974,-78.286495,Synthetic candidate record,Derived from CMHC baseline,"CMHC Rental Market Survey, Canada, 2025; Table 1.0",b,a
SYN-1834,Thunder Bay,Thunder Bay CMA,Thunder Bay area 11,Studio,Apartment,1040,1495,4,3.4,6.8,48.285323,-89.263218,Synthetic candidate record,Derived from CMHC baseline,"CMHC Rental Market Survey, Canada, 2025; Table 1.0",b,a
SYN-1835,Belleville,Belleville - Quinte West CMA,Belleville area 12,3 Bedroom,Townhouse,2030,1484,3.4,16.9,,44.199201,-77.504362,Synthetic candidate record,Derived from CMHC baseline,"CMHC Rental Market Survey, Canada, 2025; Table 1.0",c,a
SYN-1836,St. Catharines,St. Catharines-Niagara CMA,St. Catharines area 12,2 Bedroom,Apartment,1480,1527,3.9,12.8,5.5,43.202122,-79.24942,Synthetic candidate record,Derived from CMHC baseline,"CMHC Rental Market Survey, Canada, 2025; Table 1.0",b,a
SYN-1837,Hamilton,Hamilton CMA,Hamilton area 04,3 Bedroom,Apartment,1970,1656,3.6,13.1,1.6,43.295141,-79.924742,Synthetic candidate record,Derived from CMHC baseline,"CMHC Rental Market Survey, Canada, 2025; Table 1.0",a,a
SYN-1838,Thunder Bay,Thunder Bay CMA,Thunder Bay area 01,1 Bedroom,Apartment,1160,1495,4,3.4,6.8,48.453447,-89.105904,Synthetic candidate record,Derived from CMHC baseline,"CMHC Rental Market Survey, Canada, 2025; Table 1.0",b,a
SYN-1839,Peterborough,Peterborough CMA,Peterborough area 04,2 Bedroom,Apartment,1410,1518,3.1,8.4,,44.355176,-78.254702,Synthetic candidate record,Derived from CMHC baseline,"CMHC Rental Market Survey, Canada, 2025; Table 1.0",b,a
SYN-1840,Kingston,Kingston CMA,Kingston area 02,2 Bedroom,Apartment,1655,1764,2.4,17.3,2.4,44.261081,-76.487403,Synthetic candidate record,Derived from CMHC baseline,"CMHC Rental Market Survey, Canada, 2025; Table 1.0",a,a
SYN-1841,Ottawa,Ottawa-Gatineau CMA (Ont. part),Ottawa area 12,Studio,Townhouse,1185,1926,3,15.4,3.4,45.39899,-75.723536,Synthetic candidate record,Derived from CMHC baseline,"CMHC Rental Market Survey, Canada, 2025; Table 1.0",b,a
SYN-1842,Windsor,Windsor CMA,Windsor area 03,1 Bedroom,Apartment,1095,1454,3.7,12.2,3.6,42.251498,-83.087466,Synthetic candidate record,Derived from CMHC baseline,"CMHC Rental Market Survey, Canada, 2025; Table 1.0",b,a
SYN-1843,Thunder Bay,Thunder Bay CMA,Thunder Bay area 11,3 Bedroom,Townhouse,2085,1495,4,3.4,6.8,48.321021,-89.292507,Synthetic candidate record,Derived from CMHC baseline,"CMHC Rental Market Survey, Canada, 2025; Table 1.0",b,a
SYN-1844,Brantford,Brantford CMA,Brantford area 10,1 Bedroom,Apartment,1370,1619,3.5,14.5,,43.144173,-80.395852,Synthetic candidate record,Derived from CMHC baseline,"CMHC Rental Market Survey, Canada, 2025; Table 1.0",c,a
SYN-1845,Belleville,Belleville - Quinte West CMA,Belleville area 01,3 Bedroom,Apartment,1800,1484,3.4,16.9,,44.063146,-77.247947,Synthetic candidate record,Derived from CMHC baseline,"CMHC Rental Market Survey, Canada, 2025; Table 1.0",c,a
SYN-1846,Barrie,Barrie CMA,Barrie area 10,1 Bedroom,Apartment,1395,1755,4.3,12.8,4.3,44.294931,-79.57691,Synthetic candidate record,Derived from CMHC baseline,"CMHC Rental Market Survey, Canada, 2025; Table 1.0",b,a
SYN-1847,Peterborough,Peterborough CMA,Peterborough area 06,2 Bedroom,Apartment,1580,1518,3.1,8.4,,44.245457,-78.398412,Synthetic candidate record,Derived from CMHC baseline,"CMHC Rental Market Survey, Canada, 2025; Table 1.0",b,a
SYN-1848,Guelph,Guelph CMA,Guelph area 08,3 Bedroom,Apartment,2430,1802,3.1,15.1,4.6,43.564744,-80.227786,Synthetic candidate record,Derived from CMHC baseline,"CMHC Rental Market Survey, Canada, 2025; Table 1.0",b,a
SYN-1849,Kingston,Kingston CMA,Kingston area 02,2 Bedroom,Townhouse,1945,1764,2.4,17.3,2.4,44.238718,-76.358153,Synthetic candidate record,Derived from CMHC baseline,"CMHC Rental Market Survey, Canada, 2025; Table 1.0",a,a
SYN-1850,Oshawa,Oshawa CMA,Oshawa area 09,3 Bedroom,Apartment,2165,1754,3.7,4.8,,43.866911,-78.954501,Synthetic candidate record,Derived from CMHC baseline,"CMHC Rental Market Survey, Canada, 2025; Table 1.0",b,a
SYN-1851,Kingston,Kingston CMA,Kingston area 08,3 Bedroom,Townhouse,2380,1764,2.4,17.3,2.4,44.253838,-76.531386,Synthetic candidate record,Derived from CMHC baseline,"CMHC Rental Market Survey, Canada, 2025; Table 1.0",a,a
SYN-1852,Greater Sudbury,Greater Sudbury/Grand Sudbury CMA,Greater Sudbury area 04,2 Bedroom,Apartment,1620,1558,1.2,6.6,,46.525441,-81.119234,Synthetic candidate record,Derived from CMHC baseline,"CMHC Rental Market Survey, Canada, 2025; Table 1.0",a,a
SYN-1853,Peterborough,Peterborough CMA,Peterborough area 08,1 Bedroom,Townhouse,1385,1518,3.1,8.4,,44.280764,-78.20326,Synthetic candidate record,Derived from CMHC baseline,"CMHC Rental Market Survey, Canada, 2025; Table 1.0",b,a
SYN-1854,Guelph,Guelph CMA,Guelph area 09,2 Bedroom,Apartment,1930,1802,3.1,15.1,4.6,43.577503,-80.297714,Synthetic candidate record,Derived from CMHC baseline,"CMHC Rental Market Survey, Canada, 2025; Table 1.0",b,a
SYN-1855,Greater Sudbury,Greater Sudbury/Grand Sudbury CMA,Greater Sudbury area 11,2 Bedroom,Apartment,1545,1558,1.2,6.6,,46.544405,-81.053146,Synthetic candidate record,Derived from CMHC baseline,"CMHC Rental Market Survey, Canada, 2025; Table 1.0",a,a
SYN-1856,Thunder Bay,Thunder Bay CMA,Thunder Bay area 02,1 Bedroom,Townhouse,1375,1495,4,3.4,6.8,48.297378,-89.391086,Synthetic candidate record,Derived from CMHC baseline,"CMHC Rental Market Survey, Canada, 2025; Table 1.0",b,a
SYN-1857,Ottawa,Ottawa-Gatineau CMA (Ont. part),Ottawa area 12,2 Bedroom,Townhouse,1915,1926,3,15.4,3.4,45.475648,-75.620024,Synthetic candidate record,Derived from CMHC baseline,"CMHC Rental Market Survey, Canada, 2025; Table 1.0",b,a
SYN-1858,Belleville,Belleville - Quinte West CMA,Belleville area 10,2 Bedroom,Apartment,1810,1484,3.4,16.9,,44.100416,-77.497734,Synthetic candidate record,Derived from CMHC baseline,"CMHC Rental Market Survey, Canada, 2025; Table 1.0",c,a
SYN-1859,Kingston,Kingston CMA,Kingston area 09,2 Bedroom,Apartment,1725,1764,2.4,17.3,2.4,44.191789,-76.57302,Synthetic candidate record,Derived from CMHC baseline,"CMHC Rental Market Survey, Canada, 2025; Table 1.0",a,a
SYN-1860,Belleville,Belleville - Quinte West CMA,Belleville area 03,2 Bedroom,Townhouse,1595,1484,3.4,16.9,,44.210508,-77.376513,Synthetic candidate record,Derived from CMHC baseline,"CMHC Rental Market Survey, Canada, 2025; Table 1.0",c,a
SYN-1861,Peterborough,Peterborough CMA,Peterborough area 12,2 Bedroom,Apartment,1560,1518,3.1,8.4,,44.399093,-78.210039,Synthetic candidate record,Derived from CMHC baseline,"CMHC Rental Market Survey, Canada, 2025; Table 1.0",b,a
SYN-1862,Ottawa,Ottawa-Gatineau CMA (Ont. part),Ottawa area 10,Studio,Apartment,1285,1926,3,15.4,3.4,45.420555,-75.676927,Synthetic candidate record,Derived from CMHC baseline,"CMHC Rental Market Survey, Canada, 2025; Table 1.0",b,a
SYN-1863,Barrie,Barrie CMA,Barrie area 04,Studio,Townhouse,1330,1755,4.3,12.8,4.3,44.474262,-79.828912,Synthetic candidate record,Derived from CMHC baseline,"CMHC Rental Market Survey, Canada, 2025; Table 1.0",b,a
SYN-1864,Ottawa,Ottawa-Gatineau CMA (Ont. part),Ottawa area 07,3 Bedroom,Townhouse,2840,1926,3,15.4,3.4,45.486814,-75.733735,Synthetic candidate record,Derived from CMHC baseline,"CMHC Rental Market Survey, Canada, 2025; Table 1.0",b,a
SYN-1865,Belleville,Belleville - Quinte West CMA,Belleville area 12,1 Bedroom,Apartment,1165,1484,3.4,16.9,,44.247236,-77.332906,Synthetic candidate record,Derived from CMHC baseline,"CMHC Rental Market Survey, Canada, 2025; Table 1.0",c,a
SYN-1866,Oshawa,Oshawa CMA,Oshawa area 07,1 Bedroom,Apartment,1380,1754,3.7,4.8,,43.878941,-79.001737,Synthetic candidate record,Derived from CMHC baseline,"CMHC Rental Market Survey, Canada, 2025; Table 1.0",b,a
SYN-1867,Greater Sudbury,Greater Sudbury/Grand Sudbury CMA,Greater Sudbury area 07,1 Bedroom,Apartment,1325,1558,1.2,6.6,,46.511726,-80.956241,Synthetic candidate record,Derived from CMHC baseline,"CMHC Rental Market Survey, Canada, 2025; Table 1.0",a,a
SYN-1868,Belleville,Belleville - Quinte West CMA,Belleville area 02,2 Bedroom,Townhouse,1475,1484,3.4,16.9,,44.088578,-77.330368,Synthetic candidate record,Derived from CMHC baseline,"CMHC Rental Market Survey, Canada, 2025; Table 1.0",c,a
SYN-1869,Guelph,Guelph CMA,Guelph area 11,Studio,Townhouse,1435,1802,3.1,15.1,4.6,43.478273,-80.181952,Synthetic candidate record,Derived from CMHC baseline,"CMHC Rental Market Survey, Canada, 2025; Table 1.0",b,a
SYN-1870,Greater Sudbury,Greater Sudbury/Grand Sudbury CMA,Greater Sudbury area 02,1 Bedroom,Apartment,1325,1558,1.2,6.6,,46.448641,-80.972633,Synthetic candidate record,Derived from CMHC baseline,"CMHC Rental Market Survey, Canada, 2025; Table 1.0",a,a
SYN-1871,Guelph,Guelph CMA,Guelph area 01,1 Bedroom,Apartment,1610,1802,3.1,15.1,4.6,43.544393,-80.351088,Synthetic candidate record,Derived from CMHC baseline,"CMHC Rental Market Survey, Canada, 2025; Table 1.0",b,a
SYN-1872,Windsor,Windsor CMA,Windsor area 03,1 Bedroom,Apartment,1155,1454,3.7,12.2,3.6,42.260629,-82.946308,Synthetic candidate record,Derived from CMHC baseline,"CMHC Rental Market Survey, Canada, 2025; Table 1.0",b,a
SYN-1873,Brantford,Brantford CMA,Brantford area 10,2 Bedroom,Apartment,1630,1619,3.5,14.5,,43.127022,-80.362316,Synthetic candidate record,Derived from CMHC baseline,"CMHC Rental Market Survey, Canada, 2025; Table 1.0",c,a
SYN-1874,Belleville,Belleville - Quinte West CMA,Belleville area 01,2 Bedroom,Apartment,1640,1484,3.4,16.9,,44.21651,-77.320495,Synthetic candidate record,Derived from CMHC baseline,"CMHC Rental Market Survey, Canada, 2025; Table 1.0",c,a
SYN-1875,Barrie,Barrie CMA,Barrie area 11,3 Bedroom,Apartment,2235,1755,4.3,12.8,4.3,44.324506,-79.700925,Synthetic candidate record,Derived from CMHC baseline,"CMHC Rental Market Survey, Canada, 2025; Table 1.0",b,a
SYN-1876,Belleville,Belleville - Quinte West CMA,Belleville area 04,1 Bedroom,Apartment,1165,1484,3.4,16.9,,44.252164,-77.38164,Synthetic candidate record,Derived from CMHC baseline,"CMHC Rental Market Survey, Canada, 2025; Table 1.0",c,a
SYN-1877,Kingston,Kingston CMA,Kingston area 04,2 Bedroom,Apartment,1685,1764,2.4,17.3,2.4,44.305467,-76.606195,Synthetic candidate record,Derived from CMHC baseline,"CMHC Rental Market Survey, Canada, 2025; Table 1.0",a,a
SYN-1878,Oshawa,Oshawa CMA,Oshawa area 02,2 Bedroom,Apartment,1635,1754,3.7,4.8,,43.906525,-78.916438,Synthetic candidate record,Derived from CMHC baseline,"CMHC Rental Market Survey, Canada, 2025; Table 1.0",b,a
SYN-1879,Brantford,Brantford CMA,Brantford area 03,1 Bedroom,Apartment,1285,1619,3.5,14.5,,43.22596,-80.299929,Synthetic candidate record,Derived from CMHC baseline,"CMHC Rental Market Survey, Canada, 2025; Table 1.0",c,a
SYN-1880,Guelph,Guelph CMA,Guelph area 07,2 Bedroom,Apartment,1745,1802,3.1,15.1,4.6,43.521043,-80.230896,Synthetic candidate record,Derived from CMHC baseline,"CMHC Rental Market Survey, Canada, 2025; Table 1.0",b,a
SYN-1881,Guelph,Guelph CMA,Guelph area 10,2 Bedroom,Apartment,1755,1802,3.1,15.1,4.6,43.574573,-80.134847,Synthetic candidate record,Derived from CMHC baseline,"CMHC Rental Market Survey, Canada, 2025; Table 1.0",b,a
SYN-1882,Greater Sudbury,Greater Sudbury/Grand Sudbury CMA,Greater Sudbury area 11,1 Bedroom,Townhouse,1365,1558,1.2,6.6,,46.481634,-80.920935,Synthetic candidate record,Derived from CMHC baseline,"CMHC Rental Market Survey, Canada, 2025; Table 1.0",a,a
SYN-1883,Windsor,Windsor CMA,Windsor area 08,2 Bedroom,Apartment,1610,1454,3.7,12.2,3.6,42.310726,-82.928597,Synthetic candidate record,Derived from CMHC baseline,"CMHC Rental Market Survey, Canada, 2025; Table 1.0",b,a
SYN-1884,Peterborough,Peterborough CMA,Peterborough area 07,1 Bedroom,Apartment,1230,1518,3.1,8.4,,44.336519,-78.410716,Synthetic candidate record,Derived from CMHC baseline,"CMHC Rental Market Survey, Canada, 2025; Table 1.0",b,a
SYN-1885,St. Catharines,St. Catharines-Niagara CMA,St. Catharines area 07,3 Bedroom,Apartment,1870,1527,3.9,12.8,5.5,43.119372,-79.372321,Synthetic candidate record,Derived from CMHC baseline,"CMHC Rental Market Survey, Canada, 2025; Table 1.0",b,a
SYN-1886,London,London CMA,London area 07,3 Bedroom,Apartment,1870,1651,4,15.1,4.1,43.052927,-81.285506,Synthetic candidate record,Derived from CMHC baseline,"CMHC Rental Market Survey, Canada, 2025; Table 1.0",a,a
SYN-1887,Thunder Bay,Thunder Bay CMA,Thunder Bay area 06,3 Bedroom,Townhouse,1970,1495,4,3.4,6.8,48.358589,-89.288785,Synthetic candidate record,Derived from CMHC baseline,"CMHC Rental Market Survey, Canada, 2025; Table 1.0",b,a
SYN-1888,Greater Sudbury,Greater Sudbury/Grand Sudbury CMA,Greater Sudbury area 10,1 Bedroom,Apartment,1175,1558,1.2,6.6,,46.440901,-80.931242,Synthetic candidate record,Derived from CMHC baseline,"CMHC Rental Market Survey, Canada, 2025; Table 1.0",a,a
SYN-1889,Kitchener-Waterloo,Kitchener-Cambridge-Waterloo CMA,Kitchener-Waterloo area 11,3 Bedroom,Apartment,2425,1832,4.1,16.1,3.3,43.504395,-80.517789,Synthetic candidate record,Derived from CMHC baseline,"CMHC Rental Market Survey, Canada, 2025; Table 1.0",b,a
SYN-1890,Oshawa,Oshawa CMA,Oshawa area 08,1 Bedroom,Apartment,1360,1754,3.7,4.8,,43.891146,-78.853913,Synthetic candidate record,Derived from CMHC baseline,"CMHC Rental Market Survey, Canada, 2025; Table 1.0",b,a
SYN-1891,Oshawa,Oshawa CMA,Oshawa area 07,3 Bedroom,Townhouse,2445,1754,3.7,4.8,,43.907439,-78.961078,Synthetic candidate record,Derived from CMHC baseline,"CMHC Rental Market Survey, Canada, 2025; Table 1.0",b,a
SYN-1892,Thunder Bay,Thunder Bay CMA,Thunder Bay area 10,1 Bedroom,Townhouse,1345,1495,4,3.4,6.8,48.285667,-89.336094,Synthetic candidate record,Derived from CMHC baseline,"CMHC Rental Market Survey, Canada, 2025; Table 1.0",b,a
SYN-1893,Kingston,Kingston CMA,Kingston area 06,1 Bedroom,Apartment,1355,1764,2.4,17.3,2.4,44.291367,-76.583502,Synthetic candidate record,Derived from CMHC baseline,"CMHC Rental Market Survey, Canada, 2025; Table 1.0",a,a
SYN-1894,Toronto,Toronto CMA,Toronto area 10,1 Bedroom,Apartment,1550,2046,3,8.7,3.4,43.705724,-79.386881,Synthetic candidate record,Derived from CMHC baseline,"CMHC Rental Market Survey, Canada, 2025; Table 1.0",a,a
SYN-1895,Belleville,Belleville - Quinte West CMA,Belleville area 02,2 Bedroom,Apartment,1495,1484,3.4,16.9,,44.23525,-77.507892,Synthetic candidate record,Derived from CMHC baseline,"CMHC Rental Market Survey, Canada, 2025; Table 1.0",c,a
SYN-1896,Ottawa,Ottawa-Gatineau CMA (Ont. part),Ottawa area 04,3 Bedroom,Apartment,2380,1926,3,15.4,3.4,45.362101,-75.79676,Synthetic candidate record,Derived from CMHC baseline,"CMHC Rental Market Survey, Canada, 2025; Table 1.0",b,a
SYN-1897,Oshawa,Oshawa CMA,Oshawa area 06,2 Bedroom,Apartment,1670,1754,3.7,4.8,,43.978003,-78.880617,Synthetic candidate record,Derived from CMHC baseline,"CMHC Rental Market Survey, Canada, 2025; Table 1.0",b,a
SYN-1898,Kingston,Kingston CMA,Kingston area 03,1 Bedroom,Apartment,1380,1764,2.4,17.3,2.4,44.291667,-76.580954,Synthetic candidate record,Derived from CMHC baseline,"CMHC Rental Market Survey, Canada, 2025; Table 1.0",a,a
SYN-1899,Kingston,Kingston CMA,Kingston area 12,1 Bedroom,Townhouse,1645,1764,2.4,17.3,2.4,44.225114,-76.351099,Synthetic candidate record,Derived from CMHC baseline,"CMHC Rental Market Survey, Canada, 2025; Table 1.0",a,a
SYN-1900,London,London CMA,London area 01,3 Bedroom,Apartment,2195,1651,4,15.1,4.1,43.066737,-81.355461,Synthetic candidate record,Derived from CMHC baseline,"CMHC Rental Market Survey, Canada, 2025; Table 1.0",a,a
SYN-1901,Hamilton,Hamilton CMA,Hamilton area 06,3 Bedroom,Townhouse,2125,1656,3.6,13.1,1.6,43.159691,-79.81944,Synthetic candidate record,Derived from CMHC baseline,"CMHC Rental Market Survey, Canada, 2025; Table 1.0",a,a
SYN-1902,Toronto,Toronto CMA,Toronto area 08,2 Bedroom,Apartment,2110,2046,3,8.7,3.4,43.642667,-79.515922,Synthetic candidate record,Derived from CMHC baseline,"CMHC Rental Market Survey, Canada, 2025; Table 1.0",a,a
SYN-1903,Peterborough,Peterborough CMA,Peterborough area 07,3 Bedroom,Apartment,1905,1518,3.1,8.4,,44.236089,-78.375569,Synthetic candidate record,Derived from CMHC baseline,"CMHC Rental Market Survey, Canada, 2025; Table 1.0",b,a
SYN-1904,Hamilton,Hamilton CMA,Hamilton area 12,Studio,Apartment,1105,1656,3.6,13.1,1.6,43.348015,-79.920338,Synthetic candidate record,Derived from CMHC baseline,"CMHC Rental Market Survey, Canada, 2025; Table 1.0",a,a
SYN-1905,Brantford,Brantford CMA,Brantford area 05,1 Bedroom,Townhouse,1660,1619,3.5,14.5,,43.122948,-80.355107,Synthetic candidate record,Derived from CMHC baseline,"CMHC Rental Market Survey, Canada, 2025; Table 1.0",c,a
SYN-1906,Kitchener-Waterloo,Kitchener-Cambridge-Waterloo CMA,Kitchener-Waterloo area 01,2 Bedroom,Apartment,1860,1832,4.1,16.1,3.3,43.449522,-80.380698,Synthetic candidate record,Derived from CMHC baseline,"CMHC Rental Market Survey, Canada, 2025; Table 1.0",b,a
SYN-1907,London,London CMA,London area 11,2 Bedroom,Apartment,1525,1651,4,15.1,4.1,42.892991,-81.176951,Synthetic candidate record,Derived from CMHC baseline,"CMHC Rental Market Survey, Canada, 2025; Table 1.0",a,a
SYN-1908,Toronto,Toronto CMA,Toronto area 10,2 Bedroom,Apartment,2100,2046,3,8.7,3.4,43.663455,-79.485297,Synthetic candidate record,Derived from CMHC baseline,"CMHC Rental Market Survey, Canada, 2025; Table 1.0",a,a
SYN-1909,Barrie,Barrie CMA,Barrie area 12,2 Bedroom,Apartment,1725,1755,4.3,12.8,4.3,44.383424,-79.721535,Synthetic candidate record,Derived from CMHC baseline,"CMHC Rental Market Survey, Canada, 2025; Table 1.0",b,a
SYN-1910,St. Catharines,St. Catharines-Niagara CMA,St. Catharines area 07,2 Bedroom,Apartment,1600,1527,3.9,12.8,5.5,43.132759,-79.24345,Synthetic candidate record,Derived from CMHC baseline,"CMHC Rental Market Survey, Canada, 2025; Table 1.0",b,a
SYN-1911,Thunder Bay,Thunder Bay CMA,Thunder Bay area 05,2 Bedroom,Apartment,1660,1495,4,3.4,6.8,48.391377,-89.251063,Synthetic candidate record,Derived from CMHC baseline,"CMHC Rental Market Survey, Canada, 2025; Table 1.0",b,a
SYN-1912,Brantford,Brantford CMA,Brantford area 09,3 Bedroom,Apartment,1910,1619,3.5,14.5,,43.200495,-80.151108,Synthetic candidate record,Derived from CMHC baseline,"CMHC Rental Market Survey, Canada, 2025; Table 1.0",c,a
SYN-1913,Guelph,Guelph CMA,Guelph area 03,Studio,Apartment,1240,1802,3.1,15.1,4.6,43.459683,-80.283135,Synthetic candidate record,Derived from CMHC baseline,"CMHC Rental Market Survey, Canada, 2025; Table 1.0",b,a
SYN-1914,London,London CMA,London area 06,2 Bedroom,Apartment,1595,1651,4,15.1,4.1,42.886829,-81.378323,Synthetic candidate record,Derived from CMHC baseline,"CMHC Rental Market Survey, Canada, 2025; Table 1.0",a,a
SYN-1915,Brantford,Brantford CMA,Brantford area 01,1 Bedroom,Townhouse,1370,1619,3.5,14.5,,43.172388,-80.233547,Synthetic candidate record,Derived from CMHC baseline,"CMHC Rental Market Survey, Canada, 2025; Table 1.0",c,a
SYN-1916,Hamilton,Hamilton CMA,Hamilton area 02,1 Bedroom,Apartment,1290,1656,3.6,13.1,1.6,43.192815,-79.811165,Synthetic candidate record,Derived from CMHC baseline,"CMHC Rental Market Survey, Canada, 2025; Table 1.0",a,a
SYN-1917,Barrie,Barrie CMA,Barrie area 04,1 Bedroom,Apartment,1480,1755,4.3,12.8,4.3,44.36678,-79.655189,Synthetic candidate record,Derived from CMHC baseline,"CMHC Rental Market Survey, Canada, 2025; Table 1.0",b,a
SYN-1918,Windsor,Windsor CMA,Windsor area 05,2 Bedroom,Townhouse,1750,1454,3.7,12.2,3.6,42.335992,-83.12131,Synthetic candidate record,Derived from CMHC baseline,"CMHC Rental Market Survey, Canada, 2025; Table 1.0",b,a
SYN-1919,Belleville,Belleville - Quinte West CMA,Belleville area 10,1 Bedroom,Apartment,1435,1484,3.4,16.9,,44.115452,-77.277765,Synthetic candidate record,Derived from CMHC baseline,"CMHC Rental Market Survey, Canada, 2025; Table 1.0",c,a
SYN-1920,Kitchener-Waterloo,Kitchener-Cambridge-Waterloo CMA,Kitchener-Waterloo area 04,2 Bedroom,Apartment,2010,1832,4.1,16.1,3.3,43.38924,-80.396457,Synthetic candidate record,Derived from CMHC baseline,"CMHC Rental Market Survey, Canada, 2025; Table 1.0",b,a
SYN-1921,Kingston,Kingston CMA,Kingston area 06,1 Bedroom,Apartment,1345,1764,2.4,17.3,2.4,44.188281,-76.506509,Synthetic candidate record,Derived from CMHC baseline,"CMHC Rental Market Survey, Canada, 2025; Table 1.0",a,a
SYN-1922,London,London CMA,London area 01,2 Bedroom,Apartment,1565,1651,4,15.1,4.1,42.94119,-81.33791,Synthetic candidate record,Derived from CMHC baseline,"CMHC Rental Market Survey, Canada, 2025; Table 1.0",a,a
SYN-1923,Brantford,Brantford CMA,Brantford area 12,1 Bedroom,Apartment,1195,1619,3.5,14.5,,43.05539,-80.191922,Synthetic candidate record,Derived from CMHC baseline,"CMHC Rental Market Survey, Canada, 2025; Table 1.0",c,a
SYN-1924,Toronto,Toronto CMA,Toronto area 06,Studio,Apartment,1260,2046,3,8.7,3.4,43.61688,-79.308183,Synthetic candidate record,Derived from CMHC baseline,"CMHC Rental Market Survey, Canada, 2025; Table 1.0",a,a
SYN-1925,Brantford,Brantford CMA,Brantford area 08,2 Bedroom,Apartment,1430,1619,3.5,14.5,,43.13549,-80.264484,Synthetic candidate record,Derived from CMHC baseline,"CMHC Rental Market Survey, Canada, 2025; Table 1.0",c,a
SYN-1926,Ottawa,Ottawa-Gatineau CMA (Ont. part),Ottawa area 12,2 Bedroom,Apartment,2000,1926,3,15.4,3.4,45.367122,-75.791075,Synthetic candidate record,Derived from CMHC baseline,"CMHC Rental Market Survey, Canada, 2025; Table 1.0",b,a
SYN-1927,Peterborough,Peterborough CMA,Peterborough area 08,1 Bedroom,Townhouse,1265,1518,3.1,8.4,,44.398143,-78.346743,Synthetic candidate record,Derived from CMHC baseline,"CMHC Rental Market Survey, Canada, 2025; Table 1.0",b,a
SYN-1928,Toronto,Toronto CMA,Toronto area 03,1 Bedroom,Townhouse,2030,2046,3,8.7,3.4,43.637119,-79.514644,Synthetic candidate record,Derived from CMHC baseline,"CMHC Rental Market Survey, Canada, 2025; Table 1.0",a,a
SYN-1929,Ottawa,Ottawa-Gatineau CMA (Ont. part),Ottawa area 03,1 Bedroom,Apartment,1565,1926,3,15.4,3.4,45.479775,-75.651104,Synthetic candidate record,Derived from CMHC baseline,"CMHC Rental Market Survey, Canada, 2025; Table 1.0",b,a
SYN-1930,Hamilton,Hamilton CMA,Hamilton area 08,2 Bedroom,Apartment,1670,1656,3.6,13.1,1.6,43.199099,-80.003905,Synthetic candidate record,Derived from CMHC baseline,"CMHC Rental Market Survey, Canada, 2025; Table 1.0",a,a
SYN-1931,Hamilton,Hamilton CMA,Hamilton area 09,1 Bedroom,Apartment,1460,1656,3.6,13.1,1.6,43.216404,-79.746098,Synthetic candidate record,Derived from CMHC baseline,"CMHC Rental Market Survey, Canada, 2025; Table 1.0",a,a
SYN-1932,St. Catharines,St. Catharines-Niagara CMA,St. Catharines area 07,1 Bedroom,Townhouse,1365,1527,3.9,12.8,5.5,43.180765,-79.247137,Synthetic candidate record,Derived from CMHC baseline,"CMHC Rental Market Survey, Canada, 2025; Table 1.0",b,a
SYN-1933,Kingston,Kingston CMA,Kingston area 10,1 Bedroom,Apartment,1415,1764,2.4,17.3,2.4,44.32179,-76.428494,Synthetic candidate record,Derived from CMHC baseline,"CMHC Rental Market Survey, Canada, 2025; Table 1.0",a,a
SYN-1934,Oshawa,Oshawa CMA,Oshawa area 01,1 Bedroom,Townhouse,1595,1754,3.7,4.8,,43.957824,-78.889018,Synthetic candidate record,Derived from CMHC baseline,"CMHC Rental Market Survey, Canada, 2025; Table 1.0",b,a
SYN-1935,Oshawa,Oshawa CMA,Oshawa area 03,2 Bedroom,Apartment,1620,1754,3.7,4.8,,43.882899,-78.970757,Synthetic candidate record,Derived from CMHC baseline,"CMHC Rental Market Survey, Canada, 2025; Table 1.0",b,a
SYN-1936,Oshawa,Oshawa CMA,Oshawa area 06,1 Bedroom,Apartment,1320,1754,3.7,4.8,,43.958525,-78.764744,Synthetic candidate record,Derived from CMHC baseline,"CMHC Rental Market Survey, Canada, 2025; Table 1.0",b,a
SYN-1937,Windsor,Windsor CMA,Windsor area 06,Studio,Townhouse,1025,1454,3.7,12.2,3.6,42.403815,-82.985476,Synthetic candidate record,Derived from CMHC baseline,"CMHC Rental Market Survey, Canada, 2025; Table 1.0",b,a
SYN-1938,Windsor,Windsor CMA,Windsor area 04,2 Bedroom,Apartment,1515,1454,3.7,12.2,3.6,42.330344,-83.082093,Synthetic candidate record,Derived from CMHC baseline,"CMHC Rental Market Survey, Canada, 2025; Table 1.0",b,a
SYN-1939,Hamilton,Hamilton CMA,Hamilton area 10,3 Bedroom,Apartment,1980,1656,3.6,13.1,1.6,43.318364,-79.94,Synthetic candidate record,Derived from CMHC baseline,"CMHC Rental Market Survey, Canada, 2025; Table 1.0",a,a
SYN-1940,Windsor,Windsor CMA,Windsor area 03,3 Bedroom,Apartment,1610,1454,3.7,12.2,3.6,42.317092,-83.145782,Synthetic candidate record,Derived from CMHC baseline,"CMHC Rental Market Survey, Canada, 2025; Table 1.0",b,a
SYN-1941,Ottawa,Ottawa-Gatineau CMA (Ont. part),Ottawa area 02,Studio,Townhouse,1195,1926,3,15.4,3.4,45.510929,-75.632282,Synthetic candidate record,Derived from CMHC baseline,"CMHC Rental Market Survey, Canada, 2025; Table 1.0",b,a
SYN-1942,Toronto,Toronto CMA,Toronto area 03,1 Bedroom,Apartment,1740,2046,3,8.7,3.4,43.711456,-79.44506,Synthetic candidate record,Derived from CMHC baseline,"CMHC Rental Market Survey, Canada, 2025; Table 1.0",a,a
SYN-1943,Peterborough,Peterborough CMA,Peterborough area 10,2 Bedroom,Apartment,1440,1518,3.1,8.4,,44.209711,-78.3599,Synthetic candidate record,Derived from CMHC baseline,"CMHC Rental Market Survey, Canada, 2025; Table 1.0",b,a
SYN-1944,Windsor,Windsor CMA,Windsor area 06,2 Bedroom,Apartment,1465,1454,3.7,12.2,3.6,42.406234,-83.040539,Synthetic candidate record,Derived from CMHC baseline,"CMHC Rental Market Survey, Canada, 2025; Table 1.0",b,a
SYN-1945,Kitchener-Waterloo,Kitchener-Cambridge-Waterloo CMA,Kitchener-Waterloo area 12,2 Bedroom,Apartment,2010,1832,4.1,16.1,3.3,43.375672,-80.428193,Synthetic candidate record,Derived from CMHC baseline,"CMHC Rental Market Survey, Canada, 2025; Table 1.0",b,a
SYN-1946,Kitchener-Waterloo,Kitchener-Cambridge-Waterloo CMA,Kitchener-Waterloo area 12,2 Bedroom,Apartment,1785,1832,4.1,16.1,3.3,43.401245,-80.526659,Synthetic candidate record,Derived from CMHC baseline,"CMHC Rental Market Survey, Canada, 2025; Table 1.0",b,a
SYN-1947,Barrie,Barrie CMA,Barrie area 02,1 Bedroom,Apartment,1455,1755,4.3,12.8,4.3,44.419727,-79.616868,Synthetic candidate record,Derived from CMHC baseline,"CMHC Rental Market Survey, Canada, 2025; Table 1.0",b,a
SYN-1948,Peterborough,Peterborough CMA,Peterborough area 03,1 Bedroom,Apartment,1260,1518,3.1,8.4,,44.298437,-78.352675,Synthetic candidate record,Derived from CMHC baseline,"CMHC Rental Market Survey, Canada, 2025; Table 1.0",b,a
SYN-1949,Toronto,Toronto CMA,Toronto area 05,2 Bedroom,Apartment,2200,2046,3,8.7,3.4,43.592756,-79.353749,Synthetic candidate record,Derived from CMHC baseline,"CMHC Rental Market Survey, Canada, 2025; Table 1.0",a,a
SYN-1950,Kingston,Kingston CMA,Kingston area 06,2 Bedroom,Apartment,1710,1764,2.4,17.3,2.4,44.322421,-76.590974,Synthetic candidate record,Derived from CMHC baseline,"CMHC Rental Market Survey, Canada, 2025; Table 1.0",a,a
SYN-1951,Windsor,Windsor CMA,Windsor area 06,1 Bedroom,Apartment,1235,1454,3.7,12.2,3.6,42.219993,-83.054181,Synthetic candidate record,Derived from CMHC baseline,"CMHC Rental Market Survey, Canada, 2025; Table 1.0",b,a
SYN-1952,Greater Sudbury,Greater Sudbury/Grand Sudbury CMA,Greater Sudbury area 10,1 Bedroom,Apartment,1195,1558,1.2,6.6,,46.520424,-81.044125,Synthetic candidate record,Derived from CMHC baseline,"CMHC Rental Market Survey, Canada, 2025; Table 1.0",a,a
SYN-1953,Belleville,Belleville - Quinte West CMA,Belleville area 03,3 Bedroom,Apartment,1790,1484,3.4,16.9,,44.162135,-77.264167,Synthetic candidate record,Derived from CMHC baseline,"CMHC Rental Market Survey, Canada, 2025; Table 1.0",c,a
SYN-1954,Hamilton,Hamilton CMA,Hamilton area 06,Studio,Apartment,995,1656,3.6,13.1,1.6,43.343725,-79.943868,Synthetic candidate record,Derived from CMHC baseline,"CMHC Rental Market Survey, Canada, 2025; Table 1.0",a,a
SYN-1955,Peterborough,Peterborough CMA,Peterborough area 07,1 Bedroom,Townhouse,1325,1518,3.1,8.4,,44.289212,-78.442076,Synthetic candidate record,Derived from CMHC baseline,"CMHC Rental Market Survey, Canada, 2025; Table 1.0",b,a
SYN-1956,Greater Sudbury,Greater Sudbury/Grand Sudbury CMA,Greater Sudbury area 02,2 Bedroom,Apartment,1595,1558,1.2,6.6,,46.554573,-81.007961,Synthetic candidate record,Derived from CMHC baseline,"CMHC Rental Market Survey, Canada, 2025; Table 1.0",a,a
SYN-1957,St. Catharines,St. Catharines-Niagara CMA,St. Catharines area 04,1 Bedroom,Apartment,1180,1527,3.9,12.8,5.5,43.069897,-79.152886,Synthetic candidate record,Derived from CMHC baseline,"CMHC Rental Market Survey, Canada, 2025; Table 1.0",b,a
SYN-1958,Windsor,Windsor CMA,Windsor area 03,Studio,Apartment,915,1454,3.7,12.2,3.6,42.366606,-82.914698,Synthetic candidate record,Derived from CMHC baseline,"CMHC Rental Market Survey, Canada, 2025; Table 1.0",b,a
SYN-1959,Ottawa,Ottawa-Gatineau CMA (Ont. part),Ottawa area 12,1 Bedroom,Townhouse,1920,1926,3,15.4,3.4,45.419945,-75.648861,Synthetic candidate record,Derived from CMHC baseline,"CMHC Rental Market Survey, Canada, 2025; Table 1.0",b,a
SYN-1960,Thunder Bay,Thunder Bay CMA,Thunder Bay area 04,2 Bedroom,Apartment,1520,1495,4,3.4,6.8,48.320925,-89.38742,Synthetic candidate record,Derived from CMHC baseline,"CMHC Rental Market Survey, Canada, 2025; Table 1.0",b,a
SYN-1961,Windsor,Windsor CMA,Windsor area 04,Studio,Apartment,925,1454,3.7,12.2,3.6,42.394616,-83.127229,Synthetic candidate record,Derived from CMHC baseline,"CMHC Rental Market Survey, Canada, 2025; Table 1.0",b,a
SYN-1962,Hamilton,Hamilton CMA,Hamilton area 07,2 Bedroom,Apartment,1600,1656,3.6,13.1,1.6,43.208829,-79.905618,Synthetic candidate record,Derived from CMHC baseline,"CMHC Rental Market Survey, Canada, 2025; Table 1.0",a,a
SYN-1963,Kingston,Kingston CMA,Kingston area 05,2 Bedroom,Apartment,1705,1764,2.4,17.3,2.4,44.183268,-76.592299,Synthetic candidate record,Derived from CMHC baseline,"CMHC Rental Market Survey, Canada, 2025; Table 1.0",a,a
SYN-1964,Toronto,Toronto CMA,Toronto area 07,Studio,Townhouse,1590,2046,3,8.7,3.4,43.594118,-79.49026,Synthetic candidate record,Derived from CMHC baseline,"CMHC Rental Market Survey, Canada, 2025; Table 1.0",a,a
SYN-1965,Guelph,Guelph CMA,Guelph area 11,2 Bedroom,Apartment,1855,1802,3.1,15.1,4.6,43.594255,-80.156337,Synthetic candidate record,Derived from CMHC baseline,"CMHC Rental Market Survey, Canada, 2025; Table 1.0",b,a
SYN-1966,Kitchener-Waterloo,Kitchener-Cambridge-Waterloo CMA,Kitchener-Waterloo area 11,3 Bedroom,Apartment,2460,1832,4.1,16.1,3.3,43.423788,-80.615271,Synthetic candidate record,Derived from CMHC baseline,"CMHC Rental Market Survey, Canada, 2025; Table 1.0",b,a
SYN-1967,London,London CMA,London area 06,2 Bedroom,Apartment,1655,1651,4,15.1,4.1,42.887372,-81.155191,Synthetic candidate record,Derived from CMHC baseline,"CMHC Rental Market Survey, Canada, 2025; Table 1.0",a,a
SYN-1968,Kitchener-Waterloo,Kitchener-Cambridge-Waterloo CMA,Kitchener-Waterloo area 07,1 Bedroom,Townhouse,1650,1832,4.1,16.1,3.3,43.495594,-80.504103,Synthetic candidate record,Derived from CMHC baseline,"CMHC Rental Market Survey, Canada, 2025; Table 1.0",b,a
SYN-1969,Kingston,Kingston CMA,Kingston area 04,3 Bedroom,Townhouse,2210,1764,2.4,17.3,2.4,44.328556,-76.386253,Synthetic candidate record,Derived from CMHC baseline,"CMHC Rental Market Survey, Canada, 2025; Table 1.0",a,a
SYN-1970,Brantford,Brantford CMA,Brantford area 01,2 Bedroom,Apartment,1580,1619,3.5,14.5,,43.209936,-80.231708,Synthetic candidate record,Derived from CMHC baseline,"CMHC Rental Market Survey, Canada, 2025; Table 1.0",c,a
SYN-1971,St. Catharines,St. Catharines-Niagara CMA,St. Catharines area 06,3 Bedroom,Apartment,1665,1527,3.9,12.8,5.5,43.251642,-79.35733,Synthetic candidate record,Derived from CMHC baseline,"CMHC Rental Market Survey, Canada, 2025; Table 1.0",b,a
SYN-1972,Kitchener-Waterloo,Kitchener-Cambridge-Waterloo CMA,Kitchener-Waterloo area 05,2 Bedroom,Townhouse,2060,1832,4.1,16.1,3.3,43.499969,-80.527538,Synthetic candidate record,Derived from CMHC baseline,"CMHC Rental Market Survey, Canada, 2025; Table 1.0",b,a
SYN-1973,Thunder Bay,Thunder Bay CMA,Thunder Bay area 04,2 Bedroom,Apartment,1525,1495,4,3.4,6.8,48.34131,-89.319149,Synthetic candidate record,Derived from CMHC baseline,"CMHC Rental Market Survey, Canada, 2025; Table 1.0",b,a
SYN-1974,Guelph,Guelph CMA,Guelph area 03,3 Bedroom,Apartment,1865,1802,3.1,15.1,4.6,43.620858,-80.128989,Synthetic candidate record,Derived from CMHC baseline,"CMHC Rental Market Survey, Canada, 2025; Table 1.0",b,a
SYN-1975,Barrie,Barrie CMA,Barrie area 01,Studio,Apartment,1015,1755,4.3,12.8,4.3,44.428384,-79.753794,Synthetic candidate record,Derived from CMHC baseline,"CMHC Rental Market Survey, Canada, 2025; Table 1.0",b,a
SYN-1976,Windsor,Windsor CMA,Windsor area 07,Studio,Apartment,1030,1454,3.7,12.2,3.6,42.257995,-83.064113,Synthetic candidate record,Derived from CMHC baseline,"CMHC Rental Market Survey, Canada, 2025; Table 1.0",b,a
SYN-1977,Barrie,Barrie CMA,Barrie area 01,Studio,Townhouse,1335,1755,4.3,12.8,4.3,44.483981,-79.668817,Synthetic candidate record,Derived from CMHC baseline,"CMHC Rental Market Survey, Canada, 2025; Table 1.0",b,a
SYN-1978,Brantford,Brantford CMA,Brantford area 04,3 Bedroom,Apartment,1855,1619,3.5,14.5,,43.18138,-80.20441,Synthetic candidate record,Derived from CMHC baseline,"CMHC Rental Market Survey, Canada, 2025; Table 1.0",c,a
SYN-1979,St. Catharines,St. Catharines-Niagara CMA,St. Catharines area 11,Studio,Apartment,1085,1527,3.9,12.8,5.5,43.197335,-79.161808,Synthetic candidate record,Derived from CMHC baseline,"CMHC Rental Market Survey, Canada, 2025; Table 1.0",b,a
SYN-1980,Belleville,Belleville - Quinte West CMA,Belleville area 04,3 Bedroom,Townhouse,1950,1484,3.4,16.9,,44.174589,-77.326619,Synthetic candidate record,Derived from CMHC baseline,"CMHC Rental Market Survey, Canada, 2025; Table 1.0",c,a
SYN-1981,Belleville,Belleville - Quinte West CMA,Belleville area 11,1 Bedroom,Apartment,1135,1484,3.4,16.9,,44.157295,-77.476906,Synthetic candidate record,Derived from CMHC baseline,"CMHC Rental Market Survey, Canada, 2025; Table 1.0",c,a
SYN-1982,Peterborough,Peterborough CMA,Peterborough area 07,2 Bedroom,Apartment,1445,1518,3.1,8.4,,44.273242,-78.280763,Synthetic candidate record,Derived from CMHC baseline,"CMHC Rental Market Survey, Canada, 2025; Table 1.0",b,a
SYN-1983,Kingston,Kingston CMA,Kingston area 08,2 Bedroom,Apartment,1645,1764,2.4,17.3,2.4,44.18969,-76.398292,Synthetic candidate record,Derived from CMHC baseline,"CMHC Rental Market Survey, Canada, 2025; Table 1.0",a,a
SYN-1984,Thunder Bay,Thunder Bay CMA,Thunder Bay area 03,1 Bedroom,Townhouse,1345,1495,4,3.4,6.8,48.298189,-89.322018,Synthetic candidate record,Derived from CMHC baseline,"CMHC Rental Market Survey, Canada, 2025; Table 1.0",b,a
SYN-1985,Ottawa,Ottawa-Gatineau CMA (Ont. part),Ottawa area 06,3 Bedroom,Townhouse,2330,1926,3,15.4,3.4,45.457568,-75.586145,Synthetic candidate record,Derived from CMHC baseline,"CMHC Rental Market Survey, Canada, 2025; Table 1.0",b,a
SYN-1986,Hamilton,Hamilton CMA,Hamilton area 04,2 Bedroom,Apartment,1705,1656,3.6,13.1,1.6,43.32592,-79.850863,Synthetic candidate record,Derived from CMHC baseline,"CMHC Rental Market Survey, Canada, 2025; Table 1.0",a,a
SYN-1987,Greater Sudbury,Greater Sudbury/Grand Sudbury CMA,Greater Sudbury area 10,Studio,Townhouse,1335,1558,1.2,6.6,,46.500499,-80.987315,Synthetic candidate record,Derived from CMHC baseline,"CMHC Rental Market Survey, Canada, 2025; Table 1.0",a,a
SYN-1988,Barrie,Barrie CMA,Barrie area 06,1 Bedroom,Apartment,1215,1755,4.3,12.8,4.3,44.437342,-79.6388,Synthetic candidate record,Derived from CMHC baseline,"CMHC Rental Market Survey, Canada, 2025; Table 1.0",b,a
SYN-1989,Windsor,Windsor CMA,Windsor area 10,Studio,Apartment,920,1454,3.7,12.2,3.6,42.346278,-83.065394,Synthetic candidate record,Derived from CMHC baseline,"CMHC Rental Market Survey, Canada, 2025; Table 1.0",b,a
SYN-1990,Peterborough,Peterborough CMA,Peterborough area 03,2 Bedroom,Apartment,1485,1518,3.1,8.4,,44.254263,-78.27948,Synthetic candidate record,Derived from CMHC baseline,"CMHC Rental Market Survey, Canada, 2025; Table 1.0",b,a
SYN-1991,Kitchener-Waterloo,Kitchener-Cambridge-Waterloo CMA,Kitchener-Waterloo area 07,2 Bedroom,Apartment,1525,1832,4.1,16.1,3.3,43.490587,-80.545794,Synthetic candidate record,Derived from CMHC baseline,"CMHC Rental Market Survey, Canada, 2025; Table 1.0",b,a
SYN-1992,Oshawa,Oshawa CMA,Oshawa area 01,2 Bedroom,Apartment,1765,1754,3.7,4.8,,43.98741,-78.951562,Synthetic candidate record,Derived from CMHC baseline,"CMHC Rental Market Survey, Canada, 2025; Table 1.0",b,a
SYN-1993,Barrie,Barrie CMA,Barrie area 02,1 Bedroom,Apartment,1510,1755,4.3,12.8,4.3,44.303667,-79.759308,Synthetic candidate record,Derived from CMHC baseline,"CMHC Rental Market Survey, Canada, 2025; Table 1.0",b,a
SYN-1994,Thunder Bay,Thunder Bay CMA,Thunder Bay area 06,3 Bedroom,Townhouse,2225,1495,4,3.4,6.8,48.283014,-89.218322,Synthetic candidate record,Derived from CMHC baseline,"CMHC Rental Market Survey, Canada, 2025; Table 1.0",b,a
SYN-1995,Greater Sudbury,Greater Sudbury/Grand Sudbury CMA,Greater Sudbury area 01,1 Bedroom,Apartment,1160,1558,1.2,6.6,,46.487388,-80.959649,Synthetic candidate record,Derived from CMHC baseline,"CMHC Rental Market Survey, Canada, 2025; Table 1.0",a,a
SYN-1996,Windsor,Windsor CMA,Windsor area 12,3 Bedroom,Townhouse,2015,1454,3.7,12.2,3.6,42.278826,-83.163239,Synthetic candidate record,Derived from CMHC baseline,"CMHC Rental Market Survey, Canada, 2025; Table 1.0",b,a
SYN-1997,Windsor,Windsor CMA,Windsor area 06,3 Bedroom,Townhouse,1935,1454,3.7,12.2,3.6,42.29944,-83.012835,Synthetic candidate record,Derived from CMHC baseline,"CMHC Rental Market Survey, Canada, 2025; Table 1.0",b,a
SYN-1998,Windsor,Windsor CMA,Windsor area 02,3 Bedroom,Townhouse,1685,1454,3.7,12.2,3.6,42.222634,-83.039795,Synthetic candidate record,Derived from CMHC baseline,"CMHC Rental Market Survey, Canada, 2025; Table 1.0",b,a
SYN-1999,Windsor,Windsor CMA,Windsor area 08,1 Bedroom,Apartment,1315,1454,3.7,12.2,3.6,42.358022,-82.922178,Synthetic candidate record,Derived from CMHC baseline,"CMHC Rental Market Survey, Canada, 2025; Table 1.0",b,a
SYN-2000,Greater Sudbury,Greater Sudbury/Grand Sudbury CMA,Greater Sudbury area 06,2 Bedroom,Apartment,1650,1558,1.2,6.6,,46.512422,-81.001924,Synthetic candidate record,Derived from CMHC baseline,"CMHC Rental Market Survey, Canada, 2025; Table 1.0",a,a
