id,title,company,location,salary_min,salary_max,salary_is_predicted,latitude,longitude,description,category,category_tag,contract_type,contract_time,created,url
5741973622,Data Analyst,Insight Global,"Toronto, Ontario",,,0,43.706102,-79.402726,"Job Description We are seeking a motivated and detail-oriented Junior Data Analyst to support our innovative Generative AI (GenAI) initiatives within a leading financial institution. This role is ideal for someone early in their data career who has a strong interest in data analysis, reporting, and data quality, and is eager to grow their skills in a dynamic and collaborative environment. As a Junior Data Analyst on the GenAI team, you will work closely with data engineers and AI researchers to…",IT Jobs,it-jobs,,,2026-05-27T01:26:44Z,https://www.adzuna.ca/details/5741973622?utm_medium=api&utm_source=f5a79969
5703538141,Data Analyst,ADF Medical Services Inc.,"Toronto Dominion Centre, City of Toronto",,,0,43.64837,-79.3819,"Here's your clean, copy-ready job posting: JOB OPENING — Remote Data Analyst ADF Medical Services Inc. We're looking for a sharp, analytical Remote Data Analyst to help us turn data into actionable insights. If you love working with numbers, spotting trends, and making data meaningful — this role is for you. Role: Remote Data Analyst Department: Analytics & Business Intelligence Location: Fully Remote Type: Full-Time / Part-Time What You'll Do: Collect, clean, and analyze large sets of patient …",IT Jobs,it-jobs,,part_time,2026-04-18T07:11:31Z,https://www.adzuna.ca/details/5703538141?utm_medium=api&utm_source=f5a79969
5782230025,Data Analyst,Insight Global,"Toronto, Ontario",,,0,43.706102,-79.402726,"Insight Global is looking for an intermediate Data Analyst to join a top bank downtown Toronto for a 12-month contract within their Risk group. The right candidate will be proficient with Python and SQL. The Analyst will be responsible for maintaining current Python scripts, creating business requirements, and supporting with automation. They will be responsible for tasks across daily production/reporting and project work for a new infrastructure project. They need strong communication and prob…",IT Jobs,it-jobs,contract,,2026-06-30T11:05:17Z,https://www.adzuna.ca/details/5782230025?utm_medium=api&utm_source=f5a79969
5783781351,Data Analyst,Delpath,"Toronto, Ontario",,,0,43.706102,-79.402726,"Contract Duration: 1 year with extension Business group: Global Banking and Markets (GBM) Project: Capital Analytics Project Reason: To support Client Insight & Analytics' day-to-day activities, to support Capital Analytics project. Key Accountabilities Assist in the processing and validation of large volumes of financial data from various sources. Collaborate with cross-functional teams to troubleshoot data discrepancies and resolve inquiries promptly. Perform reconciliations between internal …",IT Jobs,it-jobs,contract,,2026-07-01T10:04:19Z,https://www.adzuna.ca/details/5783781351?utm_medium=api&utm_source=f5a79969
5721992379,Data Analyst,Vretta,"Toronto, Ontario",,,0,43.706102,-79.402726,"Vretta is looking for a Data Analyst to join our Data and Evaluation team. This posting is for an existing vacancy at Vretta. This position requires excellent communication skills, creative problem solving ability, and a sound technical ability to be able to understand requirements, develop technological solutions for data analysis, collaborate with the data engineering and development team, and maintain processes that support student learning and assessment. As a member of the Data and Evaluat…",IT Jobs,it-jobs,,full_time,2026-05-07T16:32:50Z,https://www.adzuna.ca/details/5721992379?utm_medium=api&utm_source=f5a79969
5769788120,Data Analyst,Socan,"Toronto, Ontario",,,0,43.706102,-79.402726,"We’re Hiring!Data AnalystToronto, ON | Montreal, QCwww.socan.com POSITION TYPE: Permanent Full-TimeHIRING RANGE: $71,920 to $89,900 REASON FOR HIRING: Replacement WORK MODEL: HybridLANGUAGE: English, French is an asset WHO WE ARE SOCAN is a not-for-profit copyright collective dedicated to ensuring music creators and publishers receive what they have rightfully earned for the use of their work. SOCAN supports and represents nearly 200,000 songwriters, composers, and music publishers. Through lic…",IT Jobs,it-jobs,permanent,full_time,2026-06-19T17:50:40Z,https://www.adzuna.ca/details/5769788120?utm_medium=api&utm_source=f5a79969
5778227289,Data Analyst,Releady,"Toronto, Ontario",,,0,43.706102,-79.402726,"OVERVIEW The Data Analyst will play a crucial role in supporting customer journey deployment by leveraging strong technical design, ensuring data quality, and conducting in-depth analyses. This position focuses on creating technical specifications, supporting user acceptance testing (UAT), and developing reporting solutions that enhance customer experiences. The ideal candidate will have over five years of experience in data analytics within fintech, telecommunications, or customer-facing envir…",IT Jobs,it-jobs,contract,,2026-06-26T17:11:25Z,https://www.adzuna.ca/details/5778227289?utm_medium=api&utm_source=f5a79969
5728319264,Data Analyst,Konrad,"Toronto, Ontario",75000.0,100000.0,0,43.706102,-79.402726,"Who We Are Konrad is a next-generation digital consultancy. We are dedicated to solving complex business problems for our global clients with creative and forward-thinking solutions. Our employees enjoy a culture built on innovation and a commitment to creating best-in-class digital products in use by hundreds of millions of consumers around the world. We hire exceptionally smart, analytical, and hard-working people who are lifelong learners. About The Role This role sits on our Digital team, w…",Consultancy Jobs,consultancy-jobs,,,2026-05-13T16:46:12Z,https://www.adzuna.ca/details/5728319264?utm_medium=api&utm_source=f5a79969
5657181242,Data Analyst,Insight Global,"Toronto, Ontario",,,0,43.706102,-79.402726,"Job Description Insight Global is hiring for a Data Analyst to support our Capital Markets Fixed Income team, with a strong focus on back-office and operational data. This is a new role supporting both businesss as usual data related tasks and a strategic initiative to migrate enterprise data to Databricks and improve data transparency, controls, and regulatory reporting. This role is domain-heavy and ideal for someone who deeply understands capital markets business domains and can translate bu…",IT Jobs,it-jobs,,,2026-03-06T23:45:29Z,https://www.adzuna.ca/details/5657181242?utm_medium=api&utm_source=f5a79969
5704281279,Data Analyst,Insight Global,"Toronto, Ontario",,,0,43.706102,-79.402726,"Job Description Insight Global is looking for a data analyst for an Information Security team for a large Canadian bank. This consultant is responsible for analyzing, reporting, and presenting data for many different teams within Power BI. We are looking for someone who has strong experience with large data sets, investigative skills to find out the meaning behind the data so it can be digested appropriately when developing, troubleshooting, and maintaining the data. We are a company committed …",IT Jobs,it-jobs,,,2026-04-19T01:45:51Z,https://www.adzuna.ca/details/5704281279?utm_medium=api&utm_source=f5a79969
5710061613,Data Analyst,Insight Global,"Etobicoke, Toronto",,,0,43.663822,-79.544227,"Job Description We are seeking a highly skilled Senior Data Analyst with strong experience in retail analytics, SQL, Python, and BigQuery. This role sits within the Business Retail (BR100) organization, supporting both Looker-based analytics and experimentation initiatives. The ideal candidate brings deep analytical expertise, excellent communication skills, and the ability to lead analysis end-to-end while partnering with cross-functional stakeholders. We are a company committed to creating di…",IT Jobs,it-jobs,,,2026-04-25T01:08:04Z,https://www.adzuna.ca/details/5710061613?utm_medium=api&utm_source=f5a79969
5782249901,Data Analyst,Insight Global,"Toronto, Ontario",,,0,43.706102,-79.402726,"Overview Insight Global is looking for a data analyst for an Information Security team for a large Canadian bank. This consultant is responsible for analyzing, reporting, and presenting data for many different teams. They will also be responsible for migrating data from Tableau to Power BI. We are looking for someone who has strong experience with large data sets, investigative skills to find out the meaning behind the data so it can be digested appropriately when developing, troubleshooting, a…",IT Jobs,it-jobs,,,2026-06-30T11:09:38Z,https://www.adzuna.ca/details/5782249901?utm_medium=api&utm_source=f5a79969
5782246745,Data Analyst,"Astra-North Infoteck Inc. ~ Conquering today’s challenges, achieving tomorrow’s vision!","Toronto, Ontario",,,0,43.706102,-79.402726,"Data Analyst (Hybrid - 2 days in office/week) Location: Toronto, Ontario, Canada Salary: CA$45.00 - CA$50.00 per hour Posted 2 weeks ago. Be among the first 25 applicants. Experience 8-10 years in finance and data analysis roles. Responsibilities Document data dictionaries, metadata, requirements, and mappings for banking domain. Apply data quality and data governance principles, including metadata lineage and security standards across cloud and on‑prem platforms. Translate business needs into …",IT Jobs,it-jobs,,full_time,2026-06-30T11:08:40Z,https://www.adzuna.ca/details/5782246745?utm_medium=api&utm_source=f5a79969
5787899309,Data Analyst,Tucows,"Toronto, Ontario",,,0,43.706102,-79.402726,"Job Description Job Description Tucows (NASDAQ:TCX, TSX:TC) is possibly the biggest Internet company you've never heard of. We started as a simple shareware site in 1993 and have since grown into a stable of businesses: Tucows Domains, Ting Internet and Wavelo. We embrace a people-first philosophy that is rooted in respect, trust, and flexibility. We believe that whatever works for our employees is what works best for us. It's also why the majority of our roles are remote-first, meaning you can…",IT Jobs,it-jobs,,,2026-07-04T05:59:04Z,https://www.adzuna.ca/details/5787899309?utm_medium=api&utm_source=f5a79969
5185880064,Data Analyst,Insight Global,"Toronto, Ontario",,,0,43.706102,-79.402726,"Job Description Insight Global is looking for a data analyst for an Information Security team for a large Canadian bank. This consultant is responsible for analyzing, reporting, and presenting data for many different teams. They will also be responsible for migrating data from Tableau to Power Bi. We are looking for someone who has strong experience with large data sets, investigative skills to find out the meaning behind the data so it can be digested appropriately when developing, troubleshoo…",IT Jobs,it-jobs,,,2025-05-07T12:17:08Z,https://www.adzuna.ca/details/5185880064?utm_medium=api&utm_source=f5a79969
5718161437,Data Analyst,Acquird.io,"Toronto, Ontario",70000.0,80000.0,0,43.706102,-79.402726,"About Us A profitable, family-run, growing group of companies in the Industrial Packaging and Distribution space. Proudly Canadian and entrepreneurial, with multiple divisions. We serve customers across North America, with core operations and leadership based in Canada. With 60 employees and a tightly run finance team, we’re scaling while maintaining a practical, no-politics, get-it-done culture. How We Work Data should drive decisions, not sit in dashboards. This role works across Finance, Sal…",Accounting & Finance Jobs,accounting-finance-jobs,,full_time,2026-05-03T16:44:34Z,https://www.adzuna.ca/details/5718161437?utm_medium=api&utm_source=f5a79969
5782235061,Data Analyst,JAE Consulting Inc.,"Toronto, Ontario",,,0,43.706102,-79.402726,"Overview Our client is a well-established, privately held Canadian organization operating across multiple business entities in industrial, manufacturing, and diversified services sectors. The company is investing in modernizing its data and reporting capabilities, transitioning from legacy reporting tools to standardized dashboards and analytics that empower senior leadership to make faster, more informed decisions. How You’ll Impact the Organization: The Data Analyst will be a key driver of en…",IT Jobs,it-jobs,,,2026-06-30T11:06:09Z,https://www.adzuna.ca/details/5782235061?utm_medium=api&utm_source=f5a79969
5692812117,Data Analyst,Insight Global,"Toronto, Ontario",,,0,43.706102,-79.402726,"Job Description We are looking for a Data Analyst to support reporting, automation, and fulfillment activities across customer journeys and mutual fund processes, with a strong focus on the Canadian business. This role will play a key part in automating manual reporting and fulfillment steps, improving data quality through strong QA practices, and supporting ongoing reporting needs as processes transition to a more automated operating model. The analyst will work extensively with SAS, SQL, and …",IT Jobs,it-jobs,,,2026-04-08T01:05:10Z,https://www.adzuna.ca/details/5692812117?utm_medium=api&utm_source=f5a79969
5759022851,Data Analyst,GoBolt,"Toronto, Ontario",,,0,43.706102,-79.402726,"Base Salary Range: 70k-80k We are actively hiring to fill this specific position immediately. Hybrid role based in Downtown Toronto What You'll Do: Develop and Maintain Our Data Platform: Collaborate with cross-functional teams to design, develop, and maintain our analytics platform. Identify and source new data to enrich our existing data platform. Partner with our product and engineering teams to build data pipelines and integrations for seamless data ingestion. Implement data governance prac…",IT Jobs,it-jobs,,full_time,2026-06-10T17:02:11Z,https://www.adzuna.ca/details/5759022851?utm_medium=api&utm_source=f5a79969
5700474043,Data Analyst,CI Financial,"Toronto, Ontario",55000.0,95000.0,0,43.706102,-79.402726,"At CI, we see a great place to work as one that is a safe place for everyone to have a voice, where people are empowered to take ownership over meaningful work, where there is an opportunity to grow through stretching themselves, where they can work on innovative products and projects, and where employees are supported and engaged in doing so. We are currently seeking a Data Analyst to join the Data Solutions team in the Wealth Technology group at CI Wealth. The Data Solutions team focuses on d…",IT Jobs,it-jobs,,full_time,2026-04-15T16:25:23Z,https://www.adzuna.ca/details/5700474043?utm_medium=api&utm_source=f5a79969
5701767318,Data Analyst,CI Financial,"Toronto, Ontario",55000.0,95000.0,0,43.706102,-79.402726,"At CI, we see a great place to work as one that is a safe place for everyone to have a voice, where people are empowered to take ownership over meaningful work, where there is an opportunity to grow through stretching themselves, where they can work on innovative products and projects, and where employees are supported and engaged in doing so. We are seeking experienced Data Analysts to support a large-scale data migration and integration initiative. You will be responsible for investigating ex…",IT Jobs,it-jobs,,full_time,2026-04-16T16:32:54Z,https://www.adzuna.ca/details/5701767318?utm_medium=api&utm_source=f5a79969
5768603616,Data Analyst,Docebo,"Toronto, Ontario",54100.0,72100.0,0,43.706102,-79.402726,"Artificial Intelligence. Actual Impact. At Docebo, we’re using AI to change how people learn at work—and we mean actually change it. We’re an AI-powered learning platform that helps organizations create, deliver, and manage training all in one place. But our real mission goes deeper: we help teams move faster, work smarter, and focus on the work that truly matters. Our platform is built with intelligent, time-saving tools that personalize learning, eliminate busywork, and turn training from a c…",IT Jobs,it-jobs,,full_time,2026-06-18T17:12:02Z,https://www.adzuna.ca/details/5768603616?utm_medium=api&utm_source=f5a79969
5716655975,Data Analyst,Insight Global,"Toronto, Ontario",,,0,43.706102,-79.402726,"Job Description We are seeking an experienced Data Analytics contractor to support customer journey deployment across customer-facing platforms. This role will play a critical part in translating business and marketing requirements into strong technical designs, ensuring data quality across systems, and delivering deep-dive analysis and measurement to support effective customer journeys. The ideal candidate is highly analytical, technically hands-on, and comfortable working across data, marketi…",IT Jobs,it-jobs,,,2026-05-02T01:21:38Z,https://www.adzuna.ca/details/5716655975?utm_medium=api&utm_source=f5a79969
5780528664,Data Analyst,Lyft,"Toronto, Ontario",,,0,43.706102,-79.402726,"At Lyft, our purpose is to serve and connect. We aim to achieve this by cultivating a work environment where all team members belong and have the opportunity to thrive. The Driver Earnings team at Lyft is responsible for managing our suite of driver earnings products, driving top business goals around financial metrics and marketplace performance. The team develops and improves automation & execution of driver earnings products, develops new earnings products, and manages financial performance …",Consultancy Jobs,consultancy-jobs,,,2026-06-28T17:06:09Z,https://www.adzuna.ca/details/5780528664?utm_medium=api&utm_source=f5a79969
5782236217,Data Analyst,TechMatrix Inc,"Toronto, Ontario",,,0,43.706102,-79.402726,"I specialize in turning data into actionable insights with a strong foundation in data analysis, visualization, and domain knowledge. Proficient in Tableau and Excel for building interactive dashboards and generating insightful reports that empower data-driven decisions. Hands-on experience in Python (pandas, NumPy) and SQL for efficient data extraction, transformation, and analysis. Statistical Analysis & Predictive Modeling Skilled in statistical methods, hypothesis testing, and predictive mo…",IT Jobs,it-jobs,,full_time,2026-06-30T11:06:20Z,https://www.adzuna.ca/details/5782236217?utm_medium=api&utm_source=f5a79969
5737949481,Junior Data Analyst,Releady,"Toronto, Ontario",,,0,43.706102,-79.402726,"OVERVIEW We are seeking an experienced Junior Data Analyst with a strong background in data analysis, reporting, and business management support within Capital Markets, Commercial Banking, or enterprise technology environments. The successful candidate will support a Business Management team by delivering data-driven insights, maintaining reporting accuracy, and assisting with operational and portfolio management activities across a large banking technology organization. This role is ideal for …",IT Jobs,it-jobs,contract,,2026-05-22T16:38:34Z,https://www.adzuna.ca/details/5737949481?utm_medium=api&utm_source=f5a79969
5770264388,Business Data Analyst,Insight Global,"Toronto, Ontario",,,0,43.706102,-79.402726,"Job Description A major Canadian Bank is seeking an experienced Data Analyst with strong Business Analyst capabilities to support enterprise-level operational initiatives across the Kons portfolio. This hybrid role is ideal for someone who thrives in a fast-paced environment, works confidently with large datasets, and can translate complex operational insights into clear, executive-ready narratives. The successful candidate will drive process efficiency, capacity planning, SLA performance measu…",IT Jobs,it-jobs,,,2026-06-20T01:43:52Z,https://www.adzuna.ca/details/5770264388?utm_medium=api&utm_source=f5a79969
5782238119,Compensation Data Analyst,Hire Level Consulting,"Toronto, Ontario",,,0,43.706102,-79.402726,"Headquartered in Toronto, Canada, this dynamic organization, operates five manufacturing facilities in Canada, the United Kingdom, and The Netherlands and multiple dedicated R&D centers around the globe. Seeking immediately, a Compensation & Data Analyst who will be based out of the Toronto location. You will provide expertise in benchmarking, corporate compensation review and analysis: System savvy. Excellent communication and analysis. Job Evaluation Coordinate and administer the Corporation'…",HR & Recruitment Jobs,hr-jobs,,,2026-06-30T11:06:38Z,https://www.adzuna.ca/details/5782238119?utm_medium=api&utm_source=f5a79969
5688289434,Master Data Analyst,Insight Global,"Toronto, Ontario",,,0,43.706102,-79.402726,"Job Description Insight Global is seeking a Master Data Analyst to support a growing business operations team during an SAP workflow transformation. This role focuses on maintaining accurate product and material master data within SAP. The analyst will support accounting, supply chain, and business teams by ensuring clean, validated, and reliable data. The ideal candidate can ramp quickly, understand end-to-end workflows, and operate comfortably in a changing environment. We are a company commi…",IT Jobs,it-jobs,,,2026-04-03T01:03:16Z,https://www.adzuna.ca/details/5688289434?utm_medium=api&utm_source=f5a79969
5728439068,Senior Data Analyst,Konrad,"Toronto, Ontario",105000.0,115000.0,0,43.706102,-79.402726,"Who We Are Konrad is a next-generation digital consultancy. We are dedicated to solving complex business problems for our global clients with creative and forward-thinking solutions. Our employees enjoy a culture built on innovation and a commitment to creating best-in-class digital products in use by hundreds of millions of consumers around the world. We hire exceptionally smart, analytical, and hard-working people who are lifelong learners. About The Role As a Senior Data Analyst, you are an …",IT Jobs,it-jobs,,,2026-05-13T16:57:16Z,https://www.adzuna.ca/details/5728439068?utm_medium=api&utm_source=f5a79969
5763255729,Junior Data Analyst,Insight Global,"Toronto, Ontario",,,0,43.706102,-79.402726,"Job Description Insight Global is looking for a Junior Data Analyst to join the Business Management team supporting the B2B portfolio for one of the 5 big banks. This role offers exposure to a broad range of business activities, including large-scale data analysis, financial and resource reporting, and executive-level deliverables. The ideal candidate is a self-starter who can operate independently, take initiative, and proactively identify insights, risks, and discrepancies. You are comfortabl…",Accounting & Finance Jobs,accounting-finance-jobs,,,2026-06-14T01:43:38Z,https://www.adzuna.ca/details/5763255729?utm_medium=api&utm_source=f5a79969
5785319467,EDI and Data Analyst,The New Zealand & Australia Lamb Company,"Toronto, Ontario",,,0,43.706102,-79.402726,"Job Description Job Description Position: EDI and Data Analyst Position reports to: Director of IT Position Overview: Greenstone Meats is seeking an EDI (Electronic Data Interchange) and Data Support professional. The EDI (Electronic Data Interchange) and Data Support role will be the technical and business bridge between IT and our systems and supply chain operations and our customer shipping and billing processes. You will manage, monitor, and troubleshoot the automated exchange of digital bu…",IT Jobs,it-jobs,,,2026-07-02T06:17:07Z,https://www.adzuna.ca/details/5785319467?utm_medium=api&utm_source=f5a79969
5768574479,Senior Data Analyst,Haventree Bank,"Toronto Dominion Centre, City of Toronto",,,0,43.64837,-79.3819,"Haventree Bank is a private Canadian Schedule 1 bank specializing in alternative mortgage programs and insured GIC deposits. We help hardworking Canadians from coast-to-coast achieve homeownership by offering flexible mortgage solutions. Our insured GIC deposits offer competitive rates and are available through a variety of wealth management platforms. About Haventree Bank Headquartered in Toronto, Ontario, Haventree Bank (Haventree) is a mission driven alternative mortgage lender. The name Hav…",Accounting & Finance Jobs,accounting-finance-jobs,,full_time,2026-06-18T17:06:40Z,https://www.adzuna.ca/details/5768574479?utm_medium=api&utm_source=f5a79969
5788044676,"Data Analyst, Principal","Dayforce US, Inc.","Toronto, Ontario",,,0,43.706102,-79.402726,"About the Opportunity As a Principal Data Analyst, you are a highly analytical, forward-thinking, and proactive problem solver who thrives on turning data into strategic insight. You will play a pivotal role within the Decision Intelligence team, helping to drive data-informed strategies, optimize key business processes, and identify opportunities to integrate artificial intelligence (AI) and automation into analytical workflows. This role offers significant visibility across the organization, …",IT Jobs,it-jobs,,,2026-07-04T10:20:15Z,https://www.adzuna.ca/details/5788044676?utm_medium=api&utm_source=f5a79969
5787240352,Senior Data Analyst,exacare ai,"Toronto, Ontario",,,0,43.706102,-79.402726,About the Role Exacare ai is hiring a Senior Data Analyst to develop and scale our customer-facing analytics offering and embed data in everyday workflows and processes. You will work hand-in-hand with the Data Lead to stand up this function and shape how data is leveraged internally and productized externally at exacare. Exacare has a uniquely rich dataset and is well poised to provide immense value to its customers; it captures critical operational and clinical signals that are largely invisi…,IT Jobs,it-jobs,,full_time,2026-07-03T17:08:07Z,https://www.adzuna.ca/details/5787240352?utm_medium=api&utm_source=f5a79969
5781044833,"Data Analyst, Temporary",Aviso Wealth,"Toronto, Ontario",,,0,43.706102,-79.402726,"Job Description Job Description Aviso: At Aviso, we are dedicated to improving the financial well-being of Canadians. As a leading wealth management organization, we are committed to leadership, innovation, partnership, responsibility, and community. Working with talented and energetic professionals who exemplify our values every day, you will quickly notice that our people and dynamic ‘oneaviso’ culture sets us apart. If you are looking for interesting and challenging work, at a company commit…",Accounting & Finance Jobs,accounting-finance-jobs,,,2026-06-29T06:13:04Z,https://www.adzuna.ca/details/5781044833?utm_medium=api&utm_source=f5a79969
5787140508,Data Analyst / Business Analyst (Data),Dallas IT,"Toronto, Ontario",,,0,43.706102,-79.402726,"Title: Data Analyst / Business Analyst (Data) Location: Fully remote or Hybrid in Toronto, ON Duration and hire type : Contract, 6 month project In this role you’ll help gather and organize information related to data products which will be used to build business-critical, scalable data processing solutions, and intuitive and trustworthy data products that power data discovery, self-service analytics and drive product innovation. You will be part of a global data community and you will work in …",IT Jobs,it-jobs,,full_time,2026-07-03T16:52:58Z,https://www.adzuna.ca/details/5787140508?utm_medium=api&utm_source=f5a79969
5782246465,Data Analyst - Player Success,Zynga,"Toronto, Ontario",,,0,43.706102,-79.402726,"Join to apply for the Data Analyst role at Zynga Join to apply for the Data Analyst role at Zynga Level Up Your Career with Zynga! At Zynga, we bring people together through the power of play. As a global leader in interactive entertainment and a proud label of Take-Two Interactive, our games have been downloaded over 6 billion times—connecting players in 175 countries through fun, strategy, and a little friendly competition. Level Up Your Career with Zynga! At Zynga, we bring people together t…",IT Jobs,it-jobs,contract,full_time,2026-06-30T11:08:34Z,https://www.adzuna.ca/details/5782246465?utm_medium=api&utm_source=f5a79969
5768522995,Data Analyst & Reporting Lead,Socan,"Toronto, Ontario",,,0,43.706102,-79.402726,"We’re Hiring!Data Analyst & Reporting LeadToronto, ON | Montreal, QCwww.socan.com POSITION TYPE: Permanent Full-TimeHIRING RANGE: $84,480 to $105,600PAYBAND LEVEL: 206 *Only for internal postings REASON FOR HIRING: New RoleWORK MODEL: HybridLANGUAGE: English, French is an asset WHO WE ARESOCAN is a not-for-profit copyright collective dedicated to ensuring music creators and publishers receive what they have rightfully earned for the use of their work. SOCAN supports and represents nearly 200,00…",IT Jobs,it-jobs,permanent,full_time,2026-06-18T16:56:56Z,https://www.adzuna.ca/details/5768522995?utm_medium=api&utm_source=f5a79969
5616026992,"Senior Associate, Data Analyst",Capital One,"Toronto, Ontario",,,0,43.706102,-79.402726,"161 Bay Street (93021), Canada, Toronto,Toronto, Ontario, Senior Associate, Data Analyst About Capital One Canada For 30 years, we’ve been on a mission to change banking for good and build relationships by making credit accessible, simple, intuitive and rewarding. We want to help Canadians succeed with credit, because we believe in people — in our customers, in our associates and in talent like you! About the Team Data is at the centre of everything we do at Capital One. Your role as a Data Ana…",Accounting & Finance Jobs,accounting-finance-jobs,,full_time,2026-02-05T14:19:32Z,https://www.adzuna.ca/details/5616026992?utm_medium=api&utm_source=f5a79969
5721938681,Forward Deployed Data Analyst,Reflow,"Toronto, Ontario",,,0,43.706102,-79.402726,"We’re building Reflow, a workforce and workflow intelligence platform that helps teams understand and improve how work gets done. The quality of our insights depends on how well we interpret signals for each client. Getting that right across organizations and teams is not trivial. It requires understanding of their goals, interpreting their data, and designing precise metrics so classifications stay consistent and meaningful. We’re looking for a Forward Deployed Data Analyst to own this configu…",IT Jobs,it-jobs,,full_time,2026-05-07T16:24:36Z,https://www.adzuna.ca/details/5721938681?utm_medium=api&utm_source=f5a79969
4801364839,"Big Data Analyst, InsurTech",Fintech Recruiters,"Toronto, Ontario",,,0,43.706102,-79.402726,"Description: Our client is one of the largest insurance companies in Europe selling its services through traditional and digital channels which are rapidly growing. It has acquired a state of the art expertise in the latter, which enables it to successfully and rapidly expand in several countries. In Canada, it is starting up a 100% digital P & C insurance company, with this objective:“We want to create a truly disruptive insurance company that will resonate with the Canadian marketplace. A tru…",IT Jobs,it-jobs,,full_time,2024-07-30T17:29:46Z,https://www.adzuna.ca/details/4801364839?utm_medium=api&utm_source=f5a79969
5552056954,Lead Financial Data Analyst,SimCorp,"Toronto, Ontario",,,0,43.706102,-79.402726,"WHAT MAKES US, US Join some of the most innovative thinkers in FinTech as we lead the evolution of financial technology. If you are an innovative, curious, collaborative person who embraces challenges and wants to grow, learn and pursue outcomes with our prestigious financial clients, say Hello to SimCorp! At its foundation, SimCorp is guided by our values — caring, customer success-driven, collaborative, curious, and courageous. Our people-centered organization focuses on skills development, r…",IT Jobs,it-jobs,,,2025-12-22T13:50:35Z,https://www.adzuna.ca/details/5552056954?utm_medium=api&utm_source=f5a79969
5675505220,Senior Financial Data Analyst,SimCorp,"Toronto, Ontario",88960.0,133440.0,0,43.706102,-79.402726,"WHAT MAKES US, US Join some of the most innovative thinkers in FinTech as we lead the evolution of financial technology. If you are an innovative, curious, collaborative person who embraces challenges and wants to grow, learn and pursue outcomes with our prestigious financial clients, say Hello to SimCorp! At its foundation, SimCorp is guided by our values — caring, customer success-driven, collaborative, curious, and courageous. Our people-centered organization focuses on skills development, r…",IT Jobs,it-jobs,,full_time,2026-03-22T16:18:33Z,https://www.adzuna.ca/details/5675505220?utm_medium=api&utm_source=f5a79969
5762791832,"Data Analyst, Business Intelligence",Float,"Toronto, Ontario",,,0,43.706102,-79.402726,"About Float Float is on a mission to simplify finance for Canadian businesses, empowering them to eliminate complexity and unlock new opportunities. Through our innovative platform, Float enables businesses to streamline financial operations and optimize cash flow, so they can focus on what matters most: growth. As one of Canada’s fastest growing companies and top-rated startups in 2025 , 2024 and 2023 , Float is customer-obsessed, passionate and entrepreneurial, with a team that includes leade…",IT Jobs,it-jobs,,full_time,2026-06-13T16:48:03Z,https://www.adzuna.ca/details/5762791832?utm_medium=api&utm_source=f5a79969
5780532574,"Data Analyst, Consumer Insights",AIP Connect,"Toronto, Ontario",,,0,43.706102,-79.402726,"Open Vacancy: This role is a current, active position and we are accepting applications. Company Overview Our client is an independent marketing consultancy specializing in market research, with expertise in storytelling through consumer and brand insights. They focus on key areas such as advertising effectiveness, sponsorship evaluation, and consumer behaviour analysis. By leveraging data-driven insights and strategic solutions, they help businesses and top-tier brands optimize marketing strat…","PR, Advertising & Marketing Jobs",pr-advertising-marketing-jobs,,full_time,2026-06-28T17:11:46Z,https://www.adzuna.ca/details/5780532574?utm_medium=api&utm_source=f5a79969
5784011056,"Senior AI Analytics, Data Analyst",Parent Organization,"Regent Park, City of Toronto",156000.0,162240.0,0,43.65881,-79.36422,"Job Title: Senior AI Analytics , Data Analyst Location: 100% Remote (Canada) Job Type: T4 Contract Experience: 8 Years Pay Rate: CAD 75 to 78 Per Hour Role Summary: We are hiring for a Senior AI Analytics , Data Analyst role where the selected candidate will help measure and accelerate the impact of AI-powered tools across platform engineering and product teams. In this position, you will work with cross-functional stakeholders to evaluate AI adoption, uncover productivity insights, and transla…",IT Jobs,it-jobs,,,2026-07-01T13:51:13Z,https://www.adzuna.ca/details/5784011056?utm_medium=api&utm_source=f5a79969
5565034086,Data Analyst - Mapping Level 2,Poly Services Group,"Scarborough, Toronto",,,0,43.766594,-79.249706,"Job Description As a fast-growing global company offering inspection, industrial and environmental services to the energy industry, our client develops their own high-tech equipment and software and use this technology to execute projects worldwide. They support the energy industry to use natural resources efficiently, safely, and responsibly. Together they get the job done and contribute to a safer and more sustainable world. Our client is growing and looking for people who have the right stuf…",Scientific & QA Jobs,scientific-qa-jobs,,full_time,2026-01-02T14:39:25Z,https://www.adzuna.ca/details/5565034086?utm_medium=api&utm_source=f5a79969
5785320236,Business Data Analyst (Capital Markets),Jay Analytix,"Toronto, Ontario",,,0,43.706102,-79.402726,"Job Description Job Description Only candidates who have work authorization in Canada/USA may apply. Business/Data Analyst - Capital Market Contract Hybrid Toronto / Halifax What is the opportunity? The primary purpose of this position is to collaborate with Capital Markets (CM) business stakeholders, Quantitative & Technology Services (QTS) IT teams and Enterprise teams to facilitate the broader adoption of the Data Strategy across Capital Markets. Engage and partner with QTS application teams…",IT Jobs,it-jobs,,,2026-07-02T06:18:53Z,https://www.adzuna.ca/details/5785320236?utm_medium=api&utm_source=f5a79969
5776701867,Sr. Business Data Analyst (Finance),Healthcare of Ontario Pension Plan,"Toronto, Ontario",103000.0,153000.0,0,,,"Why you’ll love working here: high-performance, people-focused culture our commitment that equity, diversity, and inclusion are fundamental to our work environment and business success, which helps employees feel valued and empowered to be their authentic selves learning and development initiatives, including workshops, Speaker Series events and access to LinkedIn Learning, that support employees’ career growth membership in HOOPP’s world class defined benefit pension plan, which can serve as a…",Accounting & Finance Jobs,accounting-finance-jobs,permanent,full_time,2026-06-25T16:56:42Z,https://www.adzuna.ca/details/5776701867?utm_medium=api&utm_source=f5a79969
5787237207,"Data Analyst, SMB Self-Serve",Lyft,"Toronto, Ontario",,,0,43.706102,-79.402726,"At Lyft, our purpose is to serve and connect. We aim to achieve this by cultivating a work environment where all team members belong and have the opportunity to thrive. Data and analytics are at the heart of Lyft Business's products and decision-making. We're looking to hire a Data Analyst to support our Self-Serve segment — the fastest-growing part of Lyft's B2B portfolio, serving small and mid-size businesses across North America. This is a hands-on role for an analyst who is energized by tur…",IT Jobs,it-jobs,,,2026-07-03T17:07:36Z,https://www.adzuna.ca/details/5787237207?utm_medium=api&utm_source=f5a79969
5751084917,Lead Data Analyst - Product Growth,Constant Contact,"Toronto, Ontario",128500.0,154200.0,0,,,"At Constant Contact, we are seriously awesome people who take ownership and make an impact by operating with the mindset, integrity and courage of a small business owner. There’s something so profoundly rewarding about knowing that your work is empowering people everywhere to pursue their dreams . Here, we all play an integral part in helping business owners, entrepreneurs, non-profits and individuals to succeed by giving them all the help and tools they need to grow online. We’re energized by …",IT Jobs,it-jobs,,full_time,2026-06-03T17:02:24Z,https://www.adzuna.ca/details/5751084917?utm_medium=api&utm_source=f5a79969
5776827880,Lead Healthcare Research & Data Analyst,Clarivate,"Toronto, Ontario",88000.0,110000.0,0,43.706102,-79.402726,"Overview: Clarivate provides innovative data and analytical solutions to the largest biopharmaceutical and medical technology companies in the world. We are home to leading life sciences and healthcare solutions including Cortellis, solutions for Real World Data, medtech, market access and commercialization and deep consulting services. About you: Bachelor’s degree with a concentration in sciences, healthcare, data analytics, or business. Minimum 5-7 years of experience in quantitative data ana…",Consultancy Jobs,consultancy-jobs,,full_time,2026-06-25T17:13:36Z,https://www.adzuna.ca/details/5776827880?utm_medium=api&utm_source=f5a79969
5619392753,"Lead Data Analyst, Marketing Analytics",Upwork,"Toronto, Ontario",135500.0,212000.0,0,,,"Upwork Inc.’s (Nasdaq: UPWK) family of companies connects businesses with global, AI-enabled talent across every contingent work type including freelance, fractional, and payrolled. This portfolio includes the Upwork Marketplace, which connects businesses with on-demand access to highly skilled talent across the globe, and Lifted, which provides a purpose-built solution for enterprise organizations to source, contract, manage, and pay talent across the full spectrum of contingent work. From For…",IT Jobs,it-jobs,contract,,2026-02-07T14:54:43Z,https://www.adzuna.ca/details/5619392753?utm_medium=api&utm_source=f5a79969
5762957732,"Data Analyst, Product (Banking and Payments)",Float,"Toronto, Ontario",,,0,43.706102,-79.402726,"About Float Float is on a mission to simplify finance for Canadian businesses, empowering them to eliminate complexity and unlock new opportunities. Through our innovative platform, Float enables businesses to streamline financial operations and optimize cash flow, so they can focus on what matters most: growth. As one of Canada’s fastest growing companies and top-rated startups in 2025 , 2024 and 2023 , Float is customer-obsessed, passionate and entrepreneurial, with a team that includes leade…",IT Jobs,it-jobs,,full_time,2026-06-13T17:12:09Z,https://www.adzuna.ca/details/5762957732?utm_medium=api&utm_source=f5a79969
5766945121,Data Analyst (Financial Planning and Analysis) - Canada,Tiger Analytics Inc.,"Toronto, Ontario",,,0,43.706102,-79.402726,"Tiger Analytics is an advanced analytics consulting firm. We are the trusted analytics partner for several Fortune 100 companies, enabling them to generate business value from data. Our consultants bring deep expertise in Data Science, Data Analytics, Data Engineering, Business Intelligence, Machine Learning and AI. Various market research firms, including Forrester and Gartner have recognized our business value and leadership. We are seeking a highly motivated Data Analyst with strong data eng…",Accounting & Finance Jobs,accounting-finance-jobs,,full_time,2026-06-17T13:23:58Z,https://www.adzuna.ca/details/5766945121?utm_medium=api&utm_source=f5a79969
5762958824,Senior Data Analyst (m/f/d),AutoTrader.ca,"Toronto, Ontario",110000.0,140000.0,0,43.706102,-79.402726,"We are TRADER , a Canadian leader in digital automotive solutions. Our flagship brands - AutoTrader.ca, AutoSync, Dealertrack Canada and CMS - help Canadians buy, sell, and finance vehicles with confidence. Learn more at tradercorporation.com. As part of AutoScout24 group, Europe’s largest online car marketplace, we’re shaping the future of automotive retail in Canada and beyond. As Senior Data Analyst you will join our Seller & Listing Analytics team. You will partner with Product, Engineering…",IT Jobs,it-jobs,,,2026-06-13T17:12:49Z,https://www.adzuna.ca/details/5762958824?utm_medium=api&utm_source=f5a79969
5511381316,"Senior Data Analyst, Growth Analytics (CRM)",CookUnity,"Toronto, Ontario",100000.0,120000.0,0,,,"About CookUnity: Food has lost its soul to modern convenience. And with it, it has lost the power to nourish, inspire, and connect us. So in 2018, CookUnity was founded as the first-of-its-kind platform that connects the world with the source of truly great food: chefs. Today, CookUnity delivers 50 million meals a year from the industry’s best chefs to homes all over the country. Fresh. Ready-to-eat. And crafted with the passion that nourishes body and soul. Unwilling to stop there, CookUnity i…","PR, Advertising & Marketing Jobs",pr-advertising-marketing-jobs,,,2025-11-24T12:28:03Z,https://www.adzuna.ca/details/5511381316?utm_medium=api&utm_source=f5a79969
5772461752,"Senior Data Analyst, Growth Analytics (CRM)",CookUnity,"Toronto, Ontario",,,0,43.706102,-79.402726,"Job Description Job Description About CookUnity: Food has lost its soul to modern convenience. And with it, it has lost the power to nourish, inspire, and connect us. So in 2018, CookUnity was founded as the first-of-its-kind platform that connects the world with the source of truly great food: chefs. Today, CookUnity delivers 50 million meals a year from the industry's best chefs to homes all over the country. Fresh. Ready-to-eat. And crafted with the passion that nourishes body and soul. Unwi…","PR, Advertising & Marketing Jobs",pr-advertising-marketing-jobs,,,2026-06-22T06:30:30Z,https://www.adzuna.ca/details/5772461752?utm_medium=api&utm_source=f5a79969
5760480594,"Senior Business Data Analyst, Performance Management",LifeLabs,"Toronto, Ontario",81431.0,103825.0,0,43.706102,-79.402726,"Reports to: Senior Manager, Performance Management & Insights Vacancy status: This posting is for an existing position. About the Role We are looking for an experienced and highly skilled Senior Business Data Analyst to join our Performance Management & Insights team. In this role, you will help drive data-informed decision-making across LifeLabs’ national operations by developing trusted reporting, operational KPIs, self-serve Power BI dashboards, and actionable insights that support business …",IT Jobs,it-jobs,,,2026-06-11T17:18:45Z,https://www.adzuna.ca/details/5760480594?utm_medium=api&utm_source=f5a79969
5504221275,Treasury Liquidity/ Data Analyst – SQL Expert,Nexgen HR and Tech Solutions Inc.,"Toronto, Ontario",,,0,43.706102,-79.402726,"We’re Hiring a TreasuryLiquidityDataAnalyst – SQL Expert Are you experienced in Capital Markets and Treasury and looking to leverage your expertise in SQL and financial data analysis? Join our Client's leading financial institution working on strategic initiatives in the Treasury/Liquidity domain.  Location: [Toronto, Canada /Hybrid]  Industry: Financial Services | Capital Markets | Treasury  What You'll Do: - Collaborate with business users to analyze, document, and validate business rules and…",IT Jobs,it-jobs,contract,,2025-11-19T18:06:21Z,https://www.adzuna.ca/details/5504221275?utm_medium=api&utm_source=f5a79969
5763517241,Data Conversion Specialist/SQL Data Analyst,Mindscope ATS/CRM,"Toronto, Ontario",,,0,43.706102,-79.402726,"Job Description Job Description FOR DEMO PURPOSES ONLY mindSCOPE is a future friendly team which develops and provides software solutions for recruiting professionals. We have a passion for growth and a solid track record of excellence in customer service. A position is currently available for a Data Conversion Specialist who can thrive under tight time constraints. As a member of this small team, the successful candidate will be self-motivated, hardworking, flexible, multitasking and have the …",IT Jobs,it-jobs,,,2026-06-14T05:52:07Z,https://www.adzuna.ca/details/5763517241?utm_medium=api&utm_source=f5a79969
5739082076,Senior Marketing Data Analyst (m/f/d),AutoTrader.ca,"Toronto, Ontario",,,0,43.706102,-79.402726,"We are a Canadian leader in digital automotive solutions. Our flagship brands — AutoTrader.ca , AutoSync , Dealertrack Canada and CMS — help Canadians buy, sell, and finance vehicles with confidence. AutoTrader.ca is Canada’s largest automotive marketplace, with over 25 million monthly visits . Through AutoSync , we provide software solutions to 3,500 dealers , streamlining their operations, marketing, and sales. Dealertrack Canada is the country’s top automotive financing portal, processing mo…","PR, Advertising & Marketing Jobs",pr-advertising-marketing-jobs,,,2026-05-23T16:42:00Z,https://www.adzuna.ca/details/5739082076?utm_medium=api&utm_source=f5a79969
5783445124,Data Analyst 1.0 (Operations - Permanent - Hybrid),TEKsystems,"Toronto, Ontario",,,0,43.706102,-79.402726,"Job Description Job Description About the Opportunity We are hiring an organized and proactive Operations Data Analyst to support core business operations, with a strong focus on data accuracy, process execution, and team collaboration. This role is well-suited for someone who enjoys working with systems, handling data, and ensuring operational processes run smoothly. It offers an excellent foundation for a long-term career in operations , with opportunities to learn and grow. What You’ll Be Re…",IT Jobs,it-jobs,permanent,,2026-07-01T06:04:09Z,https://www.adzuna.ca/details/5783445124?utm_medium=api&utm_source=f5a79969
5776891559,Credit Risk Data Analyst - 6 Month Contract,BMO,"Toronto, Ontario",,,0,43.706102,-79.402726,"Application Deadline: 07/08/2026 Address: 100 King Street West Job Family Group: Data Analytics & Reporting Supports the execution of accurate and efficient reporting solutions for risk, regulatory and management information to internal and external stakeholders including regulatory bodies. Supports an efficient and effective risk management function which uses common information sources and practices, reduces ongoing costs, increases service level performance and minimizes risk. Breaks down st…",Accounting & Finance Jobs,accounting-finance-jobs,,,2026-06-25T18:33:45Z,https://www.adzuna.ca/details/5776891559?utm_medium=api&utm_source=f5a79969
5681958732,Data Business Analyst,Insight Global,"Toronto, Ontario",,,0,43.706102,-79.402726,"Job Description Insight Global is looking for two Data Business Analysts to join a large banking client on a 12 month contract based in downtown Toronto going into office 3 days/week  every first Friday of the month. The successful candidate will join the financial reporting team supporting a contact center project and be responsible for gathering requirements and analyzing data. Previous experience working in large enterprise environment on contact center projects, and expertise with complex S…",IT Jobs,it-jobs,,,2026-03-29T00:54:13Z,https://www.adzuna.ca/details/5681958732?utm_medium=api&utm_source=f5a79969
5782238803,Data Entry Analyst,Job,"Toronto, Ontario",,,0,43.706102,-79.402726,"Looking for Data Entry Analysts to work on contract for a customer data validation and research project. The ideal candidates would have a minimum of one year experience in data entry and customer service. Key Responsibilities and Job Duties: Prepare and sort documents for data entry Research and validate company info, resolve discrepancies, and obtain further information when needed Review source data and process documents for data entry purposes Ensure all entered data are accurate and comple…",Admin Jobs,admin-jobs,,,2026-06-30T11:07:03Z,https://www.adzuna.ca/details/5782238803?utm_medium=api&utm_source=f5a79969
5789029068,Data Quality Analyst,ICES Central,"Toronto, Ontario",,,0,43.706102,-79.402726,"Job Description Job Description Salary: Annual Salary Range $68,000 - $78,000 Data. Discovery. Better Health. ICES is a world-leadinghealth research and analytics institute. With a wealth of data and analytic expertise, we create trusted evidence that has changed health policy and practice and helps ensure better health for all. Ready to discover more with us? Join our outstanding, collaborative team where your skills, knowledge and curiosity are valued and can change the future of health care.…",IT Jobs,it-jobs,,full_time,2026-07-05T06:08:10Z,https://www.adzuna.ca/details/5789029068?utm_medium=api&utm_source=f5a79969
5776115668,Data Solutions Analyst,Citylitics,"Toronto, Ontario",,,0,43.706102,-79.402726,"Job Description Job Description About Citylitics Inc. Citylitics delivers predictive intelligence on where, how, and why infrastructure investments will occur across North America. Infrastructure includes the foundational systems that shape our quality of life: water, transportation, transit, roads and highways, broadband, and power. It represents a multi-trillion-dollar market and a 20 year megatrend in North America. Citylitics transforms millions of documents across more than 40,000 cities, …",IT Jobs,it-jobs,,,2026-06-25T06:03:37Z,https://www.adzuna.ca/details/5776115668?utm_medium=api&utm_source=f5a79969
5791028541,Senior Data Analyst - Greenstone Financial Services Canada (Toronto),Greenstone Financial Services Canada,"Toronto, Ontario",,,0,43.706102,-79.402726,"Role Overview We are seeking a highly analytical and business-focused Senior Data Analyst to support data-driven decision-making across our Life Insurance operations. Reporting to the Head of Lead Management, this role will be responsible for delivering insights that optimize sales performance, improve customer retention, and support new market expansion initiatives through the transfer of operational knowledge and best practices. The successful candidate will leverage analytics, automation sol…",IT Jobs,it-jobs,,,2026-07-07T10:00:33Z,https://www.adzuna.ca/details/5791028541?utm_medium=api&utm_source=f5a79969
5791026558,Data Analyst Financial Planning And Analysis Canada Tiger Analytics Toronto,Gravity Engineering Services,"Toronto, Ontario",,,0,43.706102,-79.402726,"Key Responsibilities Design, develop, and maintain robust data pipelines using Snowflake and Databricks to support financial planning and analysis workflows. Write complex SQL queries to extract, transform, and load data from diverse sources, ensuring data quality and integrity. Collaborate with cross‑functional teams to translate business requirements into technical solutions and deliver actionable dashboards. Perform advanced data analysis and modeling in Python to uncover trends, forecast fi…",IT Jobs,it-jobs,,,2026-07-07T10:00:21Z,https://www.adzuna.ca/details/5791026558?utm_medium=api&utm_source=f5a79969
5763518658,Lead Data Support Analyst,Talent To Hire Inc.,"Toronto, Ontario",,,0,43.706102,-79.402726,"Job Description Job Description Job Title: Lead Data Support Analyst Location: Toronto, ON (Hybrid) Department: Wealth Technologies We are interviewing for our client seeking a Lead Data Support Analyst to oversee and directly contribute to the daily reliability and performance of its enterprise data and reporting ecosystem. This hybrid role blends hands-on technical troubleshooting with team leadership responsibilities . The successful candidate will lead a team of analysts supporting critical…",IT Jobs,it-jobs,,,2026-06-14T05:55:21Z,https://www.adzuna.ca/details/5763518658?utm_medium=api&utm_source=f5a79969
5780530789,Data Operations Analyst (Contract),OMERS,"Toronto, Ontario",72000.0,108000.0,0,43.706102,-79.402726,"Choose a workplace that empowers your impact. Join a global workplace where employees thrive. One that embraces diversity of thought, expertise and experience. A place where you can personalize your employee journey to be — and deliver — your best. We are a purpose-driven, dynamic and sustainable pension plan. An industry leading global investor with teams in Toronto to London, New York, Singapore, Sydney and other major cities across North America and Europe. We embody the values of our 665,00…",Accounting & Finance Jobs,accounting-finance-jobs,contract,full_time,2026-06-28T17:09:20Z,https://www.adzuna.ca/details/5780530789?utm_medium=api&utm_source=f5a79969
5763830602,Financial Data & Systems Analyst,Mattamy Homes,"Toronto, Ontario",,,0,43.706102,-79.402726,"Location: Toronto , Ontario or Mississauga, Ontario – Hybrid ( 4 days/week in office) Company : Mattamy Asset Management Department: IT Enterprise Services Employment Type: Full-Time Reports to: S enior Manager, Financial Systems At Mattamy Asset Management ( MAM ) , everyone has an important role to play in our shared success. Developing thoughtfully planned communities is complex work and our diverse teams come together to deliver on that mission in every aspect. We are thoughtful planners, p…",Accounting & Finance Jobs,accounting-finance-jobs,,full_time,2026-06-14T17:15:14Z,https://www.adzuna.ca/details/5763830602?utm_medium=api&utm_source=f5a79969
5653276436,Data Quality Analyst - Data Governance (AI-Ready Data),Zurich NA,"Toronto, Ontario",,,0,43.706102,-79.402726,"Data Quality Analyst - Data Governance (AI-Ready Data) 130258 The Opportunity Are you looking for a caring, collaborative, values-driven workplace with inspiring teammates and leaders? Do you have the ambition and desire to be the best and thrive at the most impactful global insurance provider in the world? Look no further than Zurich Canada. If you have experience in executing data quality controls, and are looking for a new challenge, we would love to hear from you. Zurich Canada is currently…",IT Jobs,it-jobs,,,2026-03-03T23:57:06Z,https://www.adzuna.ca/details/5653276436?utm_medium=api&utm_source=f5a79969
5717266747,Data Management Analyst (12-Month Contract),CAAT Pension Plan,"Toronto, Ontario",,,0,43.706102,-79.402726,"At CAAT, we’re passionate about what we do. And it shows! Here, you’ll find a cultural spark in everything we do – from the way we partner with members and employers, to the way we work, collaborate, and grow. It doesn’t just feel different at CAAT. It is different. We’re one of the fastest-growing pensions in the country for a reason. We challenge the status quo, making a real impact on the hundreds of employers we serve – from education institutions to major corporations and household brands.…",IT Jobs,it-jobs,contract,full_time,2026-05-02T16:30:51Z,https://www.adzuna.ca/details/5717266747?utm_medium=api&utm_source=f5a79969
5264787081,Junior Data Support Analyst-1-Year Contract,CMG Marketing,"Toronto, Ontario",,,0,43.706102,-79.402726,"Looking for a new team member to help us continue to provide quality data service and support our clients come to rely on. This position requires advanced Excel, MS Access and the ability to analyze and manage data sets. This is an in-office position and not a remote position. We are centrally located in the Don Mills area with access to the TTC. We offer the opportunity to gain experience working on a series of projects and work in a small team to gain access to a variety of deliverables. Note…",IT Jobs,it-jobs,contract,,2025-06-23T19:33:19Z,https://www.adzuna.ca/details/5264787081?utm_medium=api&utm_source=f5a79969
5769270437,Junior Data Support Analyst-1-Year Contract,CMG Marketing,"Toronto, Ontario",,,0,43.706102,-79.402726,"Job Description Job Description Looking for a new team member to help us continue to provide quality data service and support our clients come to rely on. This position requires advanced Excel, MS Access and the ability to analyze and manage data sets. This is an in-office position and not a remote position. We are centrally located in the Don Mills area with access to the TTC. We offer the opportunity to gain experience working on a series of projects and work in a small team to gain access to…",IT Jobs,it-jobs,contract,,2026-06-19T06:09:41Z,https://www.adzuna.ca/details/5769270437?utm_medium=api&utm_source=f5a79969
5782239559,Power BI developer,Tata Consultancy Services,"Toronto, Ontario",,,0,43.706102,-79.402726,"Direct message the job poster from Tata Consultancy Services About Tata Consultancy Services Tata Consultancy Services (TCS) is an equal opportunity employer, and embraces diversity in race, nationality, ethnicity, gender, age, physical ability, neurodiversity, and sexual orientation, to create a workforce that reflects the societies we operate in. Our continued commitment to Culture and Diversity is reflected in our people stories across our workforce and implemented through equitable workplac…",IT Jobs,it-jobs,contract,full_time,2026-06-30T11:07:11Z,https://www.adzuna.ca/details/5782239559?utm_medium=api&utm_source=f5a79969
5721987316,"Product Analyst, Data Platform and Analytics",Caseware,"Toronto, Ontario",,,0,43.706102,-79.402726,"Caseware is one of Canada's original Fintech companies, having led the global audit and accounting software industry for over 30 years, with more than 500,000 users across 130 countries and available in 16 different languages. While you might not have heard of us (yet) over 36,000 accounting and audit professionals list Caseware as a skill on their LinkedIn profiles! The audit & assurance profession is the foundation of trust in our financial system and global economy—an essential mission under…",IT Jobs,it-jobs,permanent,full_time,2026-05-07T16:32:10Z,https://www.adzuna.ca/details/5721987316?utm_medium=api&utm_source=f5a79969
5661288115,Business Systems Analyst - Data Focus,Insight Global,"Toronto, Ontario",,,0,43.706102,-79.402726,"Job Description Insight Global is seeking a mid-level Business Systems Analyst (BSA) to support upcoming strategic initiatives focused on data consolidation, system design, and portfolio-level analytics within Capital Markets. This role will work closely with Front Office, Global Credit, Collateral, Treasury, and Risk teams to help move the organization from siloed data to a consolidated, analytics-driven platform. The ideal candidate has a strong appreciation for data, takes ownership of outco…",IT Jobs,it-jobs,,,2026-03-11T00:47:10Z,https://www.adzuna.ca/details/5661288115?utm_medium=api&utm_source=f5a79969
5709570895,Database Marketing Analyst (Data Science),The Globe and Mail,"Toronto, Ontario",72400.0,90500.0,0,43.706102,-79.402726,"POSITION OVERVIEW: The Globe and Mail is seeking an experienced Database Analyst, Database Marketing (Revenue) to support our subscriber growth, engagement, and revenue strategies in a highly competitive digital landscape. Reporting to the Manager, Database Marketing, this role is responsible for building and maintaining high‑quality customer audiences, enabling data‑driven multi‑channel marketing initiatives, and delivering actionable insights that improve subscriber experiences. The successfu…",IT Jobs,it-jobs,,full_time,2026-04-24T16:28:07Z,https://www.adzuna.ca/details/5709570895?utm_medium=api&utm_source=f5a79969
5782242320,Business System Analyst/Data Anlyst,Keasis,"Toronto, Ontario",,,0,43.706102,-79.402726,"Role: Business System Analyst Location: Toronto, ON (Hybrid) Type: Contract Responsibilities Understanding the process of auto ingestion and its validation Building a strategic platform on Azure from the legacy systems Experience in Data mapping and doing it in a more efficient way and if anything has been done wrong in the source system then get corrected Analyse the data what is being done today and how it can be further improved for future Streamline the data so that it can be used simultane…",IT Jobs,it-jobs,contract,,2026-06-30T11:07:37Z,https://www.adzuna.ca/details/5782242320?utm_medium=api&utm_source=f5a79969
5791016870,Senior Product Analyst Data Insights Toronto,Addepar,"Toronto, Ontario",,,0,43.706102,-79.402726,"Join Addepar as a Senior Product Analyst and leverage your analytical skills to empower investment professionals worldwide. Your insights will shape data-driven decisions in a energetic hybrid setting. In this pivotal role, you'll measure platform health and adoption while bridging user experiences with robust data analysis. You will map complex workflows and establish metrics that validate the seamless functionality of Addepar’s platform, ultimately enhancing product scalability. Your insights…",IT Jobs,it-jobs,,,2026-07-07T09:59:31Z,https://www.adzuna.ca/details/5791016870?utm_medium=api&utm_source=f5a79969
5706382067,Business Information Architect,Genetec,"Toronto, Ontario",,,0,43.706102,-79.402726,"Your team’s dynamic: The Information Architecture, Intelligence & Analytics, or IAIA for short, is part of the broader Genetec Offerings & Transformation department that is tasked with managing some of the major lT transformation projects within our organization. IAIA is responsible for designing and managing data architecture and warehousing solutions, analyzing and interpreting data for insights, and developing BI solutions—including dashboards, reports, KPIs, and data models—to transform raw…",IT Jobs,it-jobs,,full_time,2026-04-21T16:19:24Z,https://www.adzuna.ca/details/5706382067?utm_medium=api&utm_source=f5a79969
5783785404,Sr Programmer-Sr Data Scientist/Analys Real-World Data (SAS/R),Syneos Health,"Toronto, Ontario",,,0,43.706102,-79.402726,"Sr Programmer – Sr Data Scientist/Analyst Real-World Data (SAS/R) Job Responsibilities Senior Data Analyst. Programming Skills: Highly proficient in SAS or R. Database Experience: Extensive familiarity with commercial claims and EHR databases such as Optum, MarketScan, IQVIA PharMetrics, or HealthVerity. Cohort Studies: Ability to conduct longitudinal cohort studies, including creation of study cohorts, baseline and outcome variables from scratch. Epidemiological Methods: Solid understanding of…",Scientific & QA Jobs,scientific-qa-jobs,,,2026-07-01T10:04:34Z,https://www.adzuna.ca/details/5783785404?utm_medium=api&utm_source=f5a79969
5677741919,Business Systems Analyst (Data Center Colocation Migration),Insight Global,"Toronto, Ontario",,,0,43.706102,-79.402726,"Job Description Insight Global is looking for a Business Systems Analyst (Data Center Colocation Migration) to join one of our largest banking clients on a 6-month contract. The successful candidate will be responsible for the following: - Gather, analyze, and document business, functional, and technical requirements for a multi-phase data center colocation migration. - Work with infrastructure, network, application, security/compliance teams, and vendors to define migration scope and readiness…",IT Jobs,it-jobs,,,2026-03-25T00:51:15Z,https://www.adzuna.ca/details/5677741919?utm_medium=api&utm_source=f5a79969
5780527103,"Senior Analyst, Data Management, Quality & Controls (Contract)",OMERS,"Toronto, Ontario",72000.0,108000.0,0,43.706102,-79.402726,"Choose a workplace that empowers your impact. Join a global workplace where employees thrive. One that embraces diversity of thought, expertise and experience. A place where you can personalize your employee journey to be — and deliver — your best. We are a purpose-driven, dynamic and sustainable pension plan. An industry leading global investor with teams in Toronto to London, New York, Singapore, Sydney and other major cities across North America and Europe. We embody the values of our 665,00…",IT Jobs,it-jobs,contract,full_time,2026-06-28T17:04:10Z,https://www.adzuna.ca/details/5780527103?utm_medium=api&utm_source=f5a79969
5707488605,"Senior Technical Analyst, Data Engineering and Business Intelligence",Fidelity International,"Toronto, Ontario",120000.0,150000.0,0,43.706102,-79.402726,"Job Description You will be working on a flexible hybrid schedule as part of Fidelity’s dynamic working arrangement. The work location for this role is 483 Bay Street in Toronto until approximately late 2026, when the work location will change to the new Mississauga office at 3 Robert Speck Parkway. At Fidelity, we’ve been helping Canadian investors build better financial futures for over 35 years. We offer individuals and institutions a range of trusted investment portfolios and services - and…",Accounting & Finance Jobs,accounting-finance-jobs,,full_time,2026-04-22T16:32:26Z,https://www.adzuna.ca/details/5707488605?utm_medium=api&utm_source=f5a79969
5343453158,Opportunities for Growth,Wrango,"Toronto, Ontario",,,0,43.706102,-79.402726,"Recognized as one of Canada’s fastest growing startups, Wrango is a media company devoted to unlocking the hidden humanity within data. We connect clients who want to be seen, felt, and heard with the people who need and use them the most in their everyday lives. As their dedicated team of strategists, developers, data analysts, and media engineers, we are united by the belief that data is only useful if you know how to interpret, utilize and evolve with it. Our objective is to create meaningfu…",IT Jobs,it-jobs,,full_time,2025-08-08T05:39:22Z,https://www.adzuna.ca/details/5343453158?utm_medium=api&utm_source=f5a79969
5766299792,Business Systems Analyst – API & Data Integration,Astra North Infoteck Inc.,"East York, Toronto",10000.0,,0,43.690729,-79.31211,"Key Skills · Business Analysis · Functional Programming · Documentation Development · Jira/Confluence, Visio, APIs & integrations Must-Have · Elicit, analyze, and document detailed business requirements through: Stakeholder interviews, Workshops and working sessions, Process analysis · Convert business needs into: Functional requirements non-functional requirements (performance, scalability, security) · Create detailed documentation: BRD (Business Requirements Document) o FRD (Functional Requir…",IT Jobs,it-jobs,contract,,2026-06-17T00:02:46Z,https://www.adzuna.ca/details/5766299792?utm_medium=api&utm_source=f5a79969
5791016388,Analytics Director For Live Service Gaming Toronto,Electronic Arts ,"Toronto, Ontario",,,0,43.706102,-79.402726,"Join Electronic Arts as the Analytics Director and lead the team's efforts in enriching live-service gaming experiences. Drive analytics modernization and AI integration for player engagement. In this pivotal position, you will spearhead the insights team for the Skate Franchise, ensuring the delivery of high-quality analytics and strategic recommendations. With a robust background in data science and a focus on player outcomes, you will work directly with studio leaders to enhance decision-mak…",IT Jobs,it-jobs,,,2026-07-07T09:59:29Z,https://www.adzuna.ca/details/5791016388?utm_medium=api&utm_source=f5a79969
5783778313,Business Information Architect,Genetec,"Toronto, Ontario",,,0,43.706102,-79.402726,"Your team's dynamic: The Information Architecture, Intelligence & Analytics, or IAIA for short, is part of the broader Genetec Offerings & Transformation department that is tasked with managing some of the major lT transformation projects within our organization. IAIA is responsible for designing and managing data architecture and warehousing solutions, analyzing and interpreting data for insights, and developing BI solutions—including dashboards, reports, KPIs, and data models—to transform raw…",IT Jobs,it-jobs,,,2026-07-01T10:04:05Z,https://www.adzuna.ca/details/5783778313?utm_medium=api&utm_source=f5a79969
5728866493,"Senior Analyst, Data Scientist - Compliance Strategy, Data Intelligence & Innovation",Mastercard,"Toronto, Ontario",,,0,43.706102,-79.402726,"Our Purpose _Mastercard powers economies and empowers people in 200 countries and territories worldwide. Together with our customers, we're helping build a sustainable economy where everyone can prosper. We support a wide range of digital payments choices, making transactions secure, simple, smart and accessible. Our technology and innovation, partnerships and networks combine to deliver a unique set of products and services that help people, businesses and governments realize their greatest po…",IT Jobs,it-jobs,,,2026-05-14T01:19:51Z,https://www.adzuna.ca/details/5728866493?utm_medium=api&utm_source=f5a79969
5694205051,BSA Data Governance,Insight Global,"Toronto, Ontario",,,0,43.706102,-79.402726,"Job Description We're launching a project to accelerate maturity in data governance practices, and we're looking for a Business Systems Analyst (BSA), Data Governance to help shape and support this initiative. This role will act as the bridge between business data owners, compliance teams, and the Microsoft Purview technical team. The analyst will develop business requirements, coordinate domain onboarding, and help ensure data classification, retention, and disposition processes are defined an…",IT Jobs,it-jobs,,,2026-04-09T01:26:26Z,https://www.adzuna.ca/details/5694205051?utm_medium=api&utm_source=f5a79969
5752322193,Senior Campaign Manager (Toronto/Remote),War Room,"Toronto, Ontario",,,0,43.706102,-79.402726,"About the Role War Room is looking for an experienced Senior Campaign Manager to join our growing Performance team. In this role, you will lead the strategy, execution, and performance optimization of complex digital advertising campaigns for some of our largest and most complex clients. As a senior member of the team, you will take ownership of campaign strategy, provide advanced optimization insights, and guide the execution of omnichannel paid media initiatives across multiple platforms. You…","PR, Advertising & Marketing Jobs",pr-advertising-marketing-jobs,,full_time,2026-06-04T17:02:25Z,https://www.adzuna.ca/details/5752322193?utm_medium=api&utm_source=f5a79969
5788824181,Business Systems Analyst / QA (Data & Automation),Manulife,"Toronto, Ontario",,,0,43.706102,-79.402726,"Business Systems Analyst / QA (Data & Automation) Overview We are seeking a highly skilled Business Systems Analyst / QA (Data & Automation) with deep expertise in data analysis, QA automation, and the US retirement domain. This role is critical in driving data migration, validation, and AI-powered QA initiatives, supporting transitions such as Informatica to Databricks within a modern data platform ecosystem. As part of the US Retirement Technology team, you will partner with Business Operatio…",IT Jobs,it-jobs,,,2026-07-05T02:57:49Z,https://www.adzuna.ca/details/5788824181?utm_medium=api&utm_source=f5a79969
5782246652,RQ08581 - Report Developer - Senior,Rubicon Path,"Toronto, Ontario",,,0,43.706102,-79.402726,"About the job RQ08581 - Report Developer - Senior Responsibilities Provide specialized skills for developing data access queries and analyses. Works in conjunction with data analysts for developing dashboards and other end user solutions. Acts as a liaison between technical departments and business departments. General Skills Experience building, testing and implementing complex reports, dashboards, and other objects Provide technical guidance and subject matter expertise on report implementati…",IT Jobs,it-jobs,,,2026-06-30T11:08:38Z,https://www.adzuna.ca/details/5782246652?utm_medium=api&utm_source=f5a79969
5791007945,Senior Business Analyst For Data Platforms Toronto,Maarut,"Toronto, Ontario",,,0,43.706102,-79.402726,"Overview Elevate enterprise applications as a Senior Business Analyst focusing on the Enterprise Data Collection Platform and Stakeholder Management System. Collaborate with stakeholders, technical teams, and QA for quality delivery. In this critical role, you will lead the requirements elicitation and documentation processes for EDCP and SMS initiatives. We seek a candidate with a track record of supporting complex digital platforms and enterprise applications, focusing on stakeholder engageme…",IT Jobs,it-jobs,,,2026-07-07T09:58:41Z,https://www.adzuna.ca/details/5791007945?utm_medium=api&utm_source=f5a79969
5782245464,Senior Consultant - Salesforce,fusionSpan,"Toronto, Ontario",,,0,43.706102,-79.402726,"Apply for the Senior Consultant - Salesforce role at fusionSpan. fusionSpan is a dynamic, fast‑paced hybrid and remote work environment prioritizing innovation, trust, and community. As an AI‑first organization we constantly explore cutting‑edge technologies to improve client outcomes. A Senior Salesforce Consultant independently documents and crafts solutions with limited support. They are creative problem‑solvers, self‑started, and continuously deepen their expertise. Responsibilities Provide…",IT Jobs,it-jobs,,full_time,2026-06-30T11:08:19Z,https://www.adzuna.ca/details/5782245464?utm_medium=api&utm_source=f5a79969
5782239907,"PhD Data Scientist, Intern",United States Digital Space LLC,"Toronto, Ontario",,,0,43.706102,-79.402726,"Responsibilities You will: Partner closely with Data Scientists, Data Analysts, and business partners to drive business impact through rigorous analytical solutions Apply machine learning, causal inference, or advanced analytics on large datasets to: i) measure results and outcomes, ii) identify causal impact and attribution, iii) predict the future performance of users or products, to drive business success Influence business actions and strategy by developing actionable insights through metri…",IT Jobs,it-jobs,contract,,2026-06-30T11:07:14Z,https://www.adzuna.ca/details/5782239907?utm_medium=api&utm_source=f5a79969
5773584867,"Consultant, Business Systems Analyst",Project X Ltd.,"Toronto, Ontario",,,0,43.706102,-79.402726,"Consultant, Business Systems Analyst (Data Migration and SQL) 4 days ago – Be among the first 25 applicants Project X Ltd. drives success by building teams of incredibly talented, client-focused people who love to problem solve and tackle tough data challenges. Role Summary The Consultant, Business Systems Analyst works with internal and external stakeholders, including technology and business teams, to develop and implement data solutions tailored to a project’s requirements. Projects vary fro…",IT Jobs,it-jobs,,full_time,2026-06-23T09:50:02Z,https://www.adzuna.ca/details/5773584867?utm_medium=api&utm_source=f5a79969
5752345523,Campaign Manager (Toronto/Remote),War Room,"Toronto, Ontario",,,0,43.706102,-79.402726,"About the Role War Room is looking for a detail-oriented and analytical Campaign Manager to join our growing Performance team. Reporting to the Senior Manager, Performance, you will be responsible for the setup, execution, and day-to-day management of digital advertising campaigns across multiple platforms. You will monitor campaign performance, analyze results, and provide data-driven optimization recommendations to help exceed client objectives. Working closely with Account Managers and Data …","PR, Advertising & Marketing Jobs",pr-advertising-marketing-jobs,,full_time,2026-06-04T17:05:49Z,https://www.adzuna.ca/details/5752345523?utm_medium=api&utm_source=f5a79969
5769817705,Manager - Business Intelligence,Socan,"Toronto, Ontario",,,0,43.706102,-79.402726,"We’re Hiring!Manager, Business IntelligenceToronto, ON | Montreal, QCwww.socan.com POSITION TYPE: Permanent Full-TimeHIRING RANGE: $84,480 to $105,600REASON FOR HIRING: New RoleWORK MODEL: HybridLANGUAGE: English, French is an asset WHO WE ARE SOCAN is a not-for-profit copyright collective dedicated to ensuring music creators and publishers receive what they have rightfully earned for the use of their work. SOCAN supports and represents nearly 200,000 songwriters, composers, and music publisher…",IT Jobs,it-jobs,permanent,full_time,2026-06-19T17:54:24Z,https://www.adzuna.ca/details/5769817705?utm_medium=api&utm_source=f5a79969
5789951734,Manager - Business Intelligence,SOCAN Group,"Toronto, Ontario",,,0,43.706102,-79.402726,"41 Valleybrook Dr, North York, ON M3B 2S6, Canada Job Description Posted Wednesday, June 17, 2026 at 4:00 AM POSITION TYPE: Permanent Full-Time HIRING RANGE: $84,480 to $105,600 REASON FOR HIRING: New Role WORK MODEL: Hybrid LANGUAGE: English, French is an asset WHO WE ARE SOCAN is a not-for-profit copyright collective dedicated to ensuring music creators and publishers receive what they have rightfully earned for the use of their work. SOCAN supports and represents nearly 200,000 songwriters, …",IT Jobs,it-jobs,permanent,full_time,2026-07-06T09:56:51Z,https://www.adzuna.ca/details/5789951734?utm_medium=api&utm_source=f5a79969
5782248340,SoC Security Architecture Engineer,Arm Limited,"Toronto, Ontario",,,0,43.706102,-79.402726,"Arm is building the future of computing. From fueling the smartphone revolution to powering the world's fastest supercomputer, our technology is everywhere - including the biggest tech companies in the world and the next generation of innovators. Arm is at the epicenter of the world's largest computing ecosystem, positioned to power every technology revolution going forward by redefining the ways people live, work, play, and learn with sustainable and far-reaching positive impact. Brilliant peo…",Engineering Jobs,engineering-jobs,contract,,2026-06-30T11:09:11Z,https://www.adzuna.ca/details/5782248340?utm_medium=api&utm_source=f5a79969
5773590502,"Director, Data Strategy, Information Management & Governance",Canadian Bankers Association,"Toronto, Ontario",,,0,43.706102,-79.402726,"The Director, Data Strategy, Information Management & Governance reports to the Vice President, Strategic Planning, Engagement & Analytics and is responsible for developing and executing the enterprise-wide strategy for data governance, information management, and AI-driven data practices. This role ensures that data is treated as a strategic asset, enabling trusted insights, regulatory compliance, and ethical AI adoption across the organization. The Director provides enterprise leadership on d…",IT Jobs,it-jobs,,full_time,2026-06-23T09:50:59Z,https://www.adzuna.ca/details/5773590502?utm_medium=api&utm_source=f5a79969
5769270395,Senior Data Engineer - MS Fabric Administrator,Ontario Transit Group,"Toronto, Ontario",,,0,43.706102,-79.402726,"Job Description Job Description Salary: The Senior Data Engineer MS Fabric Administrator is the primary technical owner of OTG's Microsoft Fabric platform and Power BI ecosystem. This role covers end-to-end platform administration, data engineering (pipelines, notebooks, Spark, Dataflows), and advanced Power BI development all in support of one of Canada's largest transit infrastructure projects, the Ontario Line. The ideal candidate combines deep hands-on Fabric experience with strong Power BI…",IT Jobs,it-jobs,,,2026-06-19T06:09:31Z,https://www.adzuna.ca/details/5769270395?utm_medium=api&utm_source=f5a79969
5760891933,"Business System Analyst - Azure Data Engineering, Data Analysis",Astra North Infoteck Inc.,"East York, Toronto",10000.0,,0,43.690729,-79.31211,"Work Mode: Hybrid, 2 days onsite (9 AM – 5 PM) Role Description: · Senior BSA · Leads cross-LOB initiatives, drives data standardization and stakeholder alignment and having experience with Azure Data Engineering · Owns complex integrations and enterprise Ref data onboarding and adoption · Excellent Communication skills · Act as liaison between business, EDMO, product teams, and technology teams · Gather, analyze, and document business, data, and system requirements for reference data domains ·…",IT Jobs,it-jobs,contract,,2026-06-11T23:20:10Z,https://www.adzuna.ca/details/5760891933?utm_medium=api&utm_source=f5a79969
5761753262,Sr. Technical Product Manager,Guidepoint,"Toronto, Ontario",150000.0,180000.0,0,,,"Overview: Guidepoint is seeking a Senior Technical Product Manager to lead the strategy, roadmap, and evolution of the company's data ecosystem. This role will own the vision and prioritization for Guidepoint's external and internal data assets, ensuring the organization has the data capabilities necessary to support growth, product innovation, operational efficiency, and AI-driven initiatives. Technical Product Manager will act as the primary business owner for Guidepoint's data platform, part…",IT Jobs,it-jobs,,,2026-06-12T16:58:48Z,https://www.adzuna.ca/details/5761753262?utm_medium=api&utm_source=f5a79969
5783780215,Sr. Technical Product Manager,Guidepoint,"Toronto, Ontario",,,0,43.706102,-79.402726,"Guidepoint is seeking a Senior Technical Product Manager to lead the strategy, roadmap, and evolution of the company's data ecosystem. This role will own the vision and prioritization forGuidepoint'sexternal and internal data assets, ensuring the organization has the data capabilities necessary to support growth, product innovation, operational efficiency, and AI-driven initiatives. Technical Product Manager will act as the primary business owner for Guidepoint's data platform, partnering close…",IT Jobs,it-jobs,,,2026-07-01T10:04:14Z,https://www.adzuna.ca/details/5783780215?utm_medium=api&utm_source=f5a79969
5777538412,Business Analyst,BrightPath Kids Canada,"Toronto, Ontario",,,0,43.706102,-79.402726,"Job Description Job Description Job Description Business Analyst, Data & Insights (Power BI) Location: Etobicoke Corporate Office (Hybrid - In office Monday, Tuesday, Wednesday) Compensation: $85,000 - $105,000 Annually with additional Bonus Job Type: Full Time, Salary At BrightPath Kids, part of the Busy Bees global family, we operate 250 childcare centers across the United States and Canada. We are committed to providing exceptional early childhood education in safe, nurturing environments. D…",IT Jobs,it-jobs,,part_time,2026-06-26T06:01:22Z,https://www.adzuna.ca/details/5777538412?utm_medium=api&utm_source=f5a79969
5782235030,SAP BW/4HANA Analyst - Reporting & Data Modelling,"Astra-North Infoteck Inc. ~ Conquering today’s challenges, achieving tomorrow’s vision!","Toronto, Ontario",,,0,43.706102,-79.402726,"Job Title: SAP Specialist Job Description: Requirement gathering and analysis. Conduct stakeholder interviews and workshops to identify and document business needs for reporting and analytics. Solution design and development. Translate functional requirements into technical specifications and design multi-dimensional models and reports. Technical expertise: Leverage strong skills in SAP reporting tools (e.g., SAP BW, BW4HANA, SAP Analytics Cloud) and data modelling (including native HANA modell…",IT Jobs,it-jobs,,full_time,2026-06-30T11:06:09Z,https://www.adzuna.ca/details/5782235030?utm_medium=api&utm_source=f5a79969
5780128886,Azure Data Engineer,Rysun Labs Inc,"Toronto, Ontario",124800.0,124800.0,0,43.706102,-79.402726,"Job Description Job Description Benefits: Dental insurance Health insurance Paid time off Training & development Vision insurance Rysun Labs (formerly KCS Krish Compusoft Services) is an AI, Data & Digital innovation partner of choice for enterprises. Rysun guides and accelerates the AI & Data strategy and Digital Transformation programs for Fortune 2000 enterprises and product startups to shape remarkable customer experiences and intelligent operations. The team delivers innovative, specialize…",IT Jobs,it-jobs,,,2026-06-28T06:07:48Z,https://www.adzuna.ca/details/5780128886?utm_medium=api&utm_source=f5a79969
5759833826,Growth Product Marketing Manager,hireVouch,"Toronto, Ontario",,,0,43.706102,-79.402726,"Job Description Job Description About the role This is one of the most exciting marketing roles in Canadian fintech right now. You'll own the positioning for every product we build — and we're building fast. In 2026 alone, we're launching the ability to earn rewards on mortgage payments (our most-requested feature ever), a B2B payment engine, and scaling our core platform to new heights. You won't be handed a brief and asked to execute someone else's vision. You'll set the positioning, ideate t…","PR, Advertising & Marketing Jobs",pr-advertising-marketing-jobs,,,2026-06-11T06:38:07Z,https://www.adzuna.ca/details/5759833826?utm_medium=api&utm_source=f5a79969
5782248987,Business System Analyst,Bradford Jacobs,"Toronto, Ontario",,,0,43.706102,-79.402726,"Get AI-powered advice on this job and more exclusive features. Direct message the job poster from Bradford Jacobs Bradford Jacobs is assisting an AI drone solutions company, helping business customers improve mission-critical business operations. Since 2017, the company has leveraged software development expertise and grown drone design and manufacturing capabilities. They are seeking a highly analytical and tech-savvy Business Systems Analyst to join our growing team. This role is pivotal in b…",IT Jobs,it-jobs,,full_time,2026-06-30T11:09:23Z,https://www.adzuna.ca/details/5782248987?utm_medium=api&utm_source=f5a79969
5783785105,Solution Architect Data Services Senior Managing Consultant (Toronto),Leadingtalent,"Toronto, Ontario",,,0,43.706102,-79.402726,"Your role and responsibilities Data Architecture & Solution Design: Develop and maintain comprehensive data architecture plans, encompassing databases, data warehouses, big data platforms, and data lakes. Lead in designing scalable, secure, and efficient data architectures that align with broader business strategies and objectives. Technical Leadership: Provide technical guidance and leadership to a team of data engineers, data analysts, and other data professionals. Mentor and guide the team i…",IT Jobs,it-jobs,,,2026-07-01T10:04:33Z,https://www.adzuna.ca/details/5783785105?utm_medium=api&utm_source=f5a79969
5787937444,Senior Data Engineer - Financial,hireVouch,"Toronto, Ontario",,,0,43.706102,-79.402726,"Job Description Job Description Senior Data Engineer (Financial Analytics & Data Platforms) Location: Flexible / Hybrid Industry: Environmental Services Department: Data & Analytics Position Overview We are seeking a highly skilled Senior Data Engineer to join our growing Data & Analytics team within a leading environmental services organization. This role will play a critical part in designing, building, and optimizing enterprise-scale data platforms that support financial reporting, planning,…",IT Jobs,it-jobs,,,2026-07-04T06:05:46Z,https://www.adzuna.ca/details/5787937444?utm_medium=api&utm_source=f5a79969
5776809562,Project Manager,BuildOps,"Toronto, Ontario",,,0,,,"BuildOps is a modern, AI-native operational platform built specifically for commercial contractors. We connect field operations, projects, and back-office functions to create a single source of truth for the business, with deep integrations into customers’ accounting systems. Role Overview BuildOps is hiring an experienced Implementation Project Manager to own end-to-end delivery of our most complex customer implementations. You will own the plan, the timeline, the communication, and the outcom…",IT Jobs,it-jobs,contract,,2026-06-25T17:11:05Z,https://www.adzuna.ca/details/5776809562?utm_medium=api&utm_source=f5a79969
5791009124,"Director, OCS",Ontario HIV Treatment Network,"Toronto, Ontario",,,0,43.706102,-79.402726,"DIRECTOR, OCS Reports to: Senior Director, Programs Status: Permanent, full‑time (35 hours/week) Non-Unionized Salary Range: $100,000 - $130,000 Location: 1300 Yonge Street, Toronto, ON ABOUT US The Ontario HIV Treatment Network (OHTN), established in 1998, is a nonprofit organization with a mission to improve the health and lives of people living with and at risk of HIV by using data and evidence to drive change. We work with three main types of partners – 1) testing programs and clinics; 2) A…",IT Jobs,it-jobs,permanent,full_time,2026-07-07T09:58:48Z,https://www.adzuna.ca/details/5791009124?utm_medium=api&utm_source=f5a79969
5776843704,Jr. Data Engineer,Socan,"Toronto, Ontario",,,0,43.706102,-79.402726,"We’re Hiring!Junior Data EngineerToronto, ON | Montreal, QCwww.socan.com POSITION TYPE: Permanent Full-TimeHIRING RANGE: $71,920 to $89,900REASON FOR HIRING: New RoleWORK MODEL: HybridLANGUAGE: English, French is an asset WHO WE ARE SOCAN is a not-for-profit copyright collective dedicated to ensuring music creators and publishers receive what they have rightfully earned for the use of their work. SOCAN supports and represents nearly 200,000 songwriters, composers, and music publishers. Through …",IT Jobs,it-jobs,permanent,full_time,2026-06-25T17:15:54Z,https://www.adzuna.ca/details/5776843704?utm_medium=api&utm_source=f5a79969
5764851371,GCP Data Engineer,CorGTA,"Toronto, Ontario",104000.0,104000.0,0,,,"Role : GCP Data Engineer Pay Rate: $50 CAD per hour INC Duration: 6 month contract initially, plus possible extension options Location: Toronto, ON Working Structure: Hybrid 2-3 days per week in office ​​​​​  We have a great new opportunity to support one of our Retail clients in a contract capacity! Please see below for more information on the position and if interested apply with an updated resume aligned to the needs of the role. — Key Responsibilities: • Design, develop, and maintain scalab…",IT Jobs,it-jobs,contract,,2026-06-15T21:21:54Z,https://www.adzuna.ca/details/5764851371?utm_medium=api&utm_source=f5a79969
5765479960,GCP Data Engineer,CorGTA,"Toronto, Ontario",,,0,43.706102,-79.402726,"Job Description Job Description Role : GCP Data Engineer Pay Rate: $50 CAD per hour INC Duration: 6 month contract initially, plus possible extension options Location: Toronto, ON Working Structure: Hybrid 2-3 days per week in office  We have a great new opportunity to support one of our Retail clients in a contract capacity! Please see below for more information on the position and if interested apply with an updated resume aligned to the needs of the role. Key Responsibilities: Design, develo…",IT Jobs,it-jobs,contract,,2026-06-16T08:17:11Z,https://www.adzuna.ca/details/5765479960?utm_medium=api&utm_source=f5a79969
5782248253,"Data Scientist, International",DoorDash,"Toronto, Ontario",,,0,43.706102,-79.402726,"About the Team Data Analysts and Data Scientists will guide measurement, strategy, and tactical decision‑making using advanced analytics approaches as we expand our logistics platform across the globe. Data Scientists at DoorDash uncover insights and turn them into actionable recommendations, helping drive decisions for the entire organization. Analytics is integral to all operational areas at DoorDash. About the Role Data Science at DoorDash involves diving deeper into data to solve crucial bu…",Consultancy Jobs,consultancy-jobs,,,2026-06-30T11:09:09Z,https://www.adzuna.ca/details/5782248253?utm_medium=api&utm_source=f5a79969
5742626897,Senior Consultant,Virtusa,"Toronto, Ontario",,,0,43.706102,-79.402726,"Kinetica, Python, sql, Rest API, Design, develop, and maintain highly efficient and scalable data models within the Kinetica database to support complex analytical and forecasting requirements. Perform advanced performance tuning and optimization of Kinetica queries and data structures to ensure real-time processing capabilities. Utilize native Kinetica APIs and develop custom Python User-Defined Functions (UDFs) to implement complex business logic and data processing pipelines. Work within an …",IT Jobs,it-jobs,,full_time,2026-05-27T17:01:24Z,https://www.adzuna.ca/details/5742626897?utm_medium=api&utm_source=f5a79969
5773586329,Integration Solutions Architect (Accounting),BuildOps,"Toronto, Ontario",,,0,43.706102,-79.402726,"Role Overview BuildOps is a modern, AI-native operational platform built specifically for commercial contractors. We connect field operations, projects, and back-office functions to create a single source of truth for the business, with deep integrations into customers’ accounting systems. Integration Solutions Architect (ISA) ensures seamless financial and data integrations between BuildOps and customers’ accounting systems, with a focus on accuracy, data integrity, and long‑term scalability. …",Accounting & Finance Jobs,accounting-finance-jobs,contract,,2026-06-23T09:50:18Z,https://www.adzuna.ca/details/5773586329?utm_medium=api&utm_source=f5a79969
5691418271,Senior Consultant - Salesforce,fusionSpan,"Toronto, Ontario",,,0,43.706102,-79.402726,"fusionSpan is a dynamic hybrid and remote work environment that prioritizes innovation, trust, and community in everything we do. We are a team of highly-committed individuals inspired by technology's impact on society, and we recognize our work's role in the well-being of our nonprofit clients and the communities they serve. As an AI-first organization, we keep our eyes tuned to the horizon, finding new ways to leverage cutting-edge technologies in ways that drive improvements in operational e…",IT Jobs,it-jobs,,,2026-04-06T14:29:34Z,https://www.adzuna.ca/details/5691418271?utm_medium=api&utm_source=f5a79969
5778213214,Senior Data Engineer,Konrad,"Toronto, Ontario",120000.0,145000.0,0,43.706102,-79.402726,"Who We Are Konrad is a next generation digital consultancy. We are dedicated to solving complex business problems for our global clients with creative and forward-thinking solutions. Our employees enjoy a culture built on innovation and a commitment to creating best-in-class digital products in use by hundreds of millions of consumers around the world. We hire exceptionally smart, analytical, and hard working people who are lifelong learners. About The Role As a Senior Data Engineer you’ll be t…",IT Jobs,it-jobs,,,2026-06-26T17:09:05Z,https://www.adzuna.ca/details/5778213214?utm_medium=api&utm_source=f5a79969
5782244172,Senior Business Analyst,Raise - find a more meaningful working experience,"Toronto, Ontario",,,0,43.706102,-79.402726,"Senior Business Analyst Location: Toronto, ON—Hybrid—(2 days in office) Pay Rate: $85.26/hr - $100.67/hr Contract Length: 12 months with the possibility of extension We at Raise are hiring a Senior Business Analyst for one of our top clients. After establishing themselves as an industry leader, they’re now expanding their team to meet rising demand. Responsibilities Drive execution of US Regulatory Services work streams while effectively communicating strategy to senior leaders and stakeholders…",IT Jobs,it-jobs,contract,,2026-06-30T11:07:58Z,https://www.adzuna.ca/details/5782244172?utm_medium=api&utm_source=f5a79969
5782235967,AWS Databrciks Engineer,Akkodis,"Toronto, Ontario",,,0,43.706102,-79.402726,"Location: Toronto, ON Hybrid (3 days Onsite- Tue, Wed, Thursday) Total Experience: 8-10 Years AWS: 5 Years Databricks: 1-2 Years. Note: Citizens or PR only considered for the TCS role, sorry, OWP won't work. Responsibilities Design, develop, and maintain scalable and robust data pipelines on Databricks. Collaborate with data scientists and analysts to understand data requirements and deliver solutions. Optimize and troubleshoot existing data pipelines for performance and reliability. Ensure dat…",IT Jobs,it-jobs,contract,,2026-06-30T11:06:18Z,https://www.adzuna.ca/details/5782235967?utm_medium=api&utm_source=f5a79969
5782245482,Senior Consultant,Virtusa,"Toronto, Ontario",,,0,43.706102,-79.402726,"Job Description - Senior Consultant (CREQ257953) Job Description Senior Consultant - ( CREQ257953 ) Description Kinetica, Python, sql, Rest API, Design, develop, and maintain highly efficient and scalable data models within the Kinetica database to support complex analytical and forecasting requirements. Perform advanced performance tuning and optimization of Kinetica queries and data structures to ensure real-time processing capabilities. Utilize native Kinetica APIs and develop custom Python …",IT Jobs,it-jobs,,,2026-06-30T11:08:19Z,https://www.adzuna.ca/details/5782245482?utm_medium=api&utm_source=f5a79969
5604775086,GenAI Data Engineer,Tiger Analytics Inc.,"Toronto, Ontario",,,0,43.706102,-79.402726,"Tiger Analytics is a fast-growing advanced analytics consulting firm. Our consultants bring deep expertise in Data Science, Machine Learning and AI. We are the trusted analytics partner for several Fortune 100 companies, enabling them to generate business value from data. Our business value and leadership has been recognized by various market research firms, including Forrester and Gartner. We are looking for top-notch talent as we continue to build the best analytics global consulting team in …",IT Jobs,it-jobs,,full_time,2026-01-29T11:26:58Z,https://www.adzuna.ca/details/5604775086?utm_medium=api&utm_source=f5a79969
5740914560,Conseiller en intelligence d’affaires,TEHORA,"Toronto, Ontario",,,0,43.706102,-79.402726,"TEHORA est présentement à la recherche d’ un(e) conseiller en intelligence d’affaires ayant une solide expérience dans son domaine d’expertise afin de contribuer à des projets technologiques structurants pour des organisations publiques et privées. Sans être exhaustifs, voici les services et livrables que devra fournir la personne retenue : Analyser les besoins en intelligence d’affaires et recommander des solutions adaptées ; Concevoir et implémenter des tableaux de bord et rapports analytique…",IT Jobs,it-jobs,,full_time,2026-05-25T22:09:20Z,https://www.adzuna.ca/details/5740914560?utm_medium=api&utm_source=f5a79969
5730148545,"Data Engineer, BI & Reporting",Veem,"Toronto, Ontario",,,0,43.706102,-79.402726,"Role: Data Engineer Location: Fully Remote (Canada, EST time zone) Compensation: Salary  Bonus  Health Benefits About Veem Veem is transforming global money movement. Traditional cross-border payments are slow, expensive, and opaque—we’ve built a platform that makes them seamless, transparent, and scalable. Our solution combines global payments, FX optimization, and embedded financial tools to help businesses—from SMBs to large platforms—operate and grow internationally with confidence. We take…",IT Jobs,it-jobs,,,2026-05-15T03:42:18Z,https://www.adzuna.ca/details/5730148545?utm_medium=api&utm_source=f5a79969
5782243319,Senior Managing Consultant Data Services Solution Architect,Leadingtalent,"Toronto, Ontario",,,0,43.706102,-79.402726,Introduction A career in IBM Consulting is rooted by long‑term relationships and close collaboration with clients across the globe. You’ll work with visionaries across multiple industries to improve the hybrid cloud and AI journey for the most innovative and valuable companies in the world. Your ability to accelerate impact and make meaningful change for your clients is enabled by our strategic partner ecosystem and our robust technology platforms across the IBM portfolio; including Software an…,IT Jobs,it-jobs,,,2026-06-30T11:07:48Z,https://www.adzuna.ca/details/5782243319?utm_medium=api&utm_source=f5a79969
5682408857,Evaluation Lead,Waabi,"Toronto, Ontario",159000.0,260000.0,0,43.706102,-79.402726,"Waabi, founded by AI visionary Raquel Urtasun, is the leader in Physical AI. With a world-class team, we're unlocking the next era of autonomous transportation with technology that's powering commercial autonomous trucks and robotaxis. Waabi is backed by and partners with world leaders in AI, automotive, logistics, and deep tech. With offices in Toronto, San Francisco, Dallas, and Pittsburgh, Waabi is growing quickly and looking for diverse, innovative and collaborative candidates who want to i…",IT Jobs,it-jobs,,full_time,2026-03-29T16:25:58Z,https://www.adzuna.ca/details/5682408857?utm_medium=api&utm_source=f5a79969
5782243039,"Data Scientist, International",DoorDash,"Toronto, Ontario",,,0,43.706102,-79.402726,"About the Team The Analytics team is looking for Data Analysts and Data Scientists to guide measurement, strategy, and tactical decision-making using Advanced Analytics approaches, as we expand our logistics platform across the globe. Data Scientists at DoorDash work to uncover insights and turn them into actionable recommendations, helping drive decisions for the entire organisation. Analytics is very integral to all operational areas at DoorDash. About the Role Data Science at DoorDash involv…",IT Jobs,it-jobs,,,2026-06-30T11:07:45Z,https://www.adzuna.ca/details/5782243039?utm_medium=api&utm_source=f5a79969
5329721614,Data Architect - Data & Analysis (MS Fabric),Toparo,"Toronto, Ontario",,,0,43.706102,-79.402726,"The Data Architect (Data & Analytics) will architect and deliver comprehensive data solutions using Microsoft Fabric . You will work closely with clients to understand their business needs, translate them into technical requirements, and design scalable, efficient data architectures. Your expertise in Microsoft Fabric will be instrumental in enabling clients to optimize their data integration, analytics, and automation processes. Key Responsibilities: Solution Design and Architecture: Design en…",IT Jobs,it-jobs,permanent,full_time,2025-07-31T07:45:56Z,https://www.adzuna.ca/details/5329721614?utm_medium=api&utm_source=f5a79969
5710524575,Data Engineer,Konrad,"Toronto, Ontario",90000.0,125000.0,0,43.706102,-79.402726,"Who We Are Konrad is a next generation digital consultancy. We are dedicated to solving complex business problems for our global clients with creative and forward-thinking solutions. Our employees enjoy a culture built on innovation and a commitment to creating best-in-class digital products in use by hundreds of millions of consumers around the world. We hire exceptionally smart, analytical, and hard working people who are lifelong learners. About The Role As a Data Engineer you’ll be tasked w…",IT Jobs,it-jobs,,,2026-04-25T16:36:35Z,https://www.adzuna.ca/details/5710524575?utm_medium=api&utm_source=f5a79969
5716188393,Art Director,Salt Xc,"Toronto, Ontario",73000.0,90000.0,0,43.706102,-79.402726,"ROLE: CREATIVE TEAM (ART DIRECTOR & COPYWRITER) TEAM: THE KITCHEN NORTH AMERICA LOCATION: TORONTO (HYBRID - 2 DAYS ONSITE) ABOUT THE KITCHEN NORTH AMERICA The Kitchen is where creativity, culture, and speed collide. We bring together creatives, producers, data analysts, and social experts to deliver ideas that live across everything from social to TV. Built to move at the speed of culture, we respond to trends and real-world moments as they happen—creating work that transcends platforms, earns …",Creative & Design Jobs,creative-design-jobs,,,2026-05-01T16:41:39Z,https://www.adzuna.ca/details/5716188393?utm_medium=api&utm_source=f5a79969
5791038223,Data & AI Market Chief Architect Leader (Toronto),Capgemini,"Toronto, Ontario",,,0,43.706102,-79.402726,"Capgemini Canada is seeking a Senior Data & AI Market Chief Architect Director based in Toronto. In this pivotal role you will serve as the vital link between business needs and technological innovation, leveraging diverse emerging solutions to deliver practical, value‑driven outcomes for the client. You are directly responsible for building AI & data capabilities to address the needs of new and existing clients and for leading the successful growth of AI, Data & Analytics solutions within East…",IT Jobs,it-jobs,,,2026-07-07T10:01:23Z,https://www.adzuna.ca/details/5791038223?utm_medium=api&utm_source=f5a79969
5772456186,PMIS Manager,Turner & Townsend,"Toronto, Ontario",,,0,43.706102,-79.402726,"Job Description Job Description Company Description Turner & Townsend is a global professional services company with over 22,000 people in more than 60 countries. Working with our clients across real estate, infrastructure, energy and natural resources, we transform together delivering outcomes that improve people’s lives. Working in partnership makes it possible to deliver the world’s most impactful projects and programmes as we turn challenge into opportunity and complexity into success. Our …",Consultancy Jobs,consultancy-jobs,,full_time,2026-06-22T06:25:23Z,https://www.adzuna.ca/details/5772456186?utm_medium=api&utm_source=f5a79969
5665734535,Analytics Engineer,Wireless DNA,"Toronto, Ontario",,,0,43.706102,-79.402726,"Key Responsibilities : Data Engineering & Pipeline Development Design and maintain data pipelines using PySpark and SQL, supporting a medallion architecture (bronze → silver → gold). Build ingestion, transformation, and validation workflows that are clean, documented, and maintainable by others. Apply schema validation, deduplication logic, and data integrity checks as standard practice. Use Microsoft Fabric (Lakehouses, Dataflow Gen2, Fabric Pipelines) as the primary platform. Reporting & Anal…",IT Jobs,it-jobs,,,2026-03-14T16:24:45Z,https://www.adzuna.ca/details/5665734535?utm_medium=api&utm_source=f5a79969
5694716283,Growth Product Marketing Manager (Growth PMM),Open Career,"Toronto, Ontario",,,0,43.706102,-79.402726,"At Chexy, we're reshaping the way money moves — making payments smarter, faster, and more rewarding. We started by being the first in Canada to let people pay their biggest and most painful bills with credit cards and earn rewards on money they had to spend anyway. Now, we're on a much bigger mission: to build a super app that acts as your co-pilot for all your money — helping you get more value from every dollar you spend. Backed by Khosla Ventures and processing $1B in annual payment volume, …","PR, Advertising & Marketing Jobs",pr-advertising-marketing-jobs,,full_time,2026-04-09T16:15:20Z,https://www.adzuna.ca/details/5694716283?utm_medium=api&utm_source=f5a79969
5722609445,Marketing Analyst,Insight Global,"Toronto, Ontario",,,0,43.706102,-79.402726,"Job Description PCX ASSORTMENT STRATEGY Responsible for using analytical tools and approaches to optimize assortment as it relates to PCX, MFC 3PL Channels. Establish reporting and scorecards for internal/external stakeholders to monitor progress and recommends actions. Ownership of the day-to-day assortment maintenance and contributes insight to assortment algo improvements. (Product channel, maintain the chat system on assortment issues, adding or removing) Contribute & Raise any data science…",IT Jobs,it-jobs,,,2026-05-08T01:15:34Z,https://www.adzuna.ca/details/5722609445?utm_medium=api&utm_source=f5a79969
5736893774,Senior Business Intelligence Analyst,J.D. Irving,"The Junction, City of Toronto",,,0,43.67312,-79.47418,"Description What We Offer: Irving Consumer Products is proud to offer a competitive salary and benefits package, including but not limited to: Flexible medical, dental, and vision plan Employee & family assistance program RRSP matching program Health & Wellness reimbursements Product purchase program Opportunities to take part in job-related training and development Relocation cost (if applicable) $69,300 - $102,400 ( please note that this is an estimate and actual pay will vary depending on lo…",IT Jobs,it-jobs,,full_time,2026-05-21T16:57:43Z,https://www.adzuna.ca/details/5736893774?utm_medium=api&utm_source=f5a79969
5782239917,Account Supervisor,Track OMC,"Toronto, Ontario",,,0,43.706102,-79.402726,"TRACK Toronto is looking for an Account Supervisor to join our award-winning Account Leadership team. WHO WE ARE: We are TRACK – a member of the RAPP family – world leaders in activating growth with precision and empathy at scale. As a global, next-generation precision marketing agency, we leverage data, creativity, technology, and empathy to foster client growth. We champion individuality in the marketing solutions we create, and in our workplace. We fight for solutions that adapt to the indiv…","PR, Advertising & Marketing Jobs",pr-advertising-marketing-jobs,,,2026-06-30T11:07:15Z,https://www.adzuna.ca/details/5782239917?utm_medium=api&utm_source=f5a79969
5773589091,DataBricks Data Architect,Rubicon Path,"Toronto, Ontario",,,0,43.706102,-79.402726,"The Databricks Data Architect is a senior technical leader responsible for building and optimizing a robust data platform in a financial services environment. In this full-time role, you will lead a team of 10 data engineers and own the end-to-end architecture and implementation of the Databricks Lakehouse platform. You will collaborate closely with application development and analytics teams to design scalable data solutions that drive business insights. This position demands deep expertise in…",IT Jobs,it-jobs,,full_time,2026-06-23T09:50:42Z,https://www.adzuna.ca/details/5773589091?utm_medium=api&utm_source=f5a79969
5759086294,"Integration Solutions Architect, Accounting",BuildOps,"Toronto, Ontario",88000.0,110000.0,0,,,"BuildOps is a modern, AI-native operational platform built specifically for commercial contractors. We connect field operations, projects, and back-office functions to create a single source of truth for the business, with deep integrations into customers’ accounting systems. Role Overview The Integration Solutions Architect (ISA) ensures seamless financial and data integrations between BuildOps and customers’ accounting systems, with a focus on accuracy, data integrity, and long‑term scalabili…",Accounting & Finance Jobs,accounting-finance-jobs,contract,,2026-06-10T17:14:38Z,https://www.adzuna.ca/details/5759086294?utm_medium=api&utm_source=f5a79969
5776788254,Product Manager - Data Platform,Spotify,"Toronto, Ontario",,,0,43.706102,-79.402726,"Spotify’s mission is to unlock the potential of human creativity by giving a million creative artists the opportunity to live off their art and billions of fans the chance to enjoy and be passionate about these creators. Data is a means to an end, and Spotify extracts value from data through application. The Data Platform Studio helps Spotify win by enabling the application of data in an intuitive and efficient way. Data Platform is responsible for how data is collected, processed, stored, gove…",IT Jobs,it-jobs,,,2026-06-25T17:08:19Z,https://www.adzuna.ca/details/5776788254?utm_medium=api&utm_source=f5a79969
5750171785,RQ10945 - Sr. Business Intelligence Specialist,Source Code,"Toronto, Ontario",,,0,43.706102,-79.402726,"RQ10945 - Sr. Business Intelligence Specialist 10 month contract - possible extenion of 1 year ONSITE 5 days - 595 Bay Street Security Level: CRJMC  Credit Check Must-haves: Data Warehouse/Lakehouse Concepts: Strong understanding of data warehousing principles, including data modelling, ETL processes, data integration, and data governance. Power BI: Proficiency in Power BI, including data modelling, creating interactive reports and dashboards and utilizing advanced features Data Integration: Kn…",IT Jobs,it-jobs,contract,,2026-06-03T01:36:46Z,https://www.adzuna.ca/details/5750171785?utm_medium=api&utm_source=f5a79969
5776059357,RQ10970 - Sr. Software Developer,Source Code,"Toronto, Ontario",,,0,43.706102,-79.402726,"Job Description Job Description RQ10970 - Sr. Software Developer 10 month contract (210 business days) - possible extensnion ONISTE 5 days - Toronto Must Have: HM is looking for a Strong Power BI Develope r- 10 years overall Strong expertise in Power BI Desktop and Power BI Service Advanced knowledge of DAX (Data Analysis Expressions) Proficiency in Power Query (M Language) for data transformation Strong SQL skills for querying and managing data Experience in data modeling (Star Schema, Fact & …",IT Jobs,it-jobs,contract,,2026-06-25T05:56:44Z,https://www.adzuna.ca/details/5776059357?utm_medium=api&utm_source=f5a79969
5782246716,Principal Data Engineer - Tangerine,Scotiabank,"Toronto, Ontario",,,0,43.706102,-79.402726,"Requisition ID : 250871 Tangerine is Canada’s leading direct bank. We offer flexible and accessible banking options, innovative products, and award-winning client service. Our employees come to work each day to help Canadians live better lives, focus on making a difference in our communities, and foster an inclusive internal culture. What you will be doing Build a new data engineering platform for Tangerine to enable business analytics and production AI and ML applications, supporting business …",IT Jobs,it-jobs,,,2026-06-30T11:08:39Z,https://www.adzuna.ca/details/5782246716?utm_medium=api&utm_source=f5a79969
5750931027,Business Analyst,BFL CANADA Career,"Rua Açores, City of Toronto",0.0,110000.0,0,43.64955,-79.38565,"We offer more than a job, we offer a career! We support our employees to shape their career by encouraging continuing education and investing in training and development. We put our employees at the center of what we do to allow them to grow personally and professionally, with projects and challenges that are motivating and rewarding. We inspire people to do what they are passionate about by believing in integrity, respect and recognition of diversity and community support. We are a dynamic tea…",IT Jobs,it-jobs,,full_time,2026-06-03T16:42:36Z,https://www.adzuna.ca/details/5750931027?utm_medium=api&utm_source=f5a79969
5782244448,"Data Scientist, International",DoorDash Canada,"Toronto, Ontario",,,0,43.706102,-79.402726,"The Analytics team is looking for Data Analysts and Data Scientists to guide measurement, strategy, and tactical decision‑making using Advanced Analytics approaches, as we expand our logistics platform across the globe. Data Scientists at DoorDash work to uncover insights and turn them into actionable recommendations, helping drive decisions for the entire organisation. Analytics is very integral to all operational areas at DoorDash. About the Role Data Science at DoorDash involves diving deepe…",Consultancy Jobs,consultancy-jobs,,full_time,2026-06-30T11:08:01Z,https://www.adzuna.ca/details/5782244448?utm_medium=api&utm_source=f5a79969
5166750812,"Data Scientist, International",DoorDash Canada,"Toronto, Ontario",142000.0,177500.0,0,43.706102,-79.402726,"About the Team The Analytics team is looking for Data Analysts and Data Scientists to guide measurement, strategy, and tactical decision-making using Advanced Analytics approaches, as we expand our logistics platform across the globe. Data Scientists at DoorDash work to uncover insights and turn them into actionable recommendations, helping drive decisions for the entire organisation. Analytics is very integral to all operational areas at DoorDash. About the Role Data Science at DoorDash involv…",Consultancy Jobs,consultancy-jobs,,full_time,2025-04-28T10:08:47Z,https://www.adzuna.ca/details/5166750812?utm_medium=api&utm_source=f5a79969
5714818783,Social Copywriter,Salt Xc,"Toronto, Ontario",57000.0,65000.0,0,43.706102,-79.402726,"ROLE: SOCIAL COPYWRITER TEAM: THE KITCHEN NORTH AMERICA LOCATION: TORONTO (HYBRID) COMPANY OVERVIEW: The Kitchen brings together a range of disciplines and capabilities. It’s a team of creatives, producers, data analysts and social experts working together to deliver remarkable ideas that live in a variety of mediums, from everything from social to TV. This team moves at the speed of culture. It is built to respond to trends and events as they happen, coming up with the ideas that transcend soc…",Creative & Design Jobs,creative-design-jobs,,,2026-04-30T16:42:44Z,https://www.adzuna.ca/details/5714818783?utm_medium=api&utm_source=f5a79969
5682434932,Data Engineer,CI Financial,"Toronto, Ontario",69500.0,119500.0,0,43.706102,-79.402726,"At CI, we see a great place to work as one that is a safe place for everyone to have a voice, where people are empowered to take ownership over meaningful work, where there is an opportunity to grow through stretching themselves, where they can work on innovative products and projects, and where employees are supported and engaged in doing so. We are currently seeking a Data Engineer to join the Data and Analytics team in the Wealth Technology group at CI Wealth. The Data and Analytics team sup…",IT Jobs,it-jobs,,full_time,2026-03-29T16:37:41Z,https://www.adzuna.ca/details/5682434932?utm_medium=api&utm_source=f5a79969
5768539117,"Manager, Influencer Marketing",Salt Xc,"Toronto, Ontario",,,0,43.706102,-79.402726,"ROLE: MANAGER, INFLUENCER MARKETING TEAM: THE KITCHEN NORTH AMERICA LOCATION: TORONTO COMPANY OVERVIEW: The Kitchen brings together a range of disciplines and capabilities. It’s a team of creatives, producers, data analysts and social experts working together to deliver remarkable ideas that live in a variety of mediums, from everything from social to TV. This team moves at the speed of culture. It is built to respond to trends and events as they happen, coming up with the ideas that transcend …",Creative & Design Jobs,creative-design-jobs,,,2026-06-18T16:59:53Z,https://www.adzuna.ca/details/5768539117?utm_medium=api&utm_source=f5a79969
5782239661,RQ09315 - Software Developer - ETL - Senior,Rubicon Path,"Toronto, Ontario",,,0,43.706102,-79.402726,"RQ09315 - Software Developer - ETL - Senior About the job RQ09315 - Software Developer - ETL - Senior NOTE Assignment Type: This position is currently listed as ""Hybrid"" and consultants will be required to work onsite at the work location 3 days a week and 2 days from home. The details of this arrangement will be confirmed with the Hiring Manager. Extension/Amendment Attestation: Extension(s) only allowed using unused days/funds left on contract. No additional funds will be added beyond maximum…",IT Jobs,it-jobs,,,2026-06-30T11:07:12Z,https://www.adzuna.ca/details/5782239661?utm_medium=api&utm_source=f5a79969
5773589406,Head of Canada Complaints,Capital One Canada,"Toronto, Ontario",,,0,43.706102,-79.402726,"About Capital One Canada. For over 30 years, we’ve been on a mission to change banking for good and build relationships by making credit accessible, simple, intuitive and rewarding. We want to help Canadians succeed with credit, because we believe in people — in our customers, in our associates, and in talent like you! About the Team Our Process Managers are deployed across all areas of the business - Fraud, Customer Service, Customer Acquisitions, Payments and more - and have a huge impact on …",Accounting & Finance Jobs,accounting-finance-jobs,,,2026-06-23T09:50:46Z,https://www.adzuna.ca/details/5773589406?utm_medium=api&utm_source=f5a79969
5773582896,"Principal Engineer, Enterprise Data & Analytics","QuadReal Property Group, LP","Toronto, Ontario",,,0,43.706102,-79.402726,"Role Description The Principal Engineer, Data Solutions is a senior technical leadership position responsible for ensuring the quality, scalability, and effectiveness of data and analytics solutions within QuadReal's Enterprise Data & Analytics function. Reporting to the Director of Data Solutions, this role serves as the technical right‑hand, setting standards, mentoring team members, evaluating complex solutions, and delivering hands‑on technical work for the organization’s most challenging d…",IT Jobs,it-jobs,,,2026-06-23T09:49:43Z,https://www.adzuna.ca/details/5773582896?utm_medium=api&utm_source=f5a79969
5743853986,Digital Real-World Data and Healthcare Intelligence Business Analyst,Sanofi,"Toronto, Ontario",,,0,43.706102,-79.402726,"Reference no. R2853837 Position title: Digital Real-World Data and Healthcare Intelligence Business Analyst Department: RWD & HI Product Line Location: Toronto, ON About the job Ready to push the limits of what’s possible? Join Sanofi in one of our corporate functions and you can play a vital part in the performance of our entire business while helping to make an impact on millions around the world. About the Digital Data team We are an innovative global healthcare company, driven by one purpos…",IT Jobs,it-jobs,,full_time,2026-05-28T16:49:59Z,https://www.adzuna.ca/details/5743853986?utm_medium=api&utm_source=f5a79969
5743137188,Digital Real-World Data and Healthcare Intelligence Business Analyst,Sanofi Group,"Toronto, Ontario",,,0,43.706102,-79.402726,"Reference no. R2853837 Position title: Digital Real-World Data and Healthcare Intelligence Business Analyst Department: RWD & HI Product Line Location: Toronto, ON About the job Ready to push the limits of what's possible? Join Sanofi in one of our corporate functions and you can play a vital part in the performance of our entire business while helping to make an impact on millions around the world. About the Digital Data team We are an innovative global healthcare company, driven by one purpos…",IT Jobs,it-jobs,,,2026-05-28T01:28:54Z,https://www.adzuna.ca/details/5743137188?utm_medium=api&utm_source=f5a79969
5784011057,Senior Spark Data Engineer,Parent Organization,"Regent Park, City of Toronto",135200.0,145600.0,0,43.65999,-79.35775,"Job Title: Senior Spark Data Engineer Location: Hybrid (2 days), Toronto, Canada Experience: 5 Years Rate: 60 CAD to 70 CAD per hour Role Summary We are hiring for the Senior Data Engineer role, where the selected candidate will work on scalable data pipelines and analytics solutions. This position focuses on large-scale data processing, insights generation, and business decision support. Key Responsibilities Design and build scalable data pipelines (batch and real-time) Translate business requ…",IT Jobs,it-jobs,,,2026-07-01T13:51:13Z,https://www.adzuna.ca/details/5784011057?utm_medium=api&utm_source=f5a79969
5783781714,Solution Architect Data Services Senior Managing Consultant,Leadingtalent,"Toronto, Ontario",,,0,43.706102,-79.402726,Introduction A career in IBM Consulting is rooted by long-term relationships and close collaboration with clients across the globe. You’ll work with visionaries across multiple industries to improve the hybrid cloud and AI journey for the most innovative and valuable companies in the world. Your ability to accelerate impact and make meaningful change for your clients is enabled by our strategic partner ecosystem and our robust technology platforms across the IBM portfolio; including Software an…,IT Jobs,it-jobs,,,2026-07-01T10:04:21Z,https://www.adzuna.ca/details/5783781714?utm_medium=api&utm_source=f5a79969
5782247543,"Director, Data Engineer",ODAIA,"Toronto, Ontario",,,0,43.706102,-79.402726,"Job Description We are seeking a Director – Data Engineer to lead a multidisciplinary data organization responsible for data engineering, data quality, and data governance capabilities across the bank. In addition to leading core data capabilities, this role will act as a Site Lead, responsible for building and developing a high‑performing local technology team while partnering closely with enterprise technology and business leadership. This leader will define and execute the data strategy for …",IT Jobs,it-jobs,,full_time,2026-06-30T11:08:55Z,https://www.adzuna.ca/details/5782247543?utm_medium=api&utm_source=f5a79969
5680620926,Software Developer - R&D Tooling,Xanadu,"Toronto, Ontario",,,0,43.706102,-79.402726,"About Xanadu: Xanadu’s mission is to build quantum computers that are useful and available to people everywhere. At Xanadu, we are learners, innovators, researchers, collaborators and problem solvers. We are creating something that has never been built before. What we are doing is extremely hard, the classic moon shot. Few people in their life will be able to be a part of something like this, where if we are successful, the technologies we develop will solve some of the world’s most challenging…",IT Jobs,it-jobs,,full_time,2026-03-27T16:35:25Z,https://www.adzuna.ca/details/5680620926?utm_medium=api&utm_source=f5a79969
5784324101,Content Creator,Salt Xc,"Toronto, Ontario",65000.0,80000.0,0,43.706102,-79.402726,"ROLE: CONTENT CREATOR TEAM: THE KITCHEN NORTH AMERICA LOCATION: TORONTO (HYBRID) COMPANY OVERVIEW: The Kitchen brings together a range of disciplines and capabilities. It’s a team of creatives, producers, data analysts and social experts working together to deliver remarkable ideas that live in a variety of mediums, from everything from social to TV. This team moves at the speed of culture. It is built to respond to trends and events as they happen, coming up with the ideas that transcend socia…",Creative & Design Jobs,creative-design-jobs,,,2026-07-01T17:15:01Z,https://www.adzuna.ca/details/5784324101?utm_medium=api&utm_source=f5a79969
5789380629,"Senior Analyst, AR Collections",Reliance Home Comfort,"Toronto, Ontario",,,0,43.706102,-79.402726,"Find Your Limitless with Reliance By joining Reliance as a Senior Analyst, AR Collections, you’ll become an important Team Member and will be provided with the tools you need to succeed. We have ambitious growth plans and are looking for Team Members who want to grow with us. At Reliance, we pride ourselves on the fact that we provide limitless opportunities for growth and we encourage it by rewarding our Team Members for their success in many ways. If you’re ready to find your limitless – join…",Accounting & Finance Jobs,accounting-finance-jobs,,,2026-07-05T17:43:46Z,https://www.adzuna.ca/details/5789380629?utm_medium=api&utm_source=f5a79969
5782241946,Senior Product Analyst,Bethink Labs,"Toronto, Ontario",,,0,43.706102,-79.402726,"About the role We're seeking a skilled Senior Product Analyst to join our team. In this role, you'll build our analytics function, establishing the infrastructure, processes, and best practices that will define how we measure and understand product performance across engagements. You'll set up, manage, and optimize analytics tools for exterior-facing applications, translate user behaviour into actionable insights, and ensure your stakeholders and product teams have the data they need to make in…",IT Jobs,it-jobs,,,2026-06-30T11:07:34Z,https://www.adzuna.ca/details/5782241946?utm_medium=api&utm_source=f5a79969
5782246121,Principal Data Engineer,Tangerine Bank,"Toronto, Ontario",,,0,43.706102,-79.402726,"Select how often (in days) to receive an alert: Requisition ID : 250871 Tangerine is Canada’s leading direct bank. We offer flexible and accessible banking options, innovative products, and award-winning Client service. The reason why Tangerine employees come to work each day is to help Canadians live better lives. We focus on making a difference in our communities, and that includes our own internal community. It’s important to us that our employees feel empowered and enthusiastic about belong…",IT Jobs,it-jobs,,,2026-06-30T11:08:29Z,https://www.adzuna.ca/details/5782246121?utm_medium=api&utm_source=f5a79969
5786025126,"Bilingual Administrative Assistant (Oakville, ON)",BioScript Solutions,"Toronto, Ontario",,,0,43.706102,-79.402726,"Discover The Opportunity At BioScript Solutions, we're committed to simplifying access to specialty care for people with chronic health conditions and rare diseases. From our home base in Atlantic Canada, we've grown into a national network of 13 pharmacies, 100 Coverdale Clinics, and comprehensive patient support programs (NavieGo) that serve thousands of people across the country. And together, with our third-party logistics and A&D Wholesale operations, we're proud to be a Canadian leader in…",Healthcare & Nursing Jobs,healthcare-nursing-jobs,permanent,full_time,2026-07-02T17:22:35Z,https://www.adzuna.ca/details/5786025126?utm_medium=api&utm_source=f5a79969
5782246570,GCP Cloud Architect,Aarorn Technologies Inc,"Toronto, Ontario",,,0,43.706102,-79.402726,"Job Title GCP Cloud Architect Location Toronto, ON (3x onsite a week) Employment Type Contract Pay Range CA$50.00/hr - CA$65.00/hr Job Description We are seeking an experienced GCP Cloud Architect with strong expertise in designing and implementing scalable data solutions on Google Cloud Platform. The ideal candidate will have hands‑on experience in building ETL workflows using Spark Serverless and Spark on GKE, along with proficiency in GCP‑native services for data processing, monitoring, and …",IT Jobs,it-jobs,contract,,2026-06-30T11:08:36Z,https://www.adzuna.ca/details/5782246570?utm_medium=api&utm_source=f5a79969
5769327028,Sr. Manager/ Associate Director - Analytics Consulting (Commercial Pharma),Tiger Analytics Inc.,"Toronto, Ontario",,,0,43.706102,-79.402726,"Tiger Analytics is an advanced analytics consulting firm. We are the trusted analytics partner for several Fortune 1000 companies, enabling them to generate business value from data. Our consultants bring deep expertise in Data Science, Machine Learning and AI. Our business value and leadership has been recognized by various market research firms, including Forrester and Gartner. We are seeking a Data and Analytics professional with deep Life Sciences and Commercial Pharma Analytics experience …",IT Jobs,it-jobs,,full_time,2026-06-19T08:01:15Z,https://www.adzuna.ca/details/5769327028?utm_medium=api&utm_source=f5a79969
5774054930,"Senior Analyst, Acquisition",Rogers,"Toronto, Ontario",,,0,43.706102,-79.402726,"Senior Analyst, Acquisition Looking to join a growing financial services team? Rogers Bank, a subsidiary of Canada's leading wireless, cable and media company, is expanding and seeking passionate individuals to develop and implement innovative financial solutions and experiences. The bank offers unique cash-back benefits and financing options for Rogers purchases using cutting-edge technology. Interested? Take the next step and consider this opportunity to make a meaningful impact with Rogers B…",Accounting & Finance Jobs,accounting-finance-jobs,,,2026-06-23T18:34:39Z,https://www.adzuna.ca/details/5774054930?utm_medium=api&utm_source=f5a79969
5773581263,Data Architect,HRB,"Toronto, Ontario",,,0,43.706102,-79.402726,"Data Architect About Us: We're committed to leveraging data to drive insights, innovation, and strategic decision-making. As a Data Architect, you'll play a pivotal role in shaping our (and our clients) data infrastructure and ensuring the integrity, efficiency, and accessibility of our data assets. Job Description: As a Data Architect, you will be responsible for designing, implementing, and maintaining our organization's data architecture. You will collaborate closely with cross-functional te…",IT Jobs,it-jobs,,,2026-06-23T09:49:26Z,https://www.adzuna.ca/details/5773581263?utm_medium=api&utm_source=f5a79969
5773582325,Data Architect,Tiger Analytics,"Toronto, Ontario",,,0,43.706102,-79.402726,"Tiger Analytics is pioneering what AI and analytics can do to solve some of the toughest problems faced by organizations globally. We develop bespoke solutions powered by data and technology for several Fortune 100 companies. We have offices in multiple cities across the US, UK, India, and Singapore, and a substantial remote global workforce. If you are passionate about working on business problems that can be solved using structured and unstructured data on a large scale, Tiger Analytics would…",IT Jobs,it-jobs,,,2026-06-23T09:49:37Z,https://www.adzuna.ca/details/5773582325?utm_medium=api&utm_source=f5a79969
5718155048,"Manager, Software Engineering",Caret,"Railway Lands, City of Toronto",210000.0,220000.0,0,43.64264,-79.37486,"Qualifications CARET brings the latest in technology and automation to over 10,000 legal and accounting firms, empowering highly skilled professionals to refocus their expertise on what truly matters. CARET harnesses powerful and secure practice management, document automation, and payment processing to take firms, professionals, and their clients further. Our team-defined values guide how we show up for each other, for our partners, and for our customers: We succeed together. We embrace progre…",IT Jobs,it-jobs,,,2026-05-03T16:40:48Z,https://www.adzuna.ca/details/5718155048?utm_medium=api&utm_source=f5a79969
5736844297,Senior Data Engineer,CI Financial,"Toronto, Ontario",69500.0,119500.0,0,43.706102,-79.402726,"At CI, we see a great place to work as one that is a safe place for everyone to have a voice, where people are empowered to take ownership over meaningful work, where there is an opportunity to grow through stretching themselves, where they can work on innovative products and projects, and where employees are supported and engaged in doing so. We are currently seeking for a Senior Data Engineer to join the Data and Analytics team in the Wealth Technology group at CI Wealth. The Data and Analyti…",IT Jobs,it-jobs,,full_time,2026-05-21T16:49:51Z,https://www.adzuna.ca/details/5736844297?utm_medium=api&utm_source=f5a79969
5775394555,Sr. BI & Insights Analyst,Canadian Tire Corporation,"Toronto, Ontario",64000.0,106000.0,0,43.706102,-79.402726,"What You’ll Do: As a Sr. BI & Insights Analyst, you will be responsible for providing analytical support to key clients within the business, primarily Marketing and Merchandise. Specifically, you will become a significant contributor of actionable insights which will drive marketing strategy, support with tactical initiatives, as well as improve efficiency within the organization. Your analysis and BI reporting skills will help to promote and sustain the profitable growth of the business. You a…",IT Jobs,it-jobs,,full_time,2026-06-24T17:09:20Z,https://www.adzuna.ca/details/5775394555?utm_medium=api&utm_source=f5a79969
5786700078,RQ10945 - Sr. Business Intelligence Specialist,Source Code,"Toronto, Ontario",,,0,43.706102,-79.402726,"Job Description Job Description RQ10945 - Sr. Business Intelligence Specialist 10 month contract - possible extenion of 1 year ONSITE 5 days - 595 Bay Street Security Level: CRJMC  Credit Check Must-haves: Data Warehouse/Lakehouse Concepts: Strong understanding of data warehousing principles, including data modelling, ETL processes, data integration, and data governance. Power BI: Proficiency in Power BI, including data modelling, creating interactive reports and dashboards and utilizing advanc…",IT Jobs,it-jobs,contract,,2026-07-03T06:03:35Z,https://www.adzuna.ca/details/5786700078?utm_medium=api&utm_source=f5a79969
5782241906,RQ08652 - Project Manager/Leader - Senior,Rubicon Path,"Toronto, Ontario",,,0,43.706102,-79.402726,"RQ08652 - Project Manager/Leader - Senior About the job RQ08652 - Project Manager/Leader - Senior Description Responsibilities: Provide project management on large scale, complex, high profile and high risk projects for OPS I&IT initiatives. Ensure project deliverables meet clients business requirements on time, scope and budget, with a focus on cost-effectiveness, efficiencies and compliance with OPS project management methodologies and frameworks. Core Skills: Knowledge and understanding of P…",IT Jobs,it-jobs,,,2026-06-30T11:07:33Z,https://www.adzuna.ca/details/5782241906?utm_medium=api&utm_source=f5a79969
5791032580,Senior Product Analyst (Toronto),Bethink Labs,"Toronto, Ontario",,,0,43.706102,-79.402726,"About us At Bethink Labs, we believe the most important products of the next decade haven’t been built yet, but we sure are working on it. We’re a product innovation firm working at the forefront of AI‑enabled experiences. We launch new products to market through our innovation studio and partner with leading brands ready to move past the hype and ship real, scalable AI into the hands of their customers. We work across automotive, healthcare, fitness, sports, media, and games. Not because we ca…",IT Jobs,it-jobs,,,2026-07-07T10:00:57Z,https://www.adzuna.ca/details/5791032580?utm_medium=api&utm_source=f5a79969
5791033356,"Director, Data Strategy & AI Enablement (Toronto)",YORK1,"Toronto, Ontario",,,0,43.706102,-79.402726,"Position Overview The Director, Data Strategy & AI Enablement is a senior leadership role responsible for defining and executing YORK1's enterprise-wide data, analytics, and artificial intelligence strategy. This role leads the transformation of YORK1's data ecosystem into a modern, scalable, and insight-driven environment that enables operational efficiency, strategic decision-making, and innovation. The incumbent will oversee enterprise data governance, business intelligence, advanced analyti…",IT Jobs,it-jobs,,,2026-07-07T10:01:01Z,https://www.adzuna.ca/details/5791033356?utm_medium=api&utm_source=f5a79969
5791013838,"Manager, Software Engineering",CARET,"Toronto, Ontario",,,0,43.706102,-79.402726,"CARET brings the latest in technology and automation to over 10,000 legal and accounting firms, empowering highly skilled professionals to refocus their expertise on what truly matters. CARET harnesses powerful and secure practice management, document automation, and payment processing to take firms, professionals, and their clients further. Our team-defined values guide how we show up for each other, for our partners, and for our customers: We succeed together. We embrace progress. We care big…",IT Jobs,it-jobs,,,2026-07-07T09:59:15Z,https://www.adzuna.ca/details/5791013838?utm_medium=api&utm_source=f5a79969
5782236379,"Director, Data Strategy & AI Enablement",YORK1,"Toronto, Ontario",,,0,43.706102,-79.402726,"The Director, Data Strategy & AI Enablement is a senior leadership role responsible for defining and executing YORK1’s enterprise-wide data, analytics, and artificial intelligence strategy. This role leads the transformation of YORK1’s data ecosystem into a modern, scalable, and insight-driven environment that enables operational efficiency, strategic decision-making, and innovation. The incumbent will oversee enterprise data governance, business intelligence, advanced analytics, and AI/RPA ena…",IT Jobs,it-jobs,,,2026-06-30T11:06:22Z,https://www.adzuna.ca/details/5782236379?utm_medium=api&utm_source=f5a79969
5786020874,"Clinic Nurse - Scarborough, ON",BioScript Solutions,"Toronto, Ontario",,,0,43.706102,-79.402726,"Discover The Opportunity At BioScript Solutions, we're committed to simplifying access to specialty care for people with chronic health conditions and rare diseases. From our home base in Atlantic Canada, we've grown into a national network of 13 pharmacies, 100 Coverdale Clinics, and comprehensive patient support programs (NavieGo) that serve thousands of people across the country. And together, with our third-party logistics and A&D Wholesale operations, we're proud to be a Canadian leader in…",Healthcare & Nursing Jobs,healthcare-nursing-jobs,,part_time,2026-07-02T17:18:50Z,https://www.adzuna.ca/details/5786020874?utm_medium=api&utm_source=f5a79969
5785975984,"Clinic Nurse - North York, ON",BioScript Solutions,"Toronto, Ontario",,,0,43.706102,-79.402726,"Discover The Opportunity At BioScript Solutions, we're committed to simplifying access to specialty care for people with chronic health conditions and rare diseases. From our home base in Atlantic Canada, we've grown into a national network of 13 pharmacies, 100 Coverdale Clinics, and comprehensive patient support programs (NavieGo) that serve thousands of people across the country. And together, with our third-party logistics and A&D Wholesale operations, we're proud to be a Canadian leader in…",Healthcare & Nursing Jobs,healthcare-nursing-jobs,,part_time,2026-07-02T17:08:57Z,https://www.adzuna.ca/details/5785975984?utm_medium=api&utm_source=f5a79969
5785992937,"Nurse Case Manager (Moncton, NB)",BioScript Solutions,"Toronto, Ontario",,,0,43.706102,-79.402726,"Discover The Opportunity At BioScript Solutions, we're committed to simplifying access to specialty care for people with chronic health conditions and rare diseases. From our home base in Atlantic Canada, we've grown into a national network of 13 pharmacies, 100 Coverdale Clinics, and comprehensive patient support programs (NavieGo) that serve thousands of people across the country. And together, with our third-party logistics and A&D Wholesale operations, we're proud to be a Canadian leader in…",Healthcare & Nursing Jobs,healthcare-nursing-jobs,permanent,full_time,2026-07-02T17:11:35Z,https://www.adzuna.ca/details/5785992937?utm_medium=api&utm_source=f5a79969
5786017704,Nurse Case Manager (Toronto),BioScript Solutions,"Toronto, Ontario",,,0,43.706102,-79.402726,"Discover The Opportunity At BioScript Solutions, we're committed to simplifying access to specialty care for people with chronic health conditions and rare diseases. From our home base in Atlantic Canada, we've grown into a national network of 13 pharmacies, 100 Coverdale Clinics, and comprehensive patient support programs (NavieGo) that serve thousands of people across the country. And together, with our third-party logistics and A&D Wholesale operations, we're proud to be a Canadian leader in…",Healthcare & Nursing Jobs,healthcare-nursing-jobs,permanent,full_time,2026-07-02T17:16:22Z,https://www.adzuna.ca/details/5786017704?utm_medium=api&utm_source=f5a79969
5782237228,Data Scientist,Intelliswift - An LTTS Company,"Toronto, Ontario",,,0,43.706102,-79.402726,"A specialist position that combines knowledge of financial markets and investment sales with data and technology skills. Uses advanced analytical algorithms and technologies (e.g. machine learning, deep learning, artificial intelligence) to mine and analyze large sets of structured and unstructured data to obtain insights. Designs and constructs new processes for modeling data. Develops predictive models and leverages data technology to design solutions that deliver smarter business decisions. …",IT Jobs,it-jobs,,,2026-06-30T11:06:30Z,https://www.adzuna.ca/details/5782237228?utm_medium=api&utm_source=f5a79969
5714820062,Manager of Data & AI,JMIR Publications,"Toronto, Ontario",135000.0,155000.0,0,43.706102,-79.402726,"Job Title: Manager of Data & AI Job Type: Permanent, full time Salary range: CAD $135,000 - $155,000 Reports to: VP, Product and Engineering About JMIR Publications Come help us make a real difference in open science! The Opportunity As Manager of Data & AI, reporting to the VP Product and Engineering you will be a key leader driving the execution of our company’s data initiatives. In this role, you won’t just oversee data—you will lead the charge in integrating Generative AI, Machine Learning …",IT Jobs,it-jobs,permanent,full_time,2026-04-30T16:45:03Z,https://www.adzuna.ca/details/5714820062?utm_medium=api&utm_source=f5a79969
5771061743,"Director, Data Strategy & AI Enablement",YORK1,"Etobicoke, Toronto",,,0,43.69979,-79.60516,"About YORK1: YORK1 is a leader in environmental and industrial services, delivering sustainable waste management solutions across Ontario. With a growing fleet and strong regional presence, we are committed to safety, operational excellence, and continuous improvement. Our culture is rooted in innovation and accountability. Join a company that invests in its people and positively impacts the communities we serve. Compensation & Benefits: Competitive salary based on your experience Health and de…",IT Jobs,it-jobs,,full_time,2026-06-20T17:16:46Z,https://www.adzuna.ca/details/5771061743?utm_medium=api&utm_source=f5a79969
5770567307,Jr Data Engineer,Citylitics,"Toronto, Ontario",,,0,43.706102,-79.402726,"Job Description Job Description About Citylitics Inc. Citylitics delivers predictive intelligence on where, how, and why infrastructure investments will occur across North America. Infrastructure includes the foundational systems that shape our quality of life: water, transportation, transit, roads and highways, broadband, and power. It represents a multi-trillion-dollar market and a 20 year megatrend in North America. Citylitics transforms millions of documents across more than 40,000 cities, …",IT Jobs,it-jobs,,,2026-06-20T06:30:14Z,https://www.adzuna.ca/details/5770567307?utm_medium=api&utm_source=f5a79969
5769275617,"Director, Data Strategy & AI Enablement",YORK1,"Toronto, Ontario",,,0,43.706102,-79.402726,"Job Description Job Description Salary: About YORK1: YORK1 is a leader in environmental and industrial services, delivering sustainable waste management solutions across Ontario. With a growing fleet and strong regional presence, we are committed to safety, operational excellence, and continuous improvement. Our culture is rooted in innovation and accountability. Join a company that invests in its people and positively impacts the communities we serve. Compensation & Benefits: Competitive salar…",IT Jobs,it-jobs,,,2026-06-19T06:17:25Z,https://www.adzuna.ca/details/5769275617?utm_medium=api&utm_source=f5a79969
5782239056,"PhD Data Scientist, Intern",Stripe,"Toronto, Ontario",,,0,43.706102,-79.402726,"Stripe is a financial infrastructure platform for businesses. Millions of companies—from the world’s largest enterprises to the most ambitious startups—use Stripe to accept payments, grow their revenue, and accelerate new business opportunities. Our mission is to increase the GDP of the internet, and we have a staggering amount of work ahead. That means you have an unprecedented opportunity to put the global economy within everyone’s reach while doing the most important work of your career. Abo…",Scientific & QA Jobs,scientific-qa-jobs,contract,,2026-06-30T11:07:06Z,https://www.adzuna.ca/details/5782239056?utm_medium=api&utm_source=f5a79969
5773592798,"Director, Product Operations & Analytics",Emburse,"Toronto, Ontario",,,0,43.706102,-79.402726,"Who We Are: At Emburse, you’ll not just imagine the future – you’ll build it. As a leader in travel and expense solutions, we are creating a future where technology drives business value and inspires extraordinary results. Our AI-powered platform helps organizations modernize financial operations, increase visibility, and optimize spend across the enterprise. Summary/Objective The Director of Product Operations & Analytics is the architect of how the product strategy and business impact are int…",IT Jobs,it-jobs,,,2026-06-23T09:51:25Z,https://www.adzuna.ca/details/5773592798?utm_medium=api&utm_source=f5a79969
5773586351,Senior Software Engineer,Makeship,"Toronto, Ontario",,,0,43.706102,-79.402726,"About the Company Makeship empowers influencers, creators, and brands of all sizes to develop and launch limited‑edition products that matter to their fans. Leveraging our design, manufacturing, and marketing expertise, we work with our partners to bring their products to life through our community‑powered crowdfunding platform. Each product is given a window of 21 days to be funded by the community before we produce and ship to fans worldwide. We put our brand behind every product and guarante…",IT Jobs,it-jobs,,,2026-06-23T09:50:18Z,https://www.adzuna.ca/details/5773586351?utm_medium=api&utm_source=f5a79969
5689058335,Senior Software Engineer,Makeship,"Toronto, Ontario",120000.0,130000.0,0,43.706102,-79.402726,"✨ About the Company Makeship empowers influencers, creators, and brands of all sizes to develop and launch limited-edition products that matter to their fans. Leveraging our design, manufacturing, and marketing expertise, we work with our partners to bring their products to life through our community-powered crowdfunding platform. Each product is given a window of 21 days to be funded by the community before we produce and ship to fans worldwide. We put our brand behind every product and guaran…",IT Jobs,it-jobs,,full_time,2026-04-03T16:31:19Z,https://www.adzuna.ca/details/5689058335?utm_medium=api&utm_source=f5a79969
5776824285,"Senior Product Manager, Growth (Hybrid)",Homebase,"Toronto, Ontario",155000.0,185000.0,0,43.706102,-79.402726,"Hi, Future Homie! At Homebase, you’ll join a team that’s bold, fast-moving, and obsessed with helping small businesses thrive. We build with empathy, act with urgency, and take big swings that drive real-world impact. Here, every Homie shows up to raise the bar, support one another, and celebrate wins as a team. We’re not just building an app—we’re building unstoppable teams. So what do you say, are you in? Your Impact Starts Here We’re looking for a Senior Product Manager, Growth, to own and s…","PR, Advertising & Marketing Jobs",pr-advertising-marketing-jobs,,full_time,2026-06-25T17:13:08Z,https://www.adzuna.ca/details/5776824285?utm_medium=api&utm_source=f5a79969
5789381738,"Senior Analyst, Market Intelligence",Canadian Tire Corporation,"Toronto, Ontario",64000.0,106000.0,0,43.706102,-79.402726,"As a Senior Analyst on the Market Intelligence team at Canadian Tire Corporation, you will play a critical role in shaping and executing competitive intelligence and pricing strategies across multiple banners. You will work collaboratively with cross‑functional partners to translate competitive pricing data into actionable insights that inform pricing decisions at both national and regional levels. This role is ideal for a strong data analyst or analytics‑leaning candidate who enjoys working wi…",IT Jobs,it-jobs,,full_time,2026-07-05T17:45:20Z,https://www.adzuna.ca/details/5789381738?utm_medium=api&utm_source=f5a79969
5782240891,"Senior Consultant, Forensic Accounting Claims Services (FACS)",Marsh,"Toronto, Ontario",,,0,43.706102,-79.402726,"Senior Consultant, Forensic Accounting Claims Services (FACS) Join to apply for the Senior Consultant, Forensic Accounting Claims Services (FACS) role at Marsh Senior Consultant, Forensic Accounting Claims Services (FACS) 1 week ago Be among the first 25 applicants Join to apply for the Senior Consultant, Forensic Accounting Claims Services (FACS) role at Marsh Get AI-powered advice on this job and more exclusive features. We are seeking a talented individual to join our Risk Consulting team at…",Accounting & Finance Jobs,accounting-finance-jobs,,part_time,2026-06-30T11:07:24Z,https://www.adzuna.ca/details/5782240891?utm_medium=api&utm_source=f5a79969
5782234693,Lead Python Developer for Quantitative Finance,Galent,"Toronto, Ontario",,,0,43.706102,-79.402726,"Lead Python Developer for Quantitative Finance Location: Toronto, ON (Hybrid, 3 days onsite) Role Summary We are seeking a highly skilled Lead Python Developer to join a team building high performance, scalable reporting solutions for fixed income pricing and risk metrics, leveraging Quantitative Finance libraries and integrating with Bloomberg APIs. The ideal candidate will bring deep technical expertise in Python and financial computation frameworks. Key Responsibilities Design and implement …",IT Jobs,it-jobs,contract,,2026-06-30T11:06:05Z,https://www.adzuna.ca/details/5782234693?utm_medium=api&utm_source=f5a79969
5728268394,Analytics Engineer,Roots,"Toronto, Ontario",,,0,43.706102,-79.402726,"Nature & Scope → Your Role at Roots As an Analytics Engineer, you'll sit at the intersection of data engineering and analytics, turning raw retail data into trusted, scalable assets and the insights that bring them to life. As a collaborative member of our data team, you'll contribute to the data models that power solutions across the Roots business and help build the data products, semantic layers, and self-service tools that empower every team at Roots to access trusted data independently. Ou…",IT Jobs,it-jobs,,,2026-05-13T16:35:49Z,https://www.adzuna.ca/details/5728268394?utm_medium=api&utm_source=f5a79969
5677741911,Infrastructure Business Systems Analyst,Insight Global,"Toronto, Ontario",,,0,43.706102,-79.402726,"Job Description Insight Global is looking for a Business Systems Analyst (Data Modernization and Consolidation) to join one of our largest banking clients on a 6-month contract. The successful candidate will be responsible for the following: - Gather, analyze, and document business, functional, and technical requirements for a large-scale data modernization and consolidation program. - Work with business stakeholders, data architects, application owners, security/compliance teams, and vendors t…",IT Jobs,it-jobs,,,2026-03-25T00:51:15Z,https://www.adzuna.ca/details/5677741911?utm_medium=api&utm_source=f5a79969
5782243239,Sr. Manager / Associate Director - Commercial Data Product (Pharma/ Life science,Tiger Analytics,"Toronto, Ontario",,,0,43.706102,-79.402726,"Tiger Analytics is an advanced analytics consulting firm. We are the trusted analytics partner for several Fortune 1000 companies, enabling them to generate business value from data. Our consultants bring deep expertise in Data Science, Machine Learning and AI. Our business value and leadership has been recognized by various market research firms, including Forrester and Gartner. We are seeking a Senior Manager / Associate Director with a strong Life Sciences background and hands‑on commercial …",IT Jobs,it-jobs,,,2026-06-30T11:07:47Z,https://www.adzuna.ca/details/5782243239?utm_medium=api&utm_source=f5a79969
5776270283,Data Architect,Tredence Inc.,"Toronto, Ontario",,,0,43.706102,-79.402726,"Job Overview Tredence differentiates itself from other analytics services firms by enabling last-mile adoption of insights. We drive true business impact by uniting our strengths in business analytics , data science , and software engineering . We help our clients deliver on the artificial intelligence imperative in a practical and demystified way. To know more, visit: www.tredence.com Job Overview As a Specialist Data Engineer at Tredence, you will play a pivotal role in designing, building, a…",IT Jobs,it-jobs,,,2026-06-25T09:51:45Z,https://www.adzuna.ca/details/5776270283?utm_medium=api&utm_source=f5a79969
5780534181,Data Engineer,Hotspex Media,"Toronto, Ontario",85000.0,115000.0,0,43.706102,-79.402726,"Join Hotspex Media!  1 Ranked Media Buying and Planning Agency on Clutch.co  Finalist 'Best AI Tool', 2024 Digiday Technology Awards  Hybrid Work Model (1 Day in Office / Week)  Winner of Waterstone Canada's Most Admired Corporate Cultures Reports to: Director of AI & ML Location: Hybrid with the option for Remote if Outside Greater Toronto Area (must be legally authorized to work in and based in Canada) Team: Small, high-autonomy team with direct access to leadership. Impact: Owns design, buil…",IT Jobs,it-jobs,,full_time,2026-06-28T17:13:53Z,https://www.adzuna.ca/details/5780534181?utm_medium=api&utm_source=f5a79969
5777538916,Data Engineer,Hotspex Media,"Toronto, Ontario",85000.0,115000.0,0,43.706102,-79.402726,"Job Description Job Description Join Hotspex Media!  1 Ranked Media Buying and Planning Agency on Clutch.co  Finalist 'Best AI Tool', 2024 Digiday Technology Awards  Hybrid Work Model (1 Day in Office / Week)  Winner of Waterstone Canada's Most Admired Corporate Cultures Reports to: Director of AI & ML Location: Hybrid with the option for Remote if Outside Greater Toronto Area (must be legally authorized to work in and based in Canada) Team: Small, high-autonomy team with direct access to leade…",IT Jobs,it-jobs,,,2026-06-26T06:01:39Z,https://www.adzuna.ca/details/5777538916?utm_medium=api&utm_source=f5a79969
5766043489,Senior Financial Analyst Media,Rogers,"Toronto, Ontario",,,0,43.706102,-79.402726,"Senior Financial Analyst Media We are committed to connecting Canadians through unique partnerships, our world-class network and content Canadians love-and our innovative team is growing. We are looking for dedicated team members to join our Corporate team who have a genuine passion for making positive impacts on customers and the communities where we live and work. We have a variety of business units with exciting and meaningful work waiting for you, including Communications, HR, Legal and Cor…",Accounting & Finance Jobs,accounting-finance-jobs,,,2026-06-16T18:59:22Z,https://www.adzuna.ca/details/5766043489?utm_medium=api&utm_source=f5a79969
5773582664,Chief Performance & Growth Officer (CPO/Growth),Scale Jet,"Toronto, Ontario",,,0,43.706102,-79.402726,"Chief Performance & Growth Officer (CPO/Growth) About the job Chief Performance & Growth Officer (CPO/Growth) Our client, Institute of Metacognitive Programming (IMCP), is looking for an experienced professional to join their team as the Chief Performance & Growth Officer . This is a full-time remote position (U.S. timezone preferred, or flexible). Executive role . Company Context & Mission Institute of Metacognitive Programming (IMCP) delivers training and certification in Metacognitive Progra…","PR, Advertising & Marketing Jobs",pr-advertising-marketing-jobs,,full_time,2026-06-23T09:49:41Z,https://www.adzuna.ca/details/5773582664?utm_medium=api&utm_source=f5a79969
5782243156,Strategic Engagement Manager,University of Toronto,"Toronto, Ontario",,,0,43.706102,-79.402726,"About us: The Faculty of Arts & Science is the heart of Canada’s leading university and one of the most comprehensive and diverse academic divisions in the world. The strength of Arts & Science derives from our combined teaching and research excellence in the humanities, sciences and social sciences across 29 departments, seven colleges and 46 interdisciplinary centres, institutes and programs. We can only realize our mission with the dedication and excellence of engaged staff and faculty. The …","PR, Advertising & Marketing Jobs",pr-advertising-marketing-jobs,,full_time,2026-06-30T11:07:46Z,https://www.adzuna.ca/details/5782243156?utm_medium=api&utm_source=f5a79969
5679990056,Business Analyst,Insight Global,"North York, Toronto",,,0,43.75104,-79.425932,"Job Description Insight Global is hiring a Senior Business Analyst on behalf of a large, well-established organization in the insurance and benefits space. This role will support a high-volume data extracts Agile team. This is a hands-on, delivery-focused role suited for a BA with deep data, ETL, and SQL experience who is comfortable operating in an Agile/Kanban environment. What You'll Be Doing As a Business Analyst on the Data Extracts team, you will work closely with 2-3 software developers,…",IT Jobs,it-jobs,,,2026-03-27T00:53:21Z,https://www.adzuna.ca/details/5679990056?utm_medium=api&utm_source=f5a79969
5689002703,Data Engineer,ShyftLabs,"Toronto, Ontario",100000.0,140000.0,0,43.706102,-79.402726,"About ShyftLabs At ShyftLabs, we live and breathe data. Since 2020, we’ve been helping Fortune 500 companies unlock growth with cutting-edge digital solutions that transform industries and create measurable business impact. We’re growing fast and we’re looking for passionate problem-solvers who are ready to turn big ideas into real outcomes. The Opportunity ShyftLabs is seeking a skilled Data Engineer to support in designing, developing, and optimizing big data solutions using the Databricks Un…",IT Jobs,it-jobs,,full_time,2026-04-03T16:22:58Z,https://www.adzuna.ca/details/5689002703?utm_medium=api&utm_source=f5a79969
5782244642,Data Engineer Consultant (Microsoft Fabric),Keyrus,"Toronto, Ontario",,,0,43.706102,-79.402726,"Join KEYRUS and transform the future with us! Who are we? Keyrus Group is a trusted leader in Data Intelligence with offices across the globe in 28 countries with more than 3500 consultants worldwide. Our expert team provides strategic data engineering, data discovery, and data science solutions for our clients, primarily in the retail, non‑profit, and financial services industries. If you are looking to join an innovative startup‑style company that has the support of an internationally recogni…",IT Jobs,it-jobs,,full_time,2026-06-30T11:08:04Z,https://www.adzuna.ca/details/5782244642?utm_medium=api&utm_source=f5a79969
5750933708,Senior Solutions Engineer,MiQ Digital Canada,"Toronto, Ontario",95000.0,120000.0,0,43.706102,-79.402726,"Job Description Role: Sr. Solutions Engineer Location: Toronto, Ontario THE OPPORTUNITY We’re not a usual ad tech business and this isn’t your usual role! This is a fantastic opportunity to join a global company that supports professional and personal development. MiQ has incubated a fast-growing analytics business division over the last few years: this division elevates our programmatic media offering by putting our analytics and technology capabilities in the hands of our clients. We are look…",IT Jobs,it-jobs,,full_time,2026-06-03T16:43:05Z,https://www.adzuna.ca/details/5750933708?utm_medium=api&utm_source=f5a79969
5714827231,"Managing Director, Retail Industry Advisor",Salesforce,"Toronto, Ontario",,,0,43.706102,-79.402726,"To get the best candidate experience, please consider applying for a maximum of 3 roles within 12 months to ensure you are not duplicating efforts. Job Category Sales Job Details About Salesforce Salesforce is the 1 AI CRM, where humans with agents drive customer success together. Here, ambition meets action. Tech meets trust. And innovation isn’t a buzzword — it’s a way of life. The world of work as we know it is changing and we're looking for Trailblazers who are passionate about bettering bu…",Sales Jobs,sales-jobs,,full_time,2026-04-30T16:53:44Z,https://www.adzuna.ca/details/5714827231?utm_medium=api&utm_source=f5a79969
5776808371,"Senior Manger, Data Analytics",Docebo,"Toronto, Ontario",121000.0,160000.0,0,43.706102,-79.402726,"Artificial Intelligence. Actual Impact. At Docebo, we’re using AI to change how people learn at work—and we mean actually change it. We’re an AI-powered learning platform that helps organizations create, deliver, and manage training all in one place. But our real mission goes deeper: we help teams move faster, work smarter, and focus on the work that truly matters. Our platform is built with intelligent, time-saving tools that personalize learning, eliminate busywork, and turn training from a c…",IT Jobs,it-jobs,,full_time,2026-06-25T17:10:55Z,https://www.adzuna.ca/details/5776808371?utm_medium=api&utm_source=f5a79969
5780532196,Standards Systems Specialist,Metrolinx,"Railway Lands, City of Toronto",,,0,43.6416,-79.37722,"Description Metrolinx is connecting communities across the Greater Golden Horseshoe. Metrolinx operates GO Transit and UP Express, as well as the PRESTO fare payment system. We are also building new and improved rapid transit, including GO Expansion, Light Rail Transit routes, and major expansions to Toronto’s subway system, to get people where they need to go, better, faster and easier. Metrolinx is an agency of the Government of Ontario. At Metrolinx, equity, diversity and inclusion are essen…",Engineering Jobs,engineering-jobs,,full_time,2026-06-28T17:11:15Z,https://www.adzuna.ca/details/5780532196?utm_medium=api&utm_source=f5a79969
5783783904,"Associate Director, Principal Data Engineer",Royal Bank of Canada,"Toronto, Ontario",,,0,43.706102,-79.402726,"What is the opportunity? As a Data Engineering Solution Architect, you will join a highly talented team at RBC Capital Markets responsible for designing and delivering next‑generation data engineering platforms on Databricks. You will be the hands‑on technical anchor driving Proof of Concepts (POCs) through to full production delivery, working across large‑scale Spark‑based data pipelines, ML engineering workflows, and Delta Lake architectures. You will bring deep, practitioner‑level expertise …",IT Jobs,it-jobs,,,2026-07-01T10:04:29Z,https://www.adzuna.ca/details/5783783904?utm_medium=api&utm_source=f5a79969
5773594943,Data Architect,Randstad Canada,"Toronto, Ontario",,,0,43.706102,-79.402726,"We are seeking a visionary Data Architect for a permanent leadership role based in Etobicoke. This position is central to designing and maintaining the enterprise data architecture that powers our analytics, artificial intelligence, and business intelligence ecosystems. You will bridge the gap between business strategy and technical execution, ensuring our data systems are scalable, secure, and optimized for the future of AI-driven decision-making. Type: Permanent / Full-Time Location: Etobicok…",IT Jobs,it-jobs,permanent,full_time,2026-06-23T09:51:38Z,https://www.adzuna.ca/details/5773594943?utm_medium=api&utm_source=f5a79969
5714826584,Data Architect,TSSA,"Etobicoke, Toronto",98460.0,135383.0,0,43.69118,-79.59741,"The Technical Standards and Safety Authority (TSSA) is a notâforâprofit regulator dedicated to enhancing public safety across Ontario. TSSA’s team of over 450 professionals delivers safety oversight across multiple regulated sectors through technical expertise, compliance, and collaboration with industry partners. At TSSA, safety is embedded in our culture and all aspects of our work. Each role at TSSA has an impact on keeping Ontarians safe through engagement, evidence, enforcement, and ed…",IT Jobs,it-jobs,,full_time,2026-04-30T16:53:08Z,https://www.adzuna.ca/details/5714826584?utm_medium=api&utm_source=f5a79969
5715363902,"Senior Data Strategist, GTM Customer Data",Autodesk,"Toronto, Ontario",,,0,43.706102,-79.402726,"Job Requisition ID  26WD97820 26WD97820, Senior Data Strategist, GTM Customer Data _French translation to follow!/Traduction française à suivre!_ Position Overview At Autodesk, data is the backbone of how we understand and engage our customers. As a Data Strategist on the Data Governance and Policy team within Go-to-Market Data & Intelligence, you will act as the owner of our customer data, defining the roadmap, prioritizing problems, and ensuring our data is trustworthy, accurate, and able to …",IT Jobs,it-jobs,,,2026-05-01T01:11:27Z,https://www.adzuna.ca/details/5715363902?utm_medium=api&utm_source=f5a79969
5763830333,Payment Operations Lead,Join Us at Loop,"Toronto, Ontario",100000.0,130000.0,0,43.706102,-79.402726,"About The Role Hi, I'm Yan , Head of Engineering at Loop, and I'm hiring our first Payment Operations Lead to own, scale, and modernize the core engine that moves our customers' money. This is a senior, hands-on role. You won't be sitting on top of a team handing out work — you'll be the person who knows our settlement flows better than anyone, who can pull the SQL, reconcile the variance, get on the phone with the bank, and write the SOP. You'll set the strategy and execute it, and over time y…",Accounting & Finance Jobs,accounting-finance-jobs,,full_time,2026-06-14T17:14:55Z,https://www.adzuna.ca/details/5763830333?utm_medium=api&utm_source=f5a79969
5773585875,Power BI Senior Developer,Tata Consultancy Services,"Toronto, Ontario",,,0,43.706102,-79.402726,"Direct message the job poster from Tata Consultancy Services Talent Acquisition Specialist @ TATA CONSULTANCY SERVICES | Bachelor of Engineering Inclusion without Exception: Tata Consultancy Services (TCS) is an equal opportunity employer, and embraces diversity in race, nationality, ethnicity, gender, age, physical ability, neurodiversity, and sexual orientation, to create a workforce that reflects the societies we operate in. Our continued commitment to Culture and Diversity is reflected in o…",IT Jobs,it-jobs,,full_time,2026-06-23T09:50:13Z,https://www.adzuna.ca/details/5773585875?utm_medium=api&utm_source=f5a79969
5645786852,Business Systems Analyst,Insight Global,"Toronto, Ontario",,,0,43.706102,-79.402726,"Job Description Insight Global is looking for a Business Analyst to join a leading financial services company in Downtown Toronto. This is a hybrid role in office 2 times per week at their Downtown location. This role is a 4 month contract with potential for extension. This role supports the Risk Data Management Office in delivering high-impact data analysis and issue resolution across wholesale credit risk data systems. The analyst will work closely with Business Systems Analysts (BSAs), devel…",IT Jobs,it-jobs,,,2026-02-25T23:41:53Z,https://www.adzuna.ca/details/5645786852?utm_medium=api&utm_source=f5a79969
5773585376,Data Scientist REF:185305,Forsyth Barnes,"Toronto, Ontario",,,0,43.706102,-79.402726,"Get AI-powered advice on this job and more exclusive features. Looking for a skilled Data Scientist on a contract basis to support a Toronto-based marketing analytics team in optimizing marketing investments through robust modelling, analytics, and actionable insights. This role will focus on the development, deployment, and adoption of advanced models to evaluate marketing campaign performance and drive strategic decision-making. Key Responsibilities: Develop and deploy statistical and machine…",IT Jobs,it-jobs,contract,,2026-06-23T09:50:08Z,https://www.adzuna.ca/details/5773585376?utm_medium=api&utm_source=f5a79969
5585567405,AML Data Controls Developer,Insight Global,"Toronto, Ontario",,,0,43.706102,-79.402726,"Job Description Insight Global is seeking a senior AML Data Controls Developer to join a leading financial institution's Financial Crime & Risk Management (FCRM) Technology team. In this high-impact role, you will design, develop, and maintain critical data controls and pipelines that power AML transaction monitoring and customer risk rating systems - ensuring data integrity, quality, and compliance at enterprise scale. You will lead complex data initiatives, collaborate globally to define DQ r…",IT Jobs,it-jobs,,,2026-01-14T22:55:15Z,https://www.adzuna.ca/details/5585567405?utm_medium=api&utm_source=f5a79969
5773591788,Senior Product Manager - Global Data Platform,Sanofi,"Toronto, Ontario",,,0,43.706102,-79.402726,"Senior Product Manager – Global Data Platform The Senior Product Manager will lead Sanofi’s flagship global data platform, shaping the vision, roadmap, and user experience to accelerate AI and data‑driven product development across the organization. Main Responsibilities Define and own the product vision, roadmap, and outcomes for Sanofi’s global data platform, ensuring a cohesive product ecosystem that delivers a seamless user and developer experience. Establish strategic partnerships across S…",IT Jobs,it-jobs,,,2026-06-23T09:51:15Z,https://www.adzuna.ca/details/5773591788?utm_medium=api&utm_source=f5a79969
5769686038,"Senior Software Developer, Data (Remote First)",Zensurance,"Toronto, Ontario",104000.0,145000.0,0,43.706102,-79.402726,"About Us: Zensurance is redefining commercial insurance for Canadian businesses. As a leading InsurTech, we make getting the right coverage simple, fast, and accessible through a digital-first experience. Our platform combines advanced technology with deep industry expertise to deliver tailored insurance solutions that help businesses thrive. Zensurance has been recognized for its rapid growth and industry impact: ✅ Deloitte’s Technology Fast 50 (2023, 2024, 2025) ✅ Deloitte’s Technology Fast 5…",IT Jobs,it-jobs,,full_time,2026-06-19T17:33:08Z,https://www.adzuna.ca/details/5769686038?utm_medium=api&utm_source=f5a79969
5763255731,Financial Data and System Developer,Insight Global,"Toronto, Ontario",,,0,43.706102,-79.402726,"Job Description Insight Global is looking for a Financial Data and Systems Analyst/Developer to join one of Canadian 5 Top banks. Role Mandate: This team is involved in portfolio management. This role will enable business performance through the strategic management of financial data, systems, and reporting tools. This role supports decision-making by ensuring the integrity, accessibility, and usability of financial information across the organization. Team Structure: The team is mid-sized, wit…",IT Jobs,it-jobs,,,2026-06-14T01:43:38Z,https://www.adzuna.ca/details/5763255731?utm_medium=api&utm_source=f5a79969
5783782566,Azure Synapse Engineer,TEK NINJAS,"Toronto, Ontario",,,0,43.706102,-79.402726,"The Senior Synapse Engineer builds, optimizes, and maintains the Azure Synapse environment used to replace Alteryx workflows. The role implements pipelines, SQL transformations, orchestration, and security. They work closely with the onsite Data Modeler and Conversion Analyst to ensure end‑to‑end production-quality execution of migrated workloads Key Responsibilities Build Synapse pipelines, SQL transformations, datasets, and linked services. Translate Alteryx logic into Synapse SQL, PySpark, o…",IT Jobs,it-jobs,,,2026-07-01T10:04:25Z,https://www.adzuna.ca/details/5783782566?utm_medium=api&utm_source=f5a79969
5690140889,Data Architect,Konrad,"Toronto, Ontario",120000.0,150000.0,0,43.706102,-79.402726,"Who We Are Konrad is a next-generation digital consultancy. We are dedicated to solving complex business problems for our global clients with creative and forward-thinking solutions. Our employees enjoy a culture built on innovation and a commitment to creating best-in-class digital products in use by hundreds of millions of consumers around the world. We hire exceptionally smart, analytical, and hard-working people who are lifelong learners. About The Role As a Data Architect, you are a techni…",IT Jobs,it-jobs,,,2026-04-04T16:36:09Z,https://www.adzuna.ca/details/5690140889?utm_medium=api&utm_source=f5a79969
5789954136,Senior Business Analyst (Toronto),People Consultancy Services ,"Toronto, Ontario",,,0,43.706102,-79.402726,"Business Analyst - Senior Toronto, ON (Onsite) Requirements 10 years of experience leading and conducting business and system analysis to assess client’s business problems/opportunities and document the business/system requirements in such a way that I&IT solutions can be designed. Proven experience in both agile and waterfall project management methodologies. Proven experience in conducting business and system analysis in respect to building data marts/data warehouses/data lakehouse or Busines…",IT Jobs,it-jobs,,,2026-07-06T09:57:06Z,https://www.adzuna.ca/details/5789954136?utm_medium=api&utm_source=f5a79969
5782238206,"Business Strategy, Decision Support and Fiscal Planning Lead",Attorney General | Procureur général,"Toronto, Ontario",,,0,43.706102,-79.402726,"Business Strategy, Decision Support and Fiscal Planning Lead Join to apply for the Business Strategy, Decision Support and Fiscal Planning Lead role at Attorney General | Procureur général Business Strategy, Decision Support and Fiscal Planning Lead Join to apply for the Business Strategy, Decision Support and Fiscal Planning Lead role at Attorney General | Procureur général Get AI-powered advice on this job and more exclusive features. Lead bold financial strategies that shape government progr…",Accounting & Finance Jobs,accounting-finance-jobs,contract,full_time,2026-06-30T11:06:39Z,https://www.adzuna.ca/details/5782238206?utm_medium=api&utm_source=f5a79969
5782238142,"Credit Risk Analyst, Corporate Banking",Robertson & Company Ltd.,"Toronto, Ontario",,,0,43.706102,-79.402726,"Robertson & Company Ltd. provided pay range This range is provided by Robertson & Company Ltd Your actual pay will be based on your skills and experience — talk with your recruiter to learn more. Base pay range CA$70,000.00/yr - CA$85,000.00/yr Direct message the job poster from Robertson & Company Ltd. Recruitment Consultant | Connecting Top Talent with Premium Clients in the Financial Sector Job Title: Location: Toronto, ON The Client: Our client is the Canadian arm of a global banking leader…",Accounting & Finance Jobs,accounting-finance-jobs,contract,full_time,2026-06-30T11:06:38Z,https://www.adzuna.ca/details/5782238142?utm_medium=api&utm_source=f5a79969
5386584111,Creative Strategist,Bree,"Toronto, Ontario",120000.0,160000.0,0,43.706102,-79.402726,"About Bree Bree is a consumer finance platform that brings better, faster, and cheaper financial services to over half the Canadian population who live paycheck to paycheck. We were part of Y Combinator in 2021 and raised a $2M seed round shortly after. We are growing at a double-digit monthly rate and are profitable. Our culture is defined by high ownership, a bias for action, tenacious problem-solving, and striving to be 1% better every day. About the Role We're looking for a high-impact Crea…","PR, Advertising & Marketing Jobs",pr-advertising-marketing-jobs,contract,part_time,2025-09-06T06:08:19Z,https://www.adzuna.ca/details/5386584111?utm_medium=api&utm_source=f5a79969
5722024294,"Creative Lead, Growth",Bree,"Toronto, Ontario",120000.0,160000.0,0,43.706102,-79.402726,"About Bree Bree is a consumer finance platform that brings better, faster, and cheaper financial services to over half the Canadian population who live paycheck to paycheck. We were part of Y Combinator in 2021 and raised a $2M seed round shortly after. We are growing at a double-digit monthly rate and are profitable. Our culture is defined by high ownership, a bias for action, tenacious problem-solving, and striving to be 1% better every day. About the Role We're looking for a high-impact Crea…",IT Jobs,it-jobs,contract,full_time,2026-05-07T16:36:15Z,https://www.adzuna.ca/details/5722024294?utm_medium=api&utm_source=f5a79969
5776788526,Insights Analyst,Gay Lea,"Toronto, Ontario",62600.0,104300.0,0,43.706102,-79.402726,"Reports to: Business Insights Manager Department: Commercial Capabilities Location: Hybrid at Etobicoke (Head Office) The pay range for the role is $62,600 to $104,300 plus bonus, comprehensive benefits, retirement savings plan, paid vacation, and other perks and opportunities. Purpose: We are charting a visionary future for Gay Lea Foods, aiming to achieve industry-leading results that will ensure the long-term prosperity of our esteemed Canadian dairy farmer-owned co-operative. As we embark o…",Sales Jobs,sales-jobs,,,2026-06-25T17:08:22Z,https://www.adzuna.ca/details/5776788526?utm_medium=api&utm_source=f5a79969
5773585887,Senior Product Manager - Global Data Platform,Sanofi,"Toronto, Ontario",,,0,43.706102,-79.402726,"Overview Senior Product Manager - Global Data Platform at Sanofi. Location: Toronto, Canada. Reference No. R2824623. Position Title: Senior Product Manager - Global Data Platform. Department: PLO AI Mesh Platform. Base pay range: CA$125,300.00/yr - CA$180,966.66/yr. This range is provided by Sanofi. Your actual pay will be based on your skills and experience — talk with your recruiter to learn more. This role is part of Sanofi’s digital transformation and AI/ML initiatives, with a focus on lead…",IT Jobs,it-jobs,,,2026-06-23T09:50:14Z,https://www.adzuna.ca/details/5773585887?utm_medium=api&utm_source=f5a79969
5773582555,"Director - Total Fund Management, Investment Analytics",Ontario Teachers' Pension Plan,"Toronto, Ontario",,,0,43.706102,-79.402726,"Opportunity As Director, Total Fund Management Investment Analytics, you will lead the end‑to‑end delivery of analytical solutions that support TFM portfolio construction, funding, and global trading capabilities. You will combine strategic direction with hands‑on product engineering leadership to build scalable solutions that deliver transparency, insight, and execution excellence across the Total Fund. This role integrates advanced analytics, modern engineering practices, and product operatin…",Accounting & Finance Jobs,accounting-finance-jobs,,,2026-06-23T09:49:40Z,https://www.adzuna.ca/details/5773582555?utm_medium=api&utm_source=f5a79969
5684284816,Manager/Sr. Manager - Supply Chain Analytics (CPG/Retail),Tiger Analytics Inc.,"Toronto, Ontario",,,0,43.706102,-79.402726,"Tiger Analytics is an advanced analytics consulting firm. We are the trusted analytics partner for several Fortune 100 companies, enabling them to generate business value from data. Our consultants bring deep expertise in Data Science, Machine Learning, and AI. Various market research firms, including Forrester and Gartner, have recognised our business value and leadership. We solve complex analytical problems at scale and have built a reputation for delivering valuable data-driven solutions ac…",IT Jobs,it-jobs,,full_time,2026-03-31T15:11:37Z,https://www.adzuna.ca/details/5684284816?utm_medium=api&utm_source=f5a79969
5763516007,Senior Fraud Strategy Lead,Finlink Group,"Toronto, Ontario",,,0,43.706102,-79.402726,"Job Description Job Description SENIOR FRAUD STRATEGY LEAD A growing digital payments environment needs sharp minds who can stay ahead of evolving fraud patterns. This role is built for someone who enjoys working at the intersection of data, risk, and product, turning complex transaction signals into clear, scalable protection strategies. You’ll play a central part in strengthening payment integrity while ensuring smooth, trusted experiences for users. This position focuses on designing and exe…",IT Jobs,it-jobs,,,2026-06-14T05:49:59Z,https://www.adzuna.ca/details/5763516007?utm_medium=api&utm_source=f5a79969
5744890048,"Vice President/Sr. Director, Data",Pebl,"Toronto, Ontario",200000.0,250000.0,0,43.706102,-79.402726,"Purpose in Every Position Pebl puts a world of talent at your fingertips. With our AI-powered Global Work Platform™, companies can hire, pay, and manage employees in 185 countries—removing risk, red tape, and guesswork from global growth. Backed by more than a decade of compliance leadership and local expertise, Pebl helps businesses move fast, stay compliant, and scale with confidence. With Pebl, companies everywhere can hire great talent anywhere. Where Your Work Moves the Needle. At Pebl, ev…",IT Jobs,it-jobs,,full_time,2026-05-29T16:59:25Z,https://www.adzuna.ca/details/5744890048?utm_medium=api&utm_source=f5a79969
5740037869,Client Experience Manager,Hermes,"Toronto, Ontario",90000.0,110000.0,0,43.706102,-79.402726,"Description Overview The Client Experience Manager (CX Manager) leads the Canadian strategy to deliver emotionally compelling interactions that reflect the brand's heritage of craftsmanship and enchantment. They oversee CRM initiatives and clienteling standards while ensuring regional operations align perfectly with global group policies. A major focus includes hosting key clients at exclusive events and traveling to major Hermès gatherings to cultivate authentic, long-term relationships. By an…",Sales Jobs,sales-jobs,,full_time,2026-05-24T16:58:00Z,https://www.adzuna.ca/details/5740037869?utm_medium=api&utm_source=f5a79969
5771649953,Data Analytical Specialist/Scientist - Senior,Bevertec,"Toronto, Ontario",,,0,43.706102,-79.402726,"Job Description Job Description Job Title: Data Analytical Specialist/Scientist - Senior Location: Hybrid – 3 days onsite / 2 days remote (subject to change) Contract: 6 month contract Pay Rate: $70 - $75/hr depending on experience. About the Role Our client is looking for an experienced Data Analytical Specialist/Scientist to join a high-performing Data Platform team. This team is responsible for delivering scalable, secure, and reliable data and cloud infrastructure solutions across the enter…",IT Jobs,it-jobs,contract,,2026-06-21T06:21:53Z,https://www.adzuna.ca/details/5771649953?utm_medium=api&utm_source=f5a79969
5782242798,"Senior Manager, Statistical Modelling & Advanced Analytics",Canadian Tire,"Toronto, Ontario",,,0,43.706102,-79.402726,"Canadian Tire Corporation is seeking a Senior Manager, Statistical Modelling & Advanced Analytics to lead high-impact statistical modelling work that shapes decisions across retail, customer, and loyalty. What You'll Do: Lead the design and development of advanced statistical and quantitative models using retail, customer, and loyalty data Apply methods such as forecasting, causal inference, experimentation, predictive modelling, segmentation, optimization, and statistical learning Partner clos…",IT Jobs,it-jobs,,,2026-06-30T11:07:42Z,https://www.adzuna.ca/details/5782242798?utm_medium=api&utm_source=f5a79969
5782239611,Python Developer with AWS Redshift,Atlantis IT Group,"Toronto, Ontario",,,0,43.706102,-79.402726,"Job Title: Python Developer with AWS RedshiftAbout the Role:We are seeking a highly motivated and skilled Python Developer with expertise in AWS Redshift to join our dynamic team. In this role, you will be responsible for designing, developing, and maintaining data pipelines and applications using Python and AWS Redshift. You will work closely with data engineers, data scientists, and business analysts to deliver high-quality data solutions that drive business decisions.Key Responsibilities:? D…",IT Jobs,it-jobs,contract,,2026-06-30T11:07:11Z,https://www.adzuna.ca/details/5782239611?utm_medium=api&utm_source=f5a79969
5773581452,"Director, Business Development - IT Staffing",Cynet Corp,"Toronto, Ontario",,,0,43.706102,-79.402726,"Join an award-winning and talented organization that delivers world-class healthcare workforce solutions. Working within a vibrant and passionate team of recruitment and sales professionals, you will bring your energy and enthusiasm to help grow the firm by ensuring the growth and smooth running of our multiline staffing operations. About the Role: We are seeking an accomplished and highly networked Director of Business Development to lead and accelerate our growth within the Canadian IT sector…",Sales Jobs,sales-jobs,,,2026-06-23T09:49:28Z,https://www.adzuna.ca/details/5773581452?utm_medium=api&utm_source=f5a79969
5773591487,"Director of Product, SEO & AEO",0017 eBay Canada Technology,"Toronto, Ontario",,,0,43.706102,-79.402726,"At eBay, we're more than a global ecommerce leader — we’re changing the way the world shops and sells. Our platform empowers millions of buyers and sellers in more than 190 markets around the world. We’re committed to pushing boundaries and leaving our mark as we reinvent the future of ecommerce for enthusiasts. Our customers are our compass, authenticity thrives, bold ideas are welcome, and everyone can bring their unique selves to work — every day. We're in this together, sustaining the futur…",IT Jobs,it-jobs,,,2026-06-23T09:51:12Z,https://www.adzuna.ca/details/5773591487?utm_medium=api&utm_source=f5a79969
5787423333,Data Engineer 1,Northbridge Financial Corporation,"Toronto, Ontario",,,0,43.706102,-79.402726,"What it's like to be a Northbridge Data Engineer The Data Engineer I is responsible for supporting the design and development of ETL/ELT code that extract and manipulate data from a variety of complex sources and populates the Enterprise Data Warehouse. We want your talent! If you are great at: Working with business systems analysts, solution designers, data architects to understand the business requirements. Identify, collect, organize, and source missing data in a complex data warehouse envir…",IT Jobs,it-jobs,permanent,full_time,2026-07-03T20:54:30Z,https://www.adzuna.ca/details/5787423333?utm_medium=api&utm_source=f5a79969
5790399305,Data & Analytics Engineer,Prophix,"Etobicoke, Toronto",100000.0,125000.0,0,43.663822,-79.544227,"See what you can do with Prophix At Prophix, we’re building the platform that helps finance teams stop managing spreadsheets and start driving strategy. Prophix One™ brings planning, reporting, consolidation, and automation together in a single place, and we are expanding its AI capabilities faster than ever. If you want to work on a product that genuinely changes how finance teams operate, and do it alongside people who care about getting it right, this is where you want to be. We’re headquart…",IT Jobs,it-jobs,,full_time,2026-07-06T19:35:26Z,https://www.adzuna.ca/details/5790399305?utm_medium=api&utm_source=f5a79969
5782232131,"Associate Director, Principal Data Engineer",RBC,"Toronto, Ontario",,,0,43.706102,-79.402726,"As a Data Engineering Solution Architect, you will join a highly talented team at RBC Capital Markets responsible for designing and delivering next‑generation data engineering platforms on Databricks. You will be the hands‑on technical anchor driving Proof of Concepts (POCs) through to full production delivery, working across large‑scale Spark‑based data pipelines, ML engineering workflows, and Delta Lake architectures. What will you do? Lead the end‑to‑end architecture, design, and hands‑on de…",IT Jobs,it-jobs,,,2026-06-30T11:05:39Z,https://www.adzuna.ca/details/5782232131?utm_medium=api&utm_source=f5a79969
5787894636,"Intermediate Data Engineer ( SQL, Databricks/ Snowflakes, DBT, Airflow)",Talent To Hire Inc.,"Toronto, Ontario",90000.0,110000.0,0,43.706102,-79.402726,"Job Description Job Description INTERMEDIATE DATA ENGINEER- Toronto ( 3 days downtown/Hybrid) Our client is interviewing to onboard an Intermediate Data Engineer to join their Data & Analytics team . We are looking for an Intermediate Data Engineer with proven track record working within the Financial sector. You’ll help build and optimize scalable data pipelines, support data governance, and enable advanced analytics across the organization. Be part of a high-impact team driving data innovatio…",IT Jobs,it-jobs,,,2026-07-04T05:58:36Z,https://www.adzuna.ca/details/5787894636?utm_medium=api&utm_source=f5a79969
5782245725,Senior Data Scientist- Marketing,Tiger Analytics,"Toronto, Ontario",,,0,43.706102,-79.402726,"Tiger Analytics is pioneering what AI and analytics can do to solve some of the toughest problems faced by organizations globally. We develop bespoke solutions powered by data and technology for several Fortune 100 companies. We have offices in multiple cities across the US, UK, India, and Singapore, and a substantial remote global workforce. We are also market leaders in AI and analytics consulting in the retail & CPG industry with over 40% of our revenues coming from the sector. This is our f…",IT Jobs,it-jobs,,,2026-06-30T11:08:23Z,https://www.adzuna.ca/details/5782245725?utm_medium=api&utm_source=f5a79969
5773581475,"Intermediate Data Engineer ( SQL, Databricks/ Snowflakes, DBT, Airflow)",TEEMA Solutions Group,"Toronto, Ontario",,,0,43.706102,-79.402726,"Overview DATA ENGINEER- Toronto ( 3 days downtown/Hybrid) Our client is interviewing to onboard a Data Engineer to join their Data & Analytics team . We are looking for an Intermediate Data Engineer with proven track record working within the Financial sector. You’ll help build and optimize scalable data pipelines, support data governance, and enable advanced analytics across the organization. Be part of a high-impact team driving data innovation in the wealth tech space. Responsibilities Desig…",IT Jobs,it-jobs,,,2026-06-23T09:49:28Z,https://www.adzuna.ca/details/5773581475?utm_medium=api&utm_source=f5a79969
5714290745,"Business Analyst, Capital Markets",Insight Global,"Toronto, Ontario",,,0,43.706102,-79.402726,"Job Description Insight Global is looking for a Business Analyst to support BAU operations for enterprise data platforms and products within the Capital Markets space for a large financial services organization. This role focuses on data quality, release support, and onboarding new data/products amid increased compliance and volume demands. We are a company committed to creating diverse and inclusive environments where people can bring their full, authentic selves to work every day. We are an e…",IT Jobs,it-jobs,,,2026-04-30T01:11:14Z,https://www.adzuna.ca/details/5714290745?utm_medium=api&utm_source=f5a79969
5787423415,Senior Site Reliability Engineer,Northbridge Financial Corporation,"Toronto, Ontario",,,0,43.706102,-79.402726,"What is it like to be a Senior Site Reliability Engineer at Northbridge Financial The Senior Site Reliability Engineer oversees the creation and implementation of Service Level Objectives (SLOs). The Senior SRE handles service reliability solutions and processes of increasing complexity, and are responsible for mentoring and leading less experienced SRE's. We want your talent If you are great at: Interface with systems analysts, solution designers, data architects, and business stakeholders, to…",IT Jobs,it-jobs,permanent,full_time,2026-07-03T20:54:32Z,https://www.adzuna.ca/details/5787423415?utm_medium=api&utm_source=f5a79969
5677741912,Workstream Tech Lead (Data Storage Architecture),Insight Global,"Toronto, Ontario",,,0,43.706102,-79.402726,"Job Description Insight Global is looking for a Workstream Tech Lead (Data Modernization & Consolidation Program) to join one of our largest banking clients on a 6-month contract. The successful candidate will be responsible for the following: - Lead end-to-end delivery of an assigned workstream within a large-scale data modernization and consolidation program. - Develop and manage workstream plans, timelines, resource allocation, and deliverables. - Coordinate cross-functional teams including …",IT Jobs,it-jobs,,,2026-03-25T00:51:15Z,https://www.adzuna.ca/details/5677741912?utm_medium=api&utm_source=f5a79969
5761200083,"Consultant, Data Engineer(Databricks)",Project X,"Toronto, Ontario",,,0,43.706102,-79.402726,"Job Description Job Description Company: Project X Ltd. Employment Type: Full Time Location: Toronto, Ontario (Hybrid working model) 3 Working days in Office Salary Range: $86,00- 125,000 CAD Annually Please note: We have two of the same postings as we have two open positions, please only apply to one posting. About Project X Ltd. Project X Ltd. builds high-performing teams of talented, client-focused problem solvers who thrive on complex data challenges. Guided by our values of Care, Bravery, …",IT Jobs,it-jobs,,full_time,2026-06-12T05:52:36Z,https://www.adzuna.ca/details/5761200083?utm_medium=api&utm_source=f5a79969
5769852754,"Analyst, Acquisition Optimization",TD Bank,"Toronto, Ontario",,,0,43.706102,-79.402726,"Work Location Toronto, Ontario, Canada Hours 37.5 Line of Business Business Management, Strategy & Support Pay Details $69,700 - $98,400 CAD TD is committed to providing fair and equitable compensation opportunities to all colleagues. Growth opportunities and skill development are defining features of the colleague experience at TD. Our compensation policies and practices have been designed to allow colleagues to progress through the salary range over time as they progress in their role. The ba…",IT Jobs,it-jobs,,,2026-06-19T18:29:10Z,https://www.adzuna.ca/details/5769852754?utm_medium=api&utm_source=f5a79969
5772896057,Head of Data Science & Analytics,Big Viking Games,"Toronto, Ontario",190000.0,230000.0,0,43.706102,-79.402726,"About Big Viking Games Big Viking Games is a Canadian gaming company focused on building, operating, and growing engaging online game experiences. Our teams work across product, technology, live operations, monetization, player experience, and content to create games and communities that last. We are entering a new phase of growth and modernization, with a focus on stronger data visibility, better decision-making, improved operational discipline, and practical adoption of AI across the business…",IT Jobs,it-jobs,,full_time,2026-06-22T18:29:45Z,https://www.adzuna.ca/details/5772896057?utm_medium=api&utm_source=f5a79969
5782243969,RQ09219 - Business Analyst,Rubicon Path,"Toronto, Ontario",,,0,43.706102,-79.402726,"About the job RQ09219 - Business Analyst Scope The Office of the Public Guardian and Trustee (OPGT) requires a Senior Business Analysts to assist with report development for the new data warehouse/lakehouse and associated data migration activities. As a member of the data migration and reporting team, you will be responsible to build and deliver modernized reports from the new data warehouse/lakehouse and assist with the data migration from the existing legacy applications to the new Dynamics 3…",IT Jobs,it-jobs,,,2026-06-30T11:07:56Z,https://www.adzuna.ca/details/5782243969?utm_medium=api&utm_source=f5a79969
5782243069,"Lead AI Engineer, NLQ & Agentic Systems",Upwork,"Toronto, Ontario",,,0,43.706102,-79.402726,"As a Lead AI Engineer on our Data Platform & Services (DPS) team, you will bridge deep data engineering expertise with emerging AI capabilities to build production‑grade AI‑powered systems. You’ll design and deploy agentic frameworks, natural language querying (NLQ) capabilities, and prompt/LLM evaluation strategies that unlock insights at scale across Upwork. This is an opportunity to deliver tangible impact, enabling faster decision‑making, democratizing data access, and empowering analysts a…",IT Jobs,it-jobs,,,2026-06-30T11:07:45Z,https://www.adzuna.ca/details/5782243069?utm_medium=api&utm_source=f5a79969
5782240244,Advanced Analytics Specialist,Green Shield Canada ,"Toronto, Ontario",,,0,43.706102,-79.402726,"WHO WE ARE When it comes to health, we’re always looking for ways to push for better. It’s why we were founded in the first place. In 1957, our founder, pharmacist William Wilkinson, witnessed a mother sacrifice her health by forgoing her own medicine to pay for her sick daughter’s prescription. He knew there had to be a better way. So, he introduced North America’s first prepaid drug plan, and GreenShield was born as a not-for-profit with a mission to support better health for all Canadians. W…","PR, Advertising & Marketing Jobs",pr-advertising-marketing-jobs,,,2026-06-30T11:07:18Z,https://www.adzuna.ca/details/5782240244?utm_medium=api&utm_source=f5a79969
5782247598,Salesforce Solutions Architect – Workflow Migration,Recrute Action,"Toronto, Ontario",,,0,43.706102,-79.402726,"Salesforce Solutions Architect – Workflow Migration Innovative opportunity in the insurance sector for a data architecture expert to design scalable cloud-based solutions, lead workflow management initiatives, and drive AI-enabled data processing. This role offers exposure to modern data platforms, cross-functional leadership, and high-impact projects in a dynamic environment. What is in it for you Salaried: $60-69 per hour. Incorporated Business Rate: $70-80 per hour. 6-month contract with the…",IT Jobs,it-jobs,contract,,2026-06-30T11:08:56Z,https://www.adzuna.ca/details/5782247598?utm_medium=api&utm_source=f5a79969
5782556723,Senior Associate (m/f/d) Index Management – Equity Rebalance,Solactive AG,"Church and Wellesley, City of Toronto",,,0,43.67054,-79.38507,"Company Description Solactive AG is a FinTech company operating globally and growing at a fast pace, headquartered in Frankfurt. Since 2007, we develop tailor-made and multi-asset class index solutions for ETFs and other index-linked investment products for the leading global investment banks and asset managers as our clients. Flexibility, efficiency and providing the highest quality are at the heart and soul of our business philosophy. We are now hiring! Job Overview We’re looking for an analy…",Accounting & Finance Jobs,accounting-finance-jobs,,full_time,2026-06-30T18:26:30Z,https://www.adzuna.ca/details/5782556723?utm_medium=api&utm_source=f5a79969
5791502443,Senior Associate (m/f/d) Equity Index Client Operations,Solactive AG,"Church and Wellesley, City of Toronto",,,0,43.67054,-79.38507,"Company Description Since its foundation in 2007, Solactive AG has evolved into one of the world’s most important and fastest-growing index providers. From our headquarters in Frankfurt, we power global investment products across ETFs, structured products, and mandates. Our reputation is built on innovation, speed, flexibility, and strong partnerships. Job Overview We’re looking for an analytically minded professional with experience in index management, ETFs, or capital markets and a passion f…",IT Jobs,it-jobs,,full_time,2026-07-07T19:00:26Z,https://www.adzuna.ca/details/5791502443?utm_medium=api&utm_source=f5a79969
5788459872,"Senior Analytics Engineer, Analytics Enablement",Fullscript,"Toronto, Ontario",110000.0,140000.0,0,43.706102,-79.402726,"About Fullscript We’re an industry-leading health technology company on a mission to help people get better. We started in 2011 with one simple idea. Make it easier for practitioners to access the products they trust so they can deliver better care. That simple idea grew into a platform that powers every part of care. Today, more than 125,000 practitioners use Fullscript for clinical insights, lab interpretations, patient analytics, education, and access to high-quality supplements. Over 10 mil…",IT Jobs,it-jobs,,full_time,2026-07-04T18:07:15Z,https://www.adzuna.ca/details/5788459872?utm_medium=api&utm_source=f5a79969
5751082826,Staff Data Scientist – Decision Intelligence,Xanadu,"Toronto, Ontario",,,0,43.706102,-79.402726,"About Xanadu: Xanadu’s mission is to build quantum computers that are useful and available to people everywhere. At Xanadu, we are learners, innovators, researchers, collaborators and problem solvers. We are creating something that has never been built before. What we are doing is extremely hard, the classic moon shot. Few people in their life will be able to be a part of something like this, where if we are successful, the technologies we develop will solve some of the world’s most challenging…",IT Jobs,it-jobs,,full_time,2026-06-03T17:01:57Z,https://www.adzuna.ca/details/5751082826?utm_medium=api&utm_source=f5a79969
5789951093,Director of Pricing,Clutch,"Toronto, Ontario",,,0,43.706102,-79.402726,"About the role We are on a mission to build a world‑class team that drives innovation, growth, and excellence. As we scale rapidly, we are looking for a strategic, analytical Director of Pricing to build and lead a high‑performing pricing team while driving pricing strategy and execution for the Sell to Clutch and Vehicle Markets Group . This high‑impact role will be responsible for pricing across our acquisition and retail channels to boost profitability, customer conversion, and operational e…",Healthcare & Nursing Jobs,healthcare-nursing-jobs,permanent,full_time,2026-07-06T09:56:47Z,https://www.adzuna.ca/details/5789951093?utm_medium=api&utm_source=f5a79969
5782246097,Data Scientist III,TD Bank,"Toronto, Ontario",,,0,43.706102,-79.402726," Data Scientist IIIApplyremote type: On Sitelocations: Toronto, Ontariotime type: Full timeposted on: Posted Todaytime left to apply: End Date: July 10, 2026 (17 days left to apply)job requisition id: R\\_1484506Work Location:Toronto, Ontario, CanadaHours:37.5Line of Business:Analytics, Insights, & Artificial IntelligencePay Details:96,900 - 136,800 CADTD is committed to providing fair and equitable compensation opportunities to all colleagues. Growth opportunities and skill development are def…",IT Jobs,it-jobs,,full_time,2026-06-30T11:08:29Z,https://www.adzuna.ca/details/5782246097?utm_medium=api&utm_source=f5a79969
5672231024,SAP HCM Tester (ECC to S/4),Technitask,"Toronto, Ontario",25.0,50.0,0,43.706102,-79.402726,"Why Technitask Technitask is a Canadian company and a trusted provider of IT management, systems integration, software delivery, and consulting services. Our expert team of SAP functional consultants, developers, project managers, data engineers, and security analysts create value for customers in the utilities, telecommunications, and public services sectors. We work with our clients to discover and define business problems, then collaborate with them to implement people, process, and technolo…",IT Jobs,it-jobs,,full_time,2026-03-19T16:10:46Z,https://www.adzuna.ca/details/5672231024?utm_medium=api&utm_source=f5a79969
5773585519,Director of Pricing,Clutch Technologies Inc.,"Toronto, Ontario",,,0,43.706102,-79.402726,"We’re on a mission to reinvent the way people buy, sell, and own cars. Are you game? Clutch is Canada’s largest online used car retailer, delivering a seamless, hassle‑free car‑buying experience to drivers everywhere. Customers can browse hundreds of cars from the comfort of their home, get the right one delivered to their door, and enjoy peace of mind with our 10‑Day Money‑Back Guarantee… and that’s just the beginning. Named two years in a row to the Globe & Mail’s list of the Top Growing Comp…",IT Jobs,it-jobs,,,2026-06-23T09:50:10Z,https://www.adzuna.ca/details/5773585519?utm_medium=api&utm_source=f5a79969
5662792452,Staff Analytics Engineer,Passage,"Toronto, Ontario",,,0,43.706102,-79.402726,"Who we are Who we are: We build technology that removes barriers blocking talent from opportunity, combining the latest advancements in AI with human judgment. How we expand access: Access isn't real if it's unaffordable. Through our sister company, Passage Funding, we provide financing for international students. What we believe: Access to opportunity should not be determined by geography, gender, or wealth. We reinvest a portion of our profits to support those cut off from education - includi…",IT Jobs,it-jobs,,full_time,2026-03-12T16:18:07Z,https://www.adzuna.ca/details/5662792452?utm_medium=api&utm_source=f5a79969
5758347820,Staff Analytics Engineer,Passage,"Toronto, Ontario",,,0,43.706102,-79.402726,"Job Description Job Description Who we are Who we are: We build technology that removes barriers blocking talent from opportunity, combining the latest advancements in AI with human judgment. How we expand access: Access isn't real if it's unaffordable. Through our sister company, Passage Funding, we provide financing for international students. What we believe: Access to opportunity should not be determined by geography, gender, or wealth. We reinvest a portion of our profits to support those …",IT Jobs,it-jobs,,,2026-06-10T06:29:40Z,https://www.adzuna.ca/details/5758347820?utm_medium=api&utm_source=f5a79969
5685954324,Manager/ Sr. Manager - Data Product Manager,Tiger Analytics Inc.,"Toronto, Ontario",,,0,43.706102,-79.402726,"Tiger Analytics is an advanced analytics consulting firm. We are the trusted analytics partner for several Fortune 100 companies, enabling them to generate business value from data. Our consultants bring deep expertise in Data Science, Machine Learning, and AI. Our business value and leadership have been recognized by various market research firms, including Forrester and Gartner. We are seeking a strategic and execution-focused Data Product Manager to lead the development, modernisation, and s…",IT Jobs,it-jobs,,full_time,2026-04-01T15:21:33Z,https://www.adzuna.ca/details/5685954324?utm_medium=api&utm_source=f5a79969
5750947915,Lead Data Engineer,Xanadu,"Toronto, Ontario",,,0,43.706102,-79.402726,"About Xanadu: Xanadu’s mission is to build quantum computers that are useful and available to people everywhere. At Xanadu, we are learners, innovators, researchers, collaborators and problem solvers. We are creating something that has never been built before. What we are doing is extremely hard, the classic moon shot. Few people in their life will be able to be a part of something like this, where if we are successful, the technologies we develop will solve some of the world’s most challenging…",IT Jobs,it-jobs,,full_time,2026-06-03T16:45:32Z,https://www.adzuna.ca/details/5750947915?utm_medium=api&utm_source=f5a79969
5791025010,Technical Project Manager (Toronto),Capgemini Sogeti,"Toronto, Ontario",,,0,43.706102,-79.402726,"Job Summary We are seeking an experienced Technical Project Manager with strong Big Data expertise to lead the planning, execution, and delivery of data-driven initiatives. The ideal candidate will bridge the gap between business stakeholders and technical teams managing complex data engineering and analytics projects while ensuring timely and high-quality delivery. Key Responsibilities Lead end-to-end delivery of Big Data and analytics projects across multiple teams. Define project scope, goal…",IT Jobs,it-jobs,,,2026-07-07T10:00:12Z,https://www.adzuna.ca/details/5791025010?utm_medium=api&utm_source=f5a79969
5780133952,RQ10947 - Sr. Business Analyst (Dynamics 3654 CE & F&O),Source Code,"Toronto, Ontario",,,0,43.706102,-79.402726,Job Description Job Description RQ10947 - Sr. Business Analyst 10 month contract (206 business days) - 2 possible extensions ONSITE 5 days - 21 College Street Security Level: CRJMC  Credit Check Must-haves: 10 years of experience leading and conducting business and system analysis to assess clients' business problems/opportunities and document the business/system requirements in such a way that I&IT solutions can be designed. Proven experience in both agile and waterfall project management meth…,IT Jobs,it-jobs,contract,,2026-06-28T06:17:19Z,https://www.adzuna.ca/details/5780133952?utm_medium=api&utm_source=f5a79969
5780132541,RQ10948 - 2 x Sr. Business Analyst,Source Code,"Toronto, Ontario",,,0,43.706102,-79.402726,Job Description Job Description RQ10948 - 2 x Sr. Business Analyst 2 openings - 2 submissions 10 month contract (206 business days) - 2 possible extensions ONSITE 5 days - 21 College Street Security Level: CRJMC  Credit Check Must-haves: 10 years of experience leading and conducting business and system analysis to assess clients' business problems/opportunities and document the business/system requirements in such a way that I&IT solutions can be designed. Proven experience in both agile and wa…,IT Jobs,it-jobs,contract,,2026-06-28T06:13:21Z,https://www.adzuna.ca/details/5780132541?utm_medium=api&utm_source=f5a79969
5782237550,Test Automation Specialist,"LanceSoft, Inc.","Toronto, Ontario",,,0,43.706102,-79.402726,"Get AI-powered advice on this job and more exclusive features. Direct message the job poster from LanceSoft, Inc. Tech Talent Acquisition Specialist | Tailoring Talent Solutions to Meet Business Needs | Specializing in IT and FinTech Industry"" Location Address: Hybrid - 333 King Street E - expected to come into office 4 per week – needs candidates in the GTA. Contract Duration: 5 months (Possibility of extension Typical Day in Role: Collaborate closely with a team of backend API developers, bus…",IT Jobs,it-jobs,contract,,2026-06-30T11:06:33Z,https://www.adzuna.ca/details/5782237550?utm_medium=api&utm_source=f5a79969
5655987906,"Data Science Manager, Rider Experience",Lyft,"Toronto, Ontario",,,0,43.706102,-79.402726,"At Lyft, our purpose is to serve and connect. We aim to achieve this by cultivating a work environment where all team members belong and have the opportunity to thrive. Data Science & Analytics is at the heart of Lyft's products and decision-making. The Rider Experience team sits at the center of how millions of riders discover, choose, and return to Lyft. We are hiring a Data Science Manager to lead our Toronto-based science & analytics team that turns rider behavior into product strategy. Thi…",IT Jobs,it-jobs,,,2026-03-05T23:43:32Z,https://www.adzuna.ca/details/5655987906?utm_medium=api&utm_source=f5a79969
5782241207,Senior Business Analyst,Randstad Canada,"Toronto, Ontario",,,0,43.706102,-79.402726,"Do you have proven experience in both agile and waterfall project management methodologies? Do you have proven experience in conducting business and system analysis in respect to building data marts/data warehouses/data lakehouse or Business Intelligence/Data Analytics and Reporting solutions? If so, this would be a great opportunity for you! Our client is looking for a Senior Business Analyst for a 6 month contract in Toronto. This is a hybrid role 3 days per week onsite. Advantages · Hybrid r…",IT Jobs,it-jobs,contract,,2026-06-30T11:07:27Z,https://www.adzuna.ca/details/5782241207?utm_medium=api&utm_source=f5a79969
5707429176,Staff Software Engineer - MTS2,eBay,"Toronto, Ontario",,,0,43.706102,-79.402726,"At eBay, we're more than a global ecommerce leader — we’re changing the way the world shops and sells. Our platform empowers millions of buyers and sellers in more than 190 markets around the world. We’re committed to pushing boundaries and leaving our mark as we reinvent the future of ecommerce for enthusiasts. Our customers are our compass, authenticity thrives, bold ideas are welcome, and everyone can bring their unique selves to work — every day. We're in this together, sustaining the futur…",Engineering Jobs,engineering-jobs,,full_time,2026-04-22T16:25:21Z,https://www.adzuna.ca/details/5707429176?utm_medium=api&utm_source=f5a79969
5775392906,Salesforce Product Manager,The Citco Group,"Toronto, Ontario",,,0,43.706102,-79.402726,"Description About Citco: The market leader. The premier provider. The best in the business. At Citco, we’ve been the front-runner in our field since our incorporation in 1948 led to the evolution of the asset servicing sector itself. This pioneering spirit continues to guide us today as we innovate and expand, push beyond the boundaries of our industry, and shape its future. From working exclusively with hedge funds to serving all alternatives, corporations and private clients, our organization…",IT Jobs,it-jobs,,full_time,2026-06-24T17:08:27Z,https://www.adzuna.ca/details/5775392906?utm_medium=api&utm_source=f5a79969
5782241758,RQ09452 - Business Analyst - Senior,Source Code,"Toronto, Ontario",,,0,43.706102,-79.402726,"Justice Technology Services -Ministry of Public and Business Service Delivery and Procurement Security Level: CRJMC  Credit Check Scope The Office of the Public Guardian and Trustee (OPGT) requires a Senior Business Analysts to assist with report development for the new data warehouse/lakehouse and associated data migration activities. As a member of the OPGT modernization data analytics and reporting team, you will be responsible to build and deliver modernized reports from the new data wareho…",IT Jobs,it-jobs,,,2026-06-30T11:07:32Z,https://www.adzuna.ca/details/5782241758?utm_medium=api&utm_source=f5a79969
5556469232,Director of Pricing,Clutch Technologies,"Toronto, Ontario",,,0,,,"About Clutch: We’re on a mission to reinvent the way people buy, sell, and own cars. Are you game? Clutch is Canada’s largest online used car retailer, delivering a seamless, hassle-free car-buying experience to drivers everywhere. Customers can browse hundreds of cars from the comfort of their home, get the right one delivered to their door, and enjoy peace of mind with our 10-Day Money-Back Guarantee… and that’s just the beginning. Named five years in a row to the Globe & Mail’s list of the T…",IT Jobs,it-jobs,permanent,full_time,2025-12-26T14:04:22Z,https://www.adzuna.ca/details/5556469232?utm_medium=api&utm_source=f5a79969
5774295500,Principal Product Manager - Search Relevance (Remote - Canada),"Yelp, Inc.","Toronto, Ontario",,,0,43.706102,-79.402726,"Yelp is the ultimate guide to local living. We connect people with great businesses in their neighborhoods. Yelp boasts a robust ecosystem with hundreds of millions of users and an equally vast number of businesses. As a Technical Product Leader for Search, you will lead the development and optimization of cutting-edge algorithms and systems that enable consumer engagement. You will work closely with a team of talented engineers to design, implement, and iterate on personalized, context-aware b…",Scientific & QA Jobs,scientific-qa-jobs,,full_time,2026-06-23T22:55:23Z,https://www.adzuna.ca/details/5774295500?utm_medium=api&utm_source=f5a79969
5772466905,Director of Pricing,Clutch Technologies Inc.,"Toronto, Ontario",,,0,43.706102,-79.402726,"Job Description Job Description About Clutch: We're on a mission to reinvent the way people buy, sell, and own cars. Are you game? Clutch is Canada's largest online used car retailer, delivering a seamless, hassle-free car-buying experience to drivers everywhere. Customers can browse hundreds of cars from the comfort of their home, get the right one delivered to their door, and enjoy peace of mind with our 10-Day Money-Back Guarantee… and that's just the beginning. Named five years in a row to …",IT Jobs,it-jobs,permanent,full_time,2026-06-22T06:33:56Z,https://www.adzuna.ca/details/5772466905?utm_medium=api&utm_source=f5a79969
5656543158,Senior Analytics Engineer - Marketplace,Faire,"Toronto, Ontario",171000.0,235500.0,0,43.706102,-79.402726,"About Faire Faire is a technology wholesale platform built on the belief that the future is local. Independent retailers around the globe collectively represent a multi-hundred-billion-dollar wholesale market that has historically been fragmented and offline. At Faire, we're using the power of tech, data, and machine learning to connect this thriving community of entrepreneurs across the globe. Picture your favorite boutique in town — we help them discover the best products from around the worl…",Engineering Jobs,engineering-jobs,,full_time,2026-03-06T14:55:49Z,https://www.adzuna.ca/details/5656543158?utm_medium=api&utm_source=f5a79969
5774628470,Head of Data Science & Analytics,Big Viking Games,"Toronto, Ontario",,,0,43.706102,-79.402726,"Job Description Job Description About Big Viking Games Big Viking Games is a Canadian gaming company focused on building, operating, and growing engaging online game experiences. Our teams work across product, technology, live operations, monetization, player experience, and content to create games and communities that last. We are entering a new phase of growth and modernization, with a focus on stronger data visibility, better decision-making, improved operational discipline, and practical ad…",IT Jobs,it-jobs,,,2026-06-24T05:58:17Z,https://www.adzuna.ca/details/5774628470?utm_medium=api&utm_source=f5a79969
5667887364,Data and AI Engineering Manager - Core Digital Products,Sanofi,"Toronto, Ontario",125300.0,208800.0,0,43.706102,-79.402726,"Reference No. R2844668 Position Title: Data and AI Engineering Manager - Core Digital Products Department: Data Mesh, Analytics & Governance Platforms Location: Toronto, ON About the Job Ready to grow your skills while helping shape the future of healthcare? At Sanofi, you’ll be empowered to learn, ask questions, and bring your ideas to life – all while supported by inspiring mentors and collaborative team Sanofi has recently embarked into a vast and ambitious digital transformation program. A …",IT Jobs,it-jobs,,full_time,2026-03-15T16:04:30Z,https://www.adzuna.ca/details/5667887364?utm_medium=api&utm_source=f5a79969
5751100098,Head of Data,7shifts,"Toronto, Ontario",210000.0,260000.0,0,43.706102,-79.402726,"7shifts is a scheduling and payroll platform designed to help restaurant teams thrive. With an easy-to-use app and industry-specific solutions, 7shifts saves time, reduces errors, and helps keep costs in check for over 55,000 restaurants. Our mission is to simplify team management and improve performance for restaurants, with a long-term vision of creating a thriving restaurant industry through the power of connected & engaged teams. As Head of Data at 7shifts, you'll own the data function end-…",IT Jobs,it-jobs,,,2026-06-03T17:05:51Z,https://www.adzuna.ca/details/5751100098?utm_medium=api&utm_source=f5a79969
5791028337,Business Analyst – Senior (Toronto),Innosystech,"Toronto, Ontario",,,0,43.706102,-79.402726,"Job Title: Business Analyst – Senior Location: Toronto, Ontario Work Model: Onsite Security Clearance: CRJMC  Credit Check Submission Deadline: 2026-06-22, 3:00 p.m. Responsibilities The Office of the Public Guardian and Trustee (OPGT) requires a Senior Business Analyst to assist with report development for the new data warehouse/lakehouse and associated data migration activities. Build and deliver modernized reports from the new data warehouse/lakehouse. Lead and conduct business and system an…",IT Jobs,it-jobs,,,2026-07-07T10:00:31Z,https://www.adzuna.ca/details/5791028337?utm_medium=api&utm_source=f5a79969
5539952381,Sales Lead (SAP),Technitask,"Toronto, Ontario",120000.0,175000.0,0,43.706102,-79.402726,"Why Technitask Technitask is a Canadian company and a trusted provider of IT management, systems integration, software delivery, and consulting services. Our expert team of SAP functional consultants, developers, project managers, data engineers, and security analysts create value for customers in the utilities, telecommunications, and public services sectors. We work with our clients to discover and define business problems, then collaborate with them to implement people, process, and technolo…",Sales Jobs,sales-jobs,,full_time,2025-12-12T14:03:36Z,https://www.adzuna.ca/details/5539952381?utm_medium=api&utm_source=f5a79969
5443587004,Digital Marketing Analytics Manager,Insight Global,"North York, Toronto",,,0,43.75104,-79.425932,"Job Description Insight Global is seeking a Digital Marketing Analytics Manager to join a top retail e-commerce client for a permanent position. The Manager will lead the strategy, execution, and optimization of data-driven insights across our digital advertising programs. This role is critical in shaping how we measure performance, allocate media investments, and optimize campaigns across paid channels including Search (Google Ads), Social (Meta, TikTok), Display (DV360), and Affiliates. You w…","PR, Advertising & Marketing Jobs",pr-advertising-marketing-jobs,,,2025-10-11T19:23:52Z,https://www.adzuna.ca/details/5443587004?utm_medium=api&utm_source=f5a79969
5707466518,Staff Software Engineer - MTS1,eBay,"Toronto, Ontario",,,0,43.706102,-79.402726,"At eBay, we're more than a global ecommerce leader — we’re changing the way the world shops and sells. Our platform empowers millions of buyers and sellers in more than 190 markets around the world. We’re committed to pushing boundaries and leaving our mark as we reinvent the future of ecommerce for enthusiasts. Our customers are our compass, authenticity thrives, bold ideas are welcome, and everyone can bring their unique selves to work — every day. We're in this together, sustaining the futur…",Engineering Jobs,engineering-jobs,,full_time,2026-04-22T16:29:50Z,https://www.adzuna.ca/details/5707466518?utm_medium=api&utm_source=f5a79969
5751038895,Data Engineer,RAVL,"Toronto, Ontario",100000.0,150000.0,0,43.706102,-79.402726,"RAVL helps technologists accelerate their careers. At RAVL, we connect strategy with execution, care deeply about the people we work with, and measure success by the lasting impact we leave behind. Our purpose is to build a team that puts real, sustainable business outcomes at the core of everything we do. We’re here to leave our clients better than we found them, and to create a place where our people are proud to Build. Better. As a Data Engineer at RAVL, you’ll design, build, and operate the…",IT Jobs,it-jobs,,full_time,2026-06-03T16:55:21Z,https://www.adzuna.ca/details/5751038895?utm_medium=api&utm_source=f5a79969
5771663938,Account Executive - Capital Markets,Fiscal.ai,"Toronto, Ontario",,,0,43.706102,-79.402726,"Job Description Job Description Account Executive — Capital Markets Base: $100,000 - $150,000 | OTE: $200,000 - $300,000 (Uncapped) | Equity Included | 2 Openings Location: Hybrid — 3 days/week, Toronto HQ | Remote considered for exceptional performers ABOUT FISCAL.AI Fiscal.ai is a leading research and data platform built for capital markets professionals. Combining a high-performance research Terminal with a modern, near-real-time fundamentals API and MCP server, Fiscal.ai is redefining finan…",Sales Jobs,sales-jobs,,,2026-06-21T06:34:45Z,https://www.adzuna.ca/details/5771663938?utm_medium=api&utm_source=f5a79969
5782237891,Manager BI & Analytics,"Rogers Communications, Inc.","Toronto, Ontario",,,0,43.706102,-79.402726,"Company Overview We are committed to connecting Canadians through unique partnerships, our world‑class network and content Canadians love—and our innovative team is growing. We are looking for dedicated team members to join our Corporate team who have a genuine passion for making positive impacts on customers and the communities where we live and work. We have a variety of business units with exciting and meaningful work waiting for you, including Communications, HR, Legal and Corporate Affairs…",Accounting & Finance Jobs,accounting-finance-jobs,,full_time,2026-06-30T11:06:36Z,https://www.adzuna.ca/details/5782237891?utm_medium=api&utm_source=f5a79969
5782235405,Senior Staff Applied ML Engineer,Kaseya Limited,"Toronto, Ontario",,,0,43.706102,-79.402726,"Overview We’re hiring Applied ML Engineers to partner with multiple product teams to extract insights from data and build AI-powered features and automated workflows across the product suite. In this role, you will both: Enable product teams: teach, coach, and guide them on data and ML best practices Lead by example: do complex data analysis and ML modeling, architecture, and implementation work as needed to accelerate teams while mentoring more junior data/ML folks. You’ll own the data analysi…",IT Jobs,it-jobs,,,2026-06-30T11:06:12Z,https://www.adzuna.ca/details/5782235405?utm_medium=api&utm_source=f5a79969
5782235451,Sales Lead (SAP),Technitask,"Toronto, Ontario",,,0,43.706102,-79.402726,"Why Technitask Technitask is a Canadian company and a trusted provider of IT management, systems integration, software delivery, and consulting services. Our expert team of SAP functional consultants, developers, project managers, data engineers, and security analysts create value for customers in the utilities, telecommunications, and public services sectors. We work with our clients to discover and define business problems, then collaborate with them to implement people, process, and technolo…",Sales Jobs,sales-jobs,,,2026-06-30T11:06:13Z,https://www.adzuna.ca/details/5782235451?utm_medium=api&utm_source=f5a79969
5780128442,"Manager, Business Analysis (Core Lending Platform)",Financeit,"Toronto, Ontario",,,0,43.706102,-79.402726,"Job Description Job Description Financeit is a point-of-sale financing provider serving some of the largest home improvement and retail organizations in Canada. Our platform helps businesses close more sales by offering customers affordable monthly payment options for their next big home improvement, vehicle or retail purchase. We are small enough that you can make an impact within the company and large enough to make an impact in the market. Financeit is a company where collaboration, inclusiv…",Accounting & Finance Jobs,accounting-finance-jobs,contract,full_time,2026-06-28T06:06:49Z,https://www.adzuna.ca/details/5780128442?utm_medium=api&utm_source=f5a79969
5564908816,MFL Robotics Data Analysis Manager (Toronto),Poly Services Group,"Toronto, Ontario",,,0,43.706102,-79.402726,"Job Description As a fast-growing global company offering inspection, industrial and environmental services to the energy industry, our client develops their own high-tech equipment and software and use this technology to execute projects worldwide. They support the energy industry to use natural resources efficiently, safely, and responsibly. Together they get the job done and contribute to a safer and more sustainable world. Our client is growing and looking for people who have the right stuf…",Engineering Jobs,engineering-jobs,,full_time,2026-01-02T14:22:46Z,https://www.adzuna.ca/details/5564908816?utm_medium=api&utm_source=f5a79969
5789957648,Senior kdb Engineer,Data Intellect,"Toronto, Ontario",,,0,43.706102,-79.402726,"Join the world’s largest kdb Consultancy where every query matters, every millisecond counts and every system you build shapes the future of data-driven finance. At Data Intellect , we thrive on solving complex data challenges in high-stakes environments. We’re a team of engineers, problem-solvers and collaborators who believe in pushing boundaries, not egos. If you're a proficient kdb developer ready to lead, innovate and make an impact, we want to hear from you. Job Description As a Senior kd…",IT Jobs,it-jobs,,,2026-07-06T09:57:28Z,https://www.adzuna.ca/details/5789957648?utm_medium=api&utm_source=f5a79969
5776844053,"Analyst, Marketing Analytics",Edelman PR Worldwide Canada In,"Toronto, Ontario",50000.0,67000.0,0,,,"Edelman is a voice synonymous with trust, reimagining a future where the currency of communication is action. Our culture thrives on three promises: boldness is possibility, empathy is progress, and curiosity is momentum. At Edelman, we understand diversity, equity, inclusion and belonging (DEIB) transform our colleagues, our company, our clients, and our communities. We are in relentless pursuit of an equitable and inspiring workplace that is respectful of all, reflects and represents the worl…","PR, Advertising & Marketing Jobs",pr-advertising-marketing-jobs,,full_time,2026-06-25T17:16:11Z,https://www.adzuna.ca/details/5776844053?utm_medium=api&utm_source=f5a79969
5782235332,"Principal Data Engineer, User Success","Autodesk, Inc.","Toronto, Ontario",,,0,43.706102,-79.402726,"Position Overview At Autodesk, we do what no other company can: we help our customers design and make anything. The Experience Foundations team at Autodesk plays a critical role in designing the experiences that make that mission a reality, especially in this transformative moment where seamless digital experiences and AI‑powered innovation will empower customers and teams to achieve meaningful outcomes faster. The Principal Data Engineer will report to Director of Growth and Data Science in th…",Engineering Jobs,engineering-jobs,,,2026-06-30T11:06:12Z,https://www.adzuna.ca/details/5782235332?utm_medium=api&utm_source=f5a79969
5782231517,"Principal Data Engineer, User Success (Agentic Experiences)","Autodesk, Inc.","Toronto, Ontario",,,0,43.706102,-79.402726,"Position Overview At Autodesk, we do what no other company can: we help our customers design and make anything. The Experience Foundations team plays a critical role in designing the experiences that make that mission a reality, especially in this transformative moment where seamless digital experiences and AI‑powered innovation will empower customers and teams to achieve meaningful outcomes faster. The Principal Data Engineer will report to the Director of Growth and Data Science in the Experi…",Engineering Jobs,engineering-jobs,,,2026-06-30T11:05:32Z,https://www.adzuna.ca/details/5782231517?utm_medium=api&utm_source=f5a79969
5773583788,Associate Principal/Cybersecurity & Incident Response (Forensic Services practice),Charles River Associates,"Toronto, Ontario",,,0,43.706102,-79.402726,"Associate Principal/Cybersecurity & Incident Response (Forensic Services practice) Join to apply for the Associate Principal/Cybersecurity & Incident Response (Forensic Services practice) role at Charles River Associates. Position Overview CRA’s Forensic Services practice supports companies’ commitment to integrity by assisting them and their counsel in independently responding to allegations of fraud, waste, abuse, misconduct, and non-compliance. We deploy cross-trained teams of forensic profe…",IT Jobs,it-jobs,,,2026-06-23T09:49:52Z,https://www.adzuna.ca/details/5773583788?utm_medium=api&utm_source=f5a79969
5782244395,Analyst/Associate - Litigation (Life Sciences practice),Charles River Associates,"Toronto, Ontario",,,0,43.706102,-79.402726,"Toronto, ON, Canada About Charles River Associates Charles River Associates is a leading global consulting firm that provides economic, financial, and business management expertise to major law firms, corporations and governments around the world. CRA advises clients on economic and financial matters pertaining to litigation and regulatory proceedings, and guides corporations through critical business strategy and performance-related issues. Since 1965, clients have engaged CRA for its combinat…",Consultancy Jobs,consultancy-jobs,contract,,2026-06-30T11:08:01Z,https://www.adzuna.ca/details/5782244395?utm_medium=api&utm_source=f5a79969
5782234876,"Manager, Underwriting & Valuations Strategy Analyst Lead",Capital One,"Toronto, Ontario",,,0,43.706102,-79.402726,"Manager, Underwriting & Valuations Strategy Analyst Lead Join to apply for the Manager, Underwriting & Valuations Strategy Analyst Lead role at Capital One 161 Bay Street (93021), Canada, Toronto, Ontario About Capital One Canada For over 20 years, we’ve been on a mission to change banking for good and build relationships by making credit accessible, simple, intuitive and rewarding. We want to help Canadians succeed with credit, because we believe in people — in our customers, in our associates…",Accounting & Finance Jobs,accounting-finance-jobs,,,2026-06-30T11:06:07Z,https://www.adzuna.ca/details/5782234876?utm_medium=api&utm_source=f5a79969
5657998802,"Senior/Lead Risk Analyst, Payment fraud",Snaplii,"Toronto Dominion Centre, City of Toronto",150000.0,200000.0,0,43.64837,-79.3819,"←Back to all jobs at Snaplii Senior/Lead Risk Analyst, Payment fraud Location: Toronto, Canada / On-site Department: Risk & Payments Compensation: $150K–$200K About the Role We are seeking a strategic and data-driven fraud and risk leader to join our Risk & Payments team. This role will shape and implement cutting-edge risk strategies that drive sustainable growth, minimize losses, and enhance the customer experience. The ideal candidate has direct experience in payment fraud detection and prev…",IT Jobs,it-jobs,,full_time,2026-03-07T15:23:15Z,https://www.adzuna.ca/details/5657998802?utm_medium=api&utm_source=f5a79969
5636487057,Senior Fraud Strategy Lead – Multi-Currency Wallet,Snaplii,"Etobicoke, Toronto",150000.0,250000.0,0,43.62626,-79.55605,"←Back to all jobs at Snaplii Senior Fraud Strategy Lead – Multi-Currency Wallet At Snaplii, risk management isn't a ""brake"" on growth—it’s the ""supercharger"" that enables our 300% explosive expansion. We aren't looking for analysts who just read reports; we want strategists who can reverse-engineer fraud loops and command AI to automatically sever risks. About Snaplii Snaplii is one of Canada’s fastest-growing fintech platforms, with $100M in annual transaction volume and 350,000 users across N…",IT Jobs,it-jobs,,full_time,2026-02-19T15:09:47Z,https://www.adzuna.ca/details/5636487057?utm_medium=api&utm_source=f5a79969
5782230785,"Principal Data Engineer, User Success (Agentic Experiences)",Autodesk,"Toronto, Ontario",,,0,43.706102,-79.402726,"Job Requisition ID  26WD98052 Position Overview At Autodesk, we do what no other company can: we help our customers design and make anything. The Experience Foundations team at Autodesk plays a critical role in designing the experiences that make that mission a reality, especially in this transformative moment where seamless digital experiences and AI‑powered innovation will empower customers and teams to achieve meaningful outcomes faster. The Principal Data Engineer will report to Director of…",Engineering Jobs,engineering-jobs,,,2026-06-30T11:05:24Z,https://www.adzuna.ca/details/5782230785?utm_medium=api&utm_source=f5a79969
5586555372,Senior FP&A Analyst,Corpay,"Toronto, Ontario",,,0,43.706102,-79.402726,"What We Need Corpay is currently looking to hire a Senior FP&A Analyst within our Business Intelligence division. The Senior FP&A Analyst plays a pivotal role in supporting the business and senior leadership by delivering key financial insights and reporting. This includes budgeting, forecasting, financial modeling, variance analysis, and identifying risks and opportunities. The role requires a deep understanding of business concepts, ensuring they are translated into meaningful financial analy…",Accounting & Finance Jobs,accounting-finance-jobs,,,2026-01-15T14:14:52Z,https://www.adzuna.ca/details/5586555372?utm_medium=api&utm_source=f5a79969
5183088497,Software Developer (Canada),Penlink,"Toronto, Ontario",,,0,43.706102,-79.402726,"PenLink is a technology company bringing clarity to complex data for people who need it now. We partner with law enforcement agencies across the United States, Canada, and Europe, offering a cloud-native software solution to manage data and aid investigators solving crimes. PenLink uses big-data and visualization technologies to support analysts who are improving the world and keeping safe the place we call home. We focus on creating products that positively impact our communities and being ""in…",IT Jobs,it-jobs,,full_time,2025-05-06T10:17:56Z,https://www.adzuna.ca/details/5183088497?utm_medium=api&utm_source=f5a79969
5775682723,"Intern, Investments (Fall 2026)",CAPREIT,"Berczy Park, City of Toronto",,,0,43.64796,-79.37341,"Title: Intern, Investments (Fall 2026) Reports To: Senior Investments Analyst Position Summary: The Investments Intern will be responsible for supporting the analysis and administrative work of the Investments Team. Key tasks will include preparing Weekly Team Agenda & Minutes, assisting with financial modelling, assisting in the preparation of the Investment Proposals, monitoring milestone dates, overseeing Due-Diligence Checklists, organizing & reviewing due-diligence materials, and ensuring …",Accounting & Finance Jobs,accounting-finance-jobs,contract,,2026-06-24T22:41:11Z,https://www.adzuna.ca/details/5775682723?utm_medium=api&utm_source=f5a79969
5786702018,Senior kdb Engineer,Data Intellect,"Toronto, Ontario",,,0,43.706102,-79.402726,"Job Description Job Description Company Description Join the world’s largest kdb Consultancy where every query matters, every millisecond counts and every system you build shapes the future of data-driven finance. At Data Intellect , we thrive on solving complex data challenges in high-stakes environments. We’re a team of engineers, problem-solvers and collaborators who believe in pushing boundaries, not egos. If you're a proficient kdb developer ready to lead, innovate and make an impact, we w…",IT Jobs,it-jobs,,,2026-07-03T06:05:56Z,https://www.adzuna.ca/details/5786702018?utm_medium=api&utm_source=f5a79969
5666145812,Data and AI Engineering Manager - Core Digital Products,Sanofi Group,"Toronto, Ontario",,,0,43.706102,-79.402726,"Reference No. R2844668 Position Title: Data and AI Engineering Manager - Core Digital Products Department: Data Mesh, Analytics & Governance Platforms Location: Toronto, ON About the Job Ready to grow your skills while helping shape the future of healthcare? At Sanofi, you'll be empowered to learn, ask questions, and bring your ideas to life - all while supported by inspiring mentors and collaborative team Sanofi has recently embarked into a vast and ambitious digital transformation program. A …",IT Jobs,it-jobs,,,2026-03-15T00:50:09Z,https://www.adzuna.ca/details/5666145812?utm_medium=api&utm_source=f5a79969
5773585126,"Senior Manager, Data Product",Scotiabank,"Toronto, Ontario",,,0,43.706102,-79.402726,"Requisition ID: 250075 Join a purpose driven winning team, committed to results, in an inclusive and high‑performing culture. The Role As the Senior Manager, Data Product, you will play a critical, hands‑on role in bringing our data products to life. Reporting to the Director, Data Product, you will be responsible for the day‑to‑day management and successful delivery of a specific data product, from gathering requirements to overseeing development and launch. You will work embedded within a cro…",IT Jobs,it-jobs,,,2026-06-23T09:50:05Z,https://www.adzuna.ca/details/5773585126?utm_medium=api&utm_source=f5a79969
5775369954,Senior Marketing Analyst,HelloFresh,"Toronto, Ontario",70000.0,80000.0,0,,,"S'more about the team We are seeking a highly analytical and data-driven Senior Marketing Analyst to be a cornerstone of our acquisition strategy across HelloFresh, Chefs Plate, and Factor. In our data-centric culture, your role will be vital in unearthing key insights to drive marketing success. You will collaborate closely with the Marketing Growth team to enhance analytical capabilities and champion a data-first approach to all marketing efforts. Success in this role requires working with va…","PR, Advertising & Marketing Jobs",pr-advertising-marketing-jobs,,,2026-06-24T17:05:28Z,https://www.adzuna.ca/details/5775369954?utm_medium=api&utm_source=f5a79969
5686175355,Senior Staff ML Engineer,Kaseya Careers,"Toronto, Ontario",200000.0,300000.0,0,43.706102,-79.402726,"About Kaseya Kaseya is the leading provider of AI-powered IT management and cybersecurity software, serving Managed Service Providers (MSPs) and internal IT organizations worldwide. Our comprehensive platform helps organizations efficiently manage, secure, and automate their IT environments, driving operational efficiency and long-term business success. Backed by Insight Partners , a leading global software investor, Kaseya has experienced sustained double-digit growth and continues to expand i…",IT Jobs,it-jobs,,full_time,2026-04-01T16:34:57Z,https://www.adzuna.ca/details/5686175355?utm_medium=api&utm_source=f5a79969
5786975470,"Senior Software Engineer, Backend (Consumer - Risk)",Coinbase,"Toronto, Ontario",,,0,43.706102,-79.402726,"Ready to do the most impactful work of your career? At Coinbase, we are uncompromising on our mission to increase economic freedom. The bar is high, the environment is intense, and we like it that way. This isn't a place for complacency; it’s a place to be pushed past your perceived limits. If you're ready to build the future of finance alongside people who refuse to settle for \""good enough\"", you belong here. Coinbase is a remote-first, but not remote-only company. Expect to get together quar…",IT Jobs,it-jobs,,,2026-07-03T11:08:09Z,https://www.adzuna.ca/details/5786975470?utm_medium=api&utm_source=f5a79969
5783441073,"Manager, Analytics and Insights",Klick Health,"Toronto, Ontario",,,0,43.706102,-79.402726,"Job Description Job Description Company Description The Klick Group —comprising Klick Health (including Klick Katalyst and btwelve), Klick Media Group, Klick Applied Sciences (including Klick Labs), Klick Consulting, and Klick Ventures—is an ecosystem dedicated to realizing the full potential of our people and clients in life sciences. Founded in 1997, we have offices in New York, Philadelphia, Saratoga Springs, Toronto, London, São Paulo, and Singapore. Consistently named a Best Managed Compan…",Consultancy Jobs,consultancy-jobs,,,2026-07-01T06:01:06Z,https://www.adzuna.ca/details/5783441073?utm_medium=api&utm_source=f5a79969
5773584567,"Senior Director, Product Management",Electronic Arts Inc.,"Toronto, Ontario",,,0,43.706102,-79.402726,"Job Overview EA’s Data & Analytics team is growing to better support our vast portfolio of game live services. Reporting to the Head of Data Products, the Senior Director of Product Management leads a team of product managers and oversees the delivery of leading‑edge next‑generation data products created within our team. In this leadership role, you will demonstrate your passion for product development by leading the strategy, roadmaps, and success of a portfolio of data products. You will coll…",IT Jobs,it-jobs,,full_time,2026-06-23T09:49:59Z,https://www.adzuna.ca/details/5773584567?utm_medium=api&utm_source=f5a79969
5791028468,"Senior Manager, Marketing Effectiveness",eBay Inc.,"Toronto, Ontario",,,0,43.706102,-79.402726,"About the Opportunity eBay is a global commerce leader that connects millions of buyers and sellers around the world. We are looking for an intellectually curious, business-savvy, and analytical leader with a deep understanding of marketing efficiency to join us as the Senior Manager, Marketing Efficiency . This key position makes you the main source on ""what worked and why."" You will analyze beyond simple data to uncover deep, causal insights about how marketing spending impacts brand strength…","PR, Advertising & Marketing Jobs",pr-advertising-marketing-jobs,,,2026-07-07T10:00:32Z,https://www.adzuna.ca/details/5791028468?utm_medium=api&utm_source=f5a79969
5791469200,Databrick Developer,CGI,"Toronto, Ontario",95000.0,145000.0,0,43.706102,-79.402726,"Position Description: This role is hybrid and requires you to be at our client's and/or downtown Toronto office at a minimum 2 days per week - subject to change at any time. We are seeking a skilled Databricks Developer to design, develop, and optimize scalable data solutions on the Databricks platform. The ideal candidate will be responsible for building and managing database schemas, developing procedures for Operational Data Store (ODS) environments using Databricks Delta Lake tables, and en…",IT Jobs,it-jobs,,full_time,2026-07-07T18:02:58Z,https://www.adzuna.ca/details/5791469200?utm_medium=api&utm_source=f5a79969
5666145654,Full-Stack C#/.Net Developer,Insight Global,"Toronto, Ontario",,,0,43.706102,-79.402726,"Job Description Enterprise reconciliation team is looking for full stack C#/.NET software developer to help develop new features in various data sourcing, reporting and Business intelligence in-house applications. The candidate must have strong experience with .NET, C#, SQL Server and ASP.NET technologies. Responsibilities - Work with business analysis and reconciliation lead to gather reconciliation and data requirements - Write high quality code that meets requirements for data sourcing compo…",IT Jobs,it-jobs,,,2026-03-15T00:49:55Z,https://www.adzuna.ca/details/5666145654?utm_medium=api&utm_source=f5a79969
5782236014,Marketing Science Lead (Media Analytics),Critical Mass,"Toronto, Ontario",,,0,43.706102,-79.402726,"Marketing Science Lead (Media Analytics) Toronto As a Marketing Science Lead, you are endlessly curious, always asking the next question to demonstrate the value of marketing science to internal and external stakeholders. With 5 to 8 years of experience leading media analytics projects, you have developed expertise in measurement, reporting, data integration, testing, data visualization, and statistical modeling. You optimize digital marketing through data-driven insights, enjoy cross-functiona…",IT Jobs,it-jobs,,,2026-06-30T11:06:18Z,https://www.adzuna.ca/details/5782236014?utm_medium=api&utm_source=f5a79969
5769856523,Manager BI & Analytics,Rogers,"Toronto, Ontario",,,0,43.706102,-79.402726,"Manager BI & Analytics We are committed to connecting Canadians through unique partnerships, our world-class network and content Canadians love-and our innovative team is growing. We are looking for dedicated team members to join our Corporate team who have a genuine passion for making positive impacts on customers and the communities where we live and work. We have a variety of business units with exciting and meaningful work waiting for you, including Communications, HR, Legal and Corporate A…",IT Jobs,it-jobs,,,2026-06-19T18:32:26Z,https://www.adzuna.ca/details/5769856523?utm_medium=api&utm_source=f5a79969
5773587375,Manager/ Sr. Manager - Data Product Manager,Tiger Analytics,"Toronto, Ontario",,,0,43.706102,-79.402726,"Tiger Analytics is an advanced analytics consulting firm. We are the trusted analytics partner for several Fortune 100 companies, enabling them to generate business value from data. Our consultants bring deep expertise in Data Science, Machine Learning, and AI. Our business value and leadership have been recognized by various market research firms, including Forrester and Gartner. We are seeking a strategic and execution-focused Data Product Manager to lead the development, modernisation, and s…",IT Jobs,it-jobs,,,2026-06-23T09:50:26Z,https://www.adzuna.ca/details/5773587375?utm_medium=api&utm_source=f5a79969
5381019787,Senior Associate/Cybersecurity & Incident Response (Forensic Services practice),Charles River Associates,"Toronto, Ontario",140000.0,190000.0,0,43.706102,-79.402726,"About Charles River Associates CRA is a leading global consulting firm that provides independent economic and financial analysis behind litigation matters, guides businesses through critical strategy and operational issues to become more profitable, and advises governments on the economic impact of policies and regulations. Our two main services – economic and management consulting – are delivered by practice groups that focus on specific areas of expertise or industries. Click here to learn ho…",IT Jobs,it-jobs,,,2025-09-03T05:57:31Z,https://www.adzuna.ca/details/5381019787?utm_medium=api&utm_source=f5a79969
5758134968,"Principal Data Engineer, User Success (Agentic Experiences)",Autodesk,"Toronto, Ontario",,,0,43.706102,-79.402726,"Job Requisition ID  26WD98052 Position Overview At Autodesk, we do what no other company can: we help our customers design and make anything. The Experience Foundations team at Autodesk plays a critical role in designing the experiences that make that mission a reality, especially in this transformative moment where seamless digital experiences and AI-powered innovation will empower customers and teams to achieve meaningful outcomes faster. The Principal Data Engineer will report to Director of…",Engineering Jobs,engineering-jobs,,,2026-06-10T01:33:27Z,https://www.adzuna.ca/details/5758134968?utm_medium=api&utm_source=f5a79969
5758134969,"Principal Data Engineer, User Success",Autodesk,"Toronto, Ontario",,,0,43.706102,-79.402726,"Job Requisition ID  26WD97991 Position Overview At Autodesk, we do what no other company can: we help our customers design and make anything. The Experience Foundations team at Autodesk plays a critical role in designing the experiences that make that mission a reality, especially in this transformative moment where seamless digital experiences and AI-powered innovation will empower customers and teams to achieve meaningful outcomes faster. The Principal Data Engineer will report to Director of…",Engineering Jobs,engineering-jobs,,,2026-06-10T01:33:27Z,https://www.adzuna.ca/details/5758134969?utm_medium=api&utm_source=f5a79969
5771311346,Business Analyst,Adastra Corporation,"Etobicoke, Toronto",,,0,43.65016,-79.53552,"Adastra is looking for a Business Analyst who turns complex enterprise data into clear, actionable solutions. You’ll map data flows, define requirements, and collaborate with business and technical teams to make sure reporting and analytics truly deliver value. If you enjoy solving complex problems with data and shaping how teams make decisions, this role puts you at the center of it all. Primary Location: Toronto, ON Work Model: Hybrid 3-Days Onsite Employment Type: Permanent Full-Time Vacancy…",IT Jobs,it-jobs,permanent,full_time,2026-06-20T22:31:37Z,https://www.adzuna.ca/details/5771311346?utm_medium=api&utm_source=f5a79969
5788422810,Payments Administrator,EQ Bank,"Toronto, Ontario",,,0,43.706102,-79.402726,"Join a Challenger At EQB, we're remaking banking so every Canadian gets ahead, every day. Serving nearly 4 million Canadians from coast to coast, we offer a wide variety of financial services from banking and lending, to trust and credit union solutions. And as the exclusive financial partner of Loblaw Companies Limited's PC Optimum™ loyalty program, we're woven into the daily lives of more than 18 million members across Canada. We've been at this since 1970, challenging the conventions of trad…",Accounting & Finance Jobs,accounting-finance-jobs,permanent,full_time,2026-07-04T18:05:44Z,https://www.adzuna.ca/details/5788422810?utm_medium=api&utm_source=f5a79969
5782249347,Senior Consultant – SICS Life & Reinsurance Systems (Canada),Wavestone North America,"Toronto, Ontario",,,0,43.706102,-79.402726,"Be part of a global consulting powerhouse, partnering with clients on their most critical strategic transformations. We are Wavestone. Energetic, solution-driven experts who focus as much on people as on performance and growth. Hand in hand, we share a deep desire to make a positive impact. We are an ambitious firm with a worldwide reach and an ever-expanding portfolio of clients, topics, and projects. In North America, Wavestone operates from hubs in New York City, Pittsburgh, Dallas and Toron…",IT Jobs,it-jobs,,,2026-06-30T11:09:28Z,https://www.adzuna.ca/details/5782249347?utm_medium=api&utm_source=f5a79969
5782232194,Associate Principal/Cybersecurity & Incident Response (Forensic Services practice),Charles River Associates,"Toronto, Ontario",,,0,43.706102,-79.402726,"Overview Associate Principal/Cybersecurity & Incident Response (Forensic Services practice) About Charles River Associates CRA is a leading global consulting firm that provides independent economic and financial analysis behind litigation matters, guides businesses through critical strategy and operational issues to become more profitable, and advises governments on the economic impact of policies and regulations. Our two main services – economic and management consulting – are delivered by pra…",IT Jobs,it-jobs,,,2026-06-30T11:05:39Z,https://www.adzuna.ca/details/5782232194?utm_medium=api&utm_source=f5a79969
5782230888,Data Platform & Analytics Engineer,Rumble,"Toronto, Ontario",,,0,43.706102,-79.402726,"Analytics Platform & Reliability Engineer Toronto Rumble is the Freedom-First technology platform. We proudly offer a video platform, cloud services, advertising solutions, and a non-custodial cryptocurrency wallet. Rumble is building the analytics and data platform that powers executive decision-making, operational intelligence, and product insights across the company. As we scale our data infrastructure and expand self-service analytics, we need a platform engineer to own the reliability, per…",IT Jobs,it-jobs,,,2026-06-30T11:05:25Z,https://www.adzuna.ca/details/5782230888?utm_medium=api&utm_source=f5a79969
5780322648,"Data Architect, IT Airline Operations",WestJet,"Toronto, Ontario",,,0,43.706102,-79.402726,"This position requires in-person collaboration up to five days a week. This arrangement is subject to change based on business requirements. Why WestJet Since our story took off in 1996, WestJet has strived to enrich the lives of everyone in our world; a career with us is no exception. We’re proud to be one of Canada’s most admired and respected corporate cultures and continuously aim for the highest standards of service and success. Join us, this is where your career story takes off. Overview …",IT Jobs,it-jobs,,,2026-06-28T10:51:43Z,https://www.adzuna.ca/details/5780322648?utm_medium=api&utm_source=f5a79969
5783754569,Technical Project Manager,Capgemini,"Toronto, Ontario",,,0,43.706102,-79.402726,"Choosing Capgemini means choosing a company where you will be empowered to shape your career in the way you’d like, where you’ll be supported and inspired by a collaborative community of colleagues around the world, and where you’ll be able to reimagine what’s possible. Join us and help the world’s leading organizations unlock the value of technology and build a more sustainable, more inclusive world.Job Summary:We are seeking an experienced Technical Project Manager with strong Big Data expert…",Engineering Jobs,engineering-jobs,,full_time,2026-07-01T10:00:20Z,https://www.adzuna.ca/details/5783754569?utm_medium=api&utm_source=f5a79969
5632235526,Analyst - Analytics Engineering - Toronto,Teragonia,"Toronto, Ontario",95000.0,105000.0,0,43.706102,-79.402726,"Location : Toronto Metropolitan Area Base Salary : $95,000 – $105,000 (CAD) Company Overview Teragonia is the AI Operating System for Private Equity, helping sponsors and their portfolio companies turn fragmented operational data into decisions that move EBITDA. We operate in the highest-pressure segment of enterprise performance, where outcomes are time-bound by a 3 to 5 year hold period and execution velocity defines returns. Through Astradis™, our AI platform, we unify structured and unstruc…",Consultancy Jobs,consultancy-jobs,,full_time,2026-02-16T15:03:32Z,https://www.adzuna.ca/details/5632235526?utm_medium=api&utm_source=f5a79969
5783786788,"Director, Planning",Hearts & Science,"Toronto, Ontario",,,0,43.706102,-79.402726,"Hearts & Science has been inspired by confident marketers seeking business advantage in a world of personalized digital marketing, where CRM and addressable channels converge, and decisions must be made in real time to aggregate effective reach and deliver the right message at the right time. Designed to inform brand strategies with real-time insights, Hearts & Science is a data-driven marketing agency with expert media planning and buying capabilities, among other services that include shopper…","PR, Advertising & Marketing Jobs",pr-advertising-marketing-jobs,,,2026-07-01T10:04:38Z,https://www.adzuna.ca/details/5783786788?utm_medium=api&utm_source=f5a79969
5710514517,Clinical Data Scientist,Sanofi,"Toronto, Ontario",,,0,43.706102,-79.402726,"Reference no. R2853801 Job Title: Clinical Real World Data Scientist Department: Digital RWD & Health Intelligence (Digital RWD & HI) Location: Toronto, ON About the Job Join the team protecting half a billion lives every year with next-gen science, mRNA innovation, and AI-driven breakthroughs. In Vaccines, you’ll help advance prevention on a global scale - and shape the future of immunization. The Data Assessment Center of Excellence (CoE) is a specialized team within Sanofi's Digital RWD & HI…",Scientific & QA Jobs,scientific-qa-jobs,,full_time,2026-04-25T16:34:49Z,https://www.adzuna.ca/details/5710514517?utm_medium=api&utm_source=f5a79969
5786974993,"Data Architect, IT Airline Operations",Westjet-Airline,"Toronto, Ontario",,,0,43.706102,-79.402726,"Job Description This position requires in‑person collaboration up to five days a week. This arrangement is subject to change based on business requirements. Overview of Role The Data Architect has end‑to‑end responsibility for ensuring the completeness and integrity of data architecture within Airline Operations. Operating within the domain‑aligned data product model, the role is a shared, cross‑pod resource that designs the conceptual, logical, and physical data architectures enabling each dom…",IT Jobs,it-jobs,,,2026-07-03T11:07:01Z,https://www.adzuna.ca/details/5786974993?utm_medium=api&utm_source=f5a79969
5784490188,"Mgr, Credit Perf & Gov",Rogers,"Toronto, Ontario",,,0,43.706102,-79.402726,"Mgr, Credit Perf & Gov Looking to join a growing financial services team? Rogers Bank, a subsidiary of Canada's leading wireless, cable and media company, is expanding and seeking passionate individuals to develop and implement innovative financial solutions and experiences. The bank offers unique cash-back benefits and financing options for Rogers purchases using cutting-edge technology. Interested? Take the next step and consider this opportunity to make a meaningful impact with Rogers Bank. …",Accounting & Finance Jobs,accounting-finance-jobs,,,2026-07-01T18:32:00Z,https://www.adzuna.ca/details/5784490188?utm_medium=api&utm_source=f5a79969
5442628137,Associate Principal/Cybersecurity & Incident Response (Forensic Services practice),Charles River Associates,"Toronto, Ontario",175000.0,225000.0,0,43.706102,-79.402726,"About Charles River Associates CRA is a leading global consulting firm that provides independent economic and financial analysis behind litigation matters, guides businesses through critical strategy and operational issues to become more profitable, and advises governments on the economic impact of policies and regulations. Our two main services – economic and management consulting – are delivered by practice groups that focus on specific areas of expertise or industries. Click here to learn ho…",IT Jobs,it-jobs,,,2025-10-11T05:23:06Z,https://www.adzuna.ca/details/5442628137?utm_medium=api&utm_source=f5a79969
5750952027,"Senior Manager, Marketing Effectiveness",eBay,"Toronto, Ontario",,,0,43.706102,-79.402726,"At eBay, we're more than a global ecommerce leader — we’re changing the way the world shops and sells. Our platform empowers millions of buyers and sellers in more than 190 markets around the world. We’re committed to pushing boundaries and leaving our mark as we reinvent the future of ecommerce for enthusiasts. Our customers are our compass, authenticity thrives, bold ideas are welcome, and everyone can bring their unique selves to work — every day. We're in this together, sustaining the futur…","PR, Advertising & Marketing Jobs",pr-advertising-marketing-jobs,,full_time,2026-06-03T16:46:05Z,https://www.adzuna.ca/details/5750952027?utm_medium=api&utm_source=f5a79969
5786696724,"Senior Technical Specialist, Data Automation",Ontario Medical Association,"Toronto, Ontario",,,0,43.706102,-79.402726,"Job Description Job Description Are you looking to join one of Greater Toronto’s Top 2026 Employers? The Ontario Medical Association (OMA) advocates for and supports doctors, seeking to strengthen their leadership role in caring for patients. We continually seek to be the trusted voice in transforming Ontario’s health-care system by courageously pursuing best practices, new ideas, solutions, and opportunities to improve. Job summary The Senior Technical Specialist, Data Automation is a vital me…",IT Jobs,it-jobs,permanent,,2026-07-03T06:00:12Z,https://www.adzuna.ca/details/5786696724?utm_medium=api&utm_source=f5a79969
5302294488,25-063 Business Analyst,Morson,"Toronto, Ontario",166400.0,197600.0,0,43.706102,-79.402726,"Job Description 25-063 Business Analyst Resume Due Date: Wed, July 16th 2025 Number of Vacancies: 1 Level: MP5 Hourly Rate: $80 - $95/hour INC Duration: 12 Months Hours: 35 Location: 700 University Avenue (Hybrid – 2 days remote) Job Overview The ERP Program Business Analyst, reporting into the Digital Technology & Services (DT&S) department, is a vital member of the ERP (Enterprise Resource Planning) Program. This role encompasses pre-planning, feasibility assessment, strategy development, com…",IT Jobs,it-jobs,contract,,2025-07-14T15:25:46Z,https://www.adzuna.ca/details/5302294488?utm_medium=api&utm_source=f5a79969
5780535439,Automation Support Analyst (Site Reliability Engineering),OMERS,"Toronto, Ontario",72000.0,108000.0,0,43.706102,-79.402726,"Choose a workplace that empowers your impact. Join a global workplace where employees thrive. One that embraces diversity of thought, expertise and experience. A place where you can personalize your employee journey to be — and deliver — your best. We are a purpose-driven, dynamic and sustainable pension plan. An industry leading global investor with teams in Toronto to London, New York, Singapore, Sydney and other major cities across North America and Europe. We embody the values of our 665,00…",IT Jobs,it-jobs,,full_time,2026-06-28T17:15:21Z,https://www.adzuna.ca/details/5780535439?utm_medium=api&utm_source=f5a79969
5773588665,Data Architect,Zurich NA,"Toronto, Ontario",,,0,43.706102,-79.402726,"Data Architect The Opportunity Are you looking for a caring, collaborative, values-driven workplace with inspiring teammates and leaders? Do you have the ambition and desire to be the best and thrive at the most impactful global insurance provider in the world? Look no further than Zurich Canada. If you have experience in building data-centric solutions and interface with vendors and the enterprise architecture community to support the design of compliant solutions which meet business needs. Zu…",IT Jobs,it-jobs,,,2026-06-23T09:50:38Z,https://www.adzuna.ca/details/5773588665?utm_medium=api&utm_source=f5a79969
5710061721,Clinical Data Scientist,Sanofi Group,"Toronto, Ontario",,,0,43.706102,-79.402726,"Reference no. R2853801 Job Title: Clinical Real World Data Scientist Department: Digital RWD & Health Intelligence (Digital RWD & HI) Location: Toronto, ON About the Job Join the team protecting half a billion lives every year with next-gen science, mRNA innovation, and AI-driven breakthroughs. In Vaccines, you'll help advance prevention on a global scale - and shape the future of immunization. The Data Assessment Center of Excellence (CoE) is a specialized team within Sanofi's Digital RWD & HI…",Scientific & QA Jobs,scientific-qa-jobs,,,2026-04-25T01:08:16Z,https://www.adzuna.ca/details/5710061721?utm_medium=api&utm_source=f5a79969
5782244546,Transaction Strategy Senior Consultant,AON,"Toronto, Ontario",,,0,43.706102,-79.402726,"Overview Aon is looking for a Senior Consultant, Transaction Strategy. Location: New York, NY; Metro New York; Toronto, ON. Practice: Transaction Strategy, Talent Practice. Reports to: Director (with significant autonomy and responsibility for guiding Consultants and Analysts). As a Senior Consultant in Aon’s Transaction Strategy (TS) practice, you will play a key leadership role on project teams, shaping human capital solutions that support complex business transformations (M&A, divestitures, …",HR & Recruitment Jobs,hr-jobs,,part_time,2026-06-30T11:08:03Z,https://www.adzuna.ca/details/5782244546?utm_medium=api&utm_source=f5a79969
5773596516,"Director, Fintech & Risk Analytics",Jobber,"Toronto, Ontario",,,0,43.706102,-79.402726,"Do you want to build the risk and analytics engine behind financial products that help hundreds of thousands of small businesses stay in business longer? Then Jobber might be the place for you! We’re looking for a Director, FinTech & Risk Analytics to be part of our Strategy & Analytics department. Jobber exists to help people in small businesses be successful. We work with small home service businesses, like your local plumbers, painters, and landscapers, to transform the way service is delive…",IT Jobs,it-jobs,,,2026-06-23T09:51:47Z,https://www.adzuna.ca/details/5773596516?utm_medium=api&utm_source=f5a79969
5782244614,"Senior Frontend Engineer, Crypto and Alternative Trading Products",Questrade Financial Group,"Toronto, Ontario",,,0,43.706102,-79.402726,"Senior Frontend Engineer, Crypto and Alternative Trading Products Join to apply for the Senior Frontend Engineer, Crypto and Alternative Trading Products role at Questrade Financial Group Senior Frontend Engineer, Crypto and Alternative Trading Products Join to apply for the Senior Frontend Engineer, Crypto and Alternative Trading Products role at Questrade Financial Group Get AI-powered advice on this job and more exclusive features. Questrade Financial Group (QFG), through its companies - Que…",IT Jobs,it-jobs,contract,full_time,2026-06-30T11:08:04Z,https://www.adzuna.ca/details/5782244614?utm_medium=api&utm_source=f5a79969
5701675951,Principal Data Scientist,Questrade Financial Group,"Toronto, Ontario",,,0,43.706102,-79.402726,"What’s in it for you as an employee of QFG? Health & wellbeing resources and programs Paid vacation, personal, and sick days for work-life balance Competitive compensation and benefits packages Work-life balance in a hybrid environment with at least 3 days in office Career growth and development opportunities Opportunities to contribute to community causes Work with diverse team members in an inclusive and collaborative environment What’s it like working in Growth Portfolio? Most financial inst…",IT Jobs,it-jobs,permanent,full_time,2026-04-16T16:22:05Z,https://www.adzuna.ca/details/5701675951?utm_medium=api&utm_source=f5a79969
5789950272,"Manager, Lending Strategy Reporting & Insights",BMO Financial,"Toronto, Ontario",,,0,43.706102,-79.402726,"Application Deadline: 07/26/2026 Address: 33 Dundas Street West Job Family Group: Audit, Risk & Compliance Join a pioneering team shaping the future of Canadian Retail Credit Strategies. We're building next-generation, end-to-end credit solutions that span the entire lifecycle-from acquisition and account management to collections-anchored in a holistic Lending Decision Strategy and aligned with Canadian Personal & Business Banking (P&BB) priorities. Our approach combines cutting-edge decisioni…",Accounting & Finance Jobs,accounting-finance-jobs,,part_time,2026-07-06T09:56:42Z,https://www.adzuna.ca/details/5789950272?utm_medium=api&utm_source=f5a79969
5774055950,"Manager, Lending Strategy Reporting & Insights",BMO,"Toronto, Ontario",,,0,43.706102,-79.402726,"Application Deadline: 07/26/2026 Address: 33 Dundas Street West Job Family Group: Audit, Risk & Compliance FutureofRetailLending Join a pioneering team shaping the future of Canadian Retail Credit Strategies. We're building next-generation, end-to-end credit solutions that span the entire lifecycle-from acquisition and account management to collections-anchored in a holistic Lending Decision Strategy and aligned with Canadian Personal & Business Banking (P&BB) priorities. Our approach combines …",Accounting & Finance Jobs,accounting-finance-jobs,,,2026-06-23T18:35:03Z,https://www.adzuna.ca/details/5774055950?utm_medium=api&utm_source=f5a79969
5789399780,"Senior Risk Analyst, CCR Analytics",Bank of Montreal,"Toronto, Ontario",67200.0,124200.0,0,43.706102,-79.402726,"Application Deadline: 07/07/2026 Address: 250 Yonge Street Job Family Group: Data Analytics & Reporting Role (Title): Senior Analyst, Counterparty Credit Risk Analytics Group/LOB: Market Risk Location (City): 250 Yonge Street, Toronto Start Date: ASAP End Date: Oct 31, 2026 Job Type: Contract (Fixed- Term) Mode: Hybrid : KEY ACCOUNTABILITIES ROLE DEFINITION General Accountabilities Supports the research and development of quantitative risk modeling methodologies and related strategies in suppor…",Accounting & Finance Jobs,accounting-finance-jobs,contract,full_time,2026-07-05T18:02:55Z,https://www.adzuna.ca/details/5789399780?utm_medium=api&utm_source=f5a79969
5645787255,Data Architect (6-Month Term),Zurich NA,"Toronto, Ontario",,,0,43.706102,-79.402726,"Data Architect (6-Month Term) 131337 The Oppportunity Are you looking for a caring, collaborative, values-driven workplace with inspiring teammates and leaders? Do you have the ambition and desire to be the best and thrive at the most impactful global insurance provider in the world? Look no further than Zurich Canada. If you have experience in building data-centric solutions and interface with vendors and the enterprise architecture community to support the design of compliant solutions which …",IT Jobs,it-jobs,,,2026-02-25T23:42:46Z,https://www.adzuna.ca/details/5645787255?utm_medium=api&utm_source=f5a79969
5690030022,Fraud Analyst,Meridian Credit Union Limited,"Etobicoke, Toronto",59800.0,89800.0,0,43.64516,-79.52175,"About this opportunity At Meridian our aspiration is to integrate our purpose into everything we do for people, the planet, and communities. We believe that our greatest opportunity is to create opportunity and meet people where they are. Reporting to the Manager, Fraud Analytics, this role is responsible to provide analysis, insights, and intelligence to aid in the delivery of a proactive fraud prevention and detection strategy, in line with policy, risk appetite, and appropriate standards. Th…",IT Jobs,it-jobs,,full_time,2026-04-04T16:11:50Z,https://www.adzuna.ca/details/5690030022?utm_medium=api&utm_source=f5a79969
5739141918,Business Optimization Analyst,DUCA Financial Services Credit Union,"North York, Toronto",64023.0,80029.0,0,43.768448,-79.40874,"Why DUCA? We’re a vibrant, exciting credit union that lives its ""profits with a purpose"" philosophy in every financial transaction, product, interest rate, and community initiative we offer. Founded in 1954, DUCA has grown from a single branch credit union in Toronto to 19 branches across Southern Ontario with over 85,000 Members we are proud to serve. We exist to help People, Businesses and Communities Do More, Be More, and Achieve More™ . DUCA ( www.duca.com ) is distinguished for the followi…",IT Jobs,it-jobs,,full_time,2026-05-23T16:51:45Z,https://www.adzuna.ca/details/5739141918?utm_medium=api&utm_source=f5a79969
5771663867,Business Optimization Analyst,DUCA Financial Services Credit Union Ltd.,"Toronto, Ontario",,,0,43.706102,-79.402726,"Job Description Job Description Why DUCA? We’re a vibrant, exciting credit union that lives its ""profits with a purpose"" philosophy in every financial transaction, product, interest rate, and community initiative we offer. Founded in 1954, DUCA has grown from a single branch credit union in Toronto to 19 branches across Southern Ontario with over 85,000 Members we are proud to serve. We exist to help People, Businesses and Communities Do More, Be More, and Achieve More™ . DUCA (www.duca.com) is…",IT Jobs,it-jobs,,full_time,2026-06-21T06:34:42Z,https://www.adzuna.ca/details/5771663867?utm_medium=api&utm_source=f5a79969
5791030268,"VP, Data & Analytics (Toronto)",Scribd,"Toronto, Ontario",,,0,43.706102,-79.402726,"Scribd, Inc. is on a mission to advance human understanding. Our four products — Scribd, Slideshare, Everand, and Fable — help billions of people across the globe move beyond access and into insight, application, and expertise. Culture at Scribd, Inc. We support a culture where our employees can be real and be bold; where we debate and commit as we embrace plot twists; and where every employee is empowered to take action as we prioritize the customer. We believe the best work happens when indiv…",IT Jobs,it-jobs,,,2026-07-07T10:00:43Z,https://www.adzuna.ca/details/5791030268?utm_medium=api&utm_source=f5a79969
5766697949,Analyst - Analytics Engineering - Toronto,Teragonia,"Toronto, Ontario",,,0,43.706102,-79.402726,"Job Description Job Description:\n\nLocation: Toronto Metropolitan Area Base Salary: $95,000 – $105,000 (CAD) Company Overview Teragonia is the AI Operating System for Private Equity, helping sponsors and their portfolio companies turn fragmented operational data into decisions that move EBITDA. We operate in the highest-pressure segment of enterprise performance, where outcomes are time-bound by a 3 to 5 year hold period and execution velocity defines returns. Through Astradis™, our AI platfor…",Consultancy Jobs,consultancy-jobs,,,2026-06-17T07:02:20Z,https://www.adzuna.ca/details/5766697949?utm_medium=api&utm_source=f5a79969
5694206058,Chef d'quipe des donnes (Data Team Lead),IQVIA,"Toronto, Ontario",,,0,43.706102,-79.402726,"French Version Aperçu du poste  Gérer de manière autonome la réalisation de bout en bout des services de gestion des données pour des projets à service unique ou multiple, en veillant à ce que les produits livrés soient de qualité, dans le respect des délais et du budget, et à la satisfaction du client. Fournir une expertise complète en matière de gestion des données à l'équipe de gestion des données cliniques (GDC) afin de fournir des produits de gestion des données de haute qualité qui répond…",Healthcare & Nursing Jobs,healthcare-nursing-jobs,,,2026-04-09T01:27:07Z,https://www.adzuna.ca/details/5694206058?utm_medium=api&utm_source=f5a79969
